group,total_income,salary,dividend,interest,rental,business,other,withholding_tax,salary_ratio,dividend_ratio,interest_ratio,rental_ratio,business_ratio,other_ratio,shannon_entropy,tax_burden_rate
low,241202,52594,79724,39634,5657,61016,2573,10532,0.21804960157875972,0.33052793923765145,0.16431870382500974,0.023453371033407684,0.2529663933134883,0.01066740740126533,2.133624264441063,0.04366464623013076
low,217835,10423,202315,3963,0,874,257,9456,0.04784814194229577,0.9287534142814515,0.018192668763054604,0.0,0.004012211077191452,0.0011797920444373035,0.45744981078152724,0.0434090022264558
low,155508,45969,81810,24539,281,874,2033,8631,0.2956053707847828,0.5260822594335983,0.15779895568073668,0.0018069809913316356,0.0056202896314016,0.013073282403477635,1.5678703713521283,0.05550196774442472
low,265692,92425,119491,4821,0,1587,47365,15871,0.3478651972961173,0.4497350315402797,0.018145070231696852,0.0,0.005973081613296599,0.17827032804901916,1.641009084766164,0.05973457988949611
low,150834,37951,77978,27733,0,0,7169,6225,0.25160772770065104,0.5169789304798653,0.1838643807099195,0.0,0.0,0.04752907169471074,1.6510865301202313,0.04127053582083615
low,127029,10355,92682,18339,308,630,4712,6167,0.08151681899408797,0.7296129230333231,0.14436860874288548,0.0024246431917121286,0.004959497437592991,0.037093891945933606,1.265082524351468,0.048547969361326944
low,204746,34005,146761,21852,901,0,1225,11499,0.1660838306975472,0.7167954441112403,0.10672735975305989,0.004400574370195266,0.0,0.005983022867357604,1.1976323641429356,0.05616226934836334
low,285178,57273,191588,27616,0,251,8448,12673,0.20083246253217288,0.6718190042710167,0.09683776448393634,0.0,0.0008801520453891955,0.029623603503776588,1.3361551770523579,0.044438911837519024
low,172408,24404,118124,937,25496,15,3428,7023,0.14154795601132197,0.6851422207786182,0.005434782608695652,0.1478817688274326,8.700292329822282e-05,0.01988306807108719,1.3352468096650658,0.040734768688227924
low,202561,102175,77284,10329,4,7,12758,11052,0.5044159537127088,0.3815344513504574,0.050992046840211094,1.9747137899200735e-05,3.4557491323601285e-05,0.06298349632950075,1.4993868631274558,0.05456134201549163
low,346565,43799,220587,77766,0,4287,124,15432,0.12638033269372267,0.6364953183385512,0.2243908069193369,0.0,0.012369973886572504,0.00035779723861324714,1.3582447761280145,0.04452844343773895
low,129286,32152,73082,10197,0,6253,7599,6607,0.24868895317358414,0.5652738888974831,0.07887164890243337,0.0,0.0483656389709636,0.05877666568692666,1.705152411257653,0.051103754466840956
low,103955,30071,30381,35944,3822,3451,283,6026,0.2892693954114761,0.29225145495647153,0.3457649944687605,0.036765908325717855,0.03319705641864268,0.002722331778173248,1.9275695610219687,0.05796738973594344
low,222334,34786,153647,6752,0,14,27132,12669,0.1564583014743584,0.6910638948608849,0.030368724531560625,0.0,6.296832693155343e-05,0.12203261759335055,1.311421562892293,0.056981838135417885
low,274726,177648,71110,12790,0,2548,10626,13695,0.646637012878286,0.25883971666314803,0.04655547709354047,0.0,0.009274695514803841,0.03867853788865997,1.361543149374636,0.049849668396875435
low,253970,26705,125533,23001,17843,133,60752,15068,0.10515021459227468,0.49428278930582353,0.09056581486002284,0.07025632948773478,0.0005236838996731897,0.2392093554356814,1.9264883888586668,0.05932984210733551
low,140926,16910,93627,18186,530,0,11670,7724,0.11999205256659523,0.6643699530249918,0.1290464499098818,0.0037608390218980174,0.0,0.08280941770858465,1.4681163924907146,0.05480890680215148
low,304957,95079,172124,13076,8687,629,15358,17051,0.3117783818702309,0.5644205576523903,0.042878176267473776,0.02848598326977246,0.0020625858727623893,0.05036119846404575,1.5665553970997892,0.05591280082109937
low,174311,62002,97636,7322,20,0,7328,7724,0.35569757502395144,0.5601252932976117,0.04200538118649999,0.00011473745202540288,0.0,0.042039802422107614,1.3846228278852546,0.04431160397221059
low,147644,17241,88730,30904,9788,18,961,6137,0.1167741323724635,0.6009726097911192,0.2093142965511636,0.06629460052558858,0.00012191487632413102,0.006508899785971661,1.5839518925139304,0.041566199777844
low,242002,91291,107558,19384,607,31,23128,12640,0.37723241956678044,0.44445087230684044,0.08009851158254891,0.0025082437335228634,0.00012809811489161246,0.09556945810365204,1.6893063176984813,0.05223097329774134
low,107684,14435,43955,43535,2,122,5632,4404,0.13404962668548717,0.4081850599903421,0.4042847591099885,1.857286133501727e-05,0.0011329445414360536,0.05230117751940864,1.6785403202033584,0.04089744065970803
low,351940,23260,221539,86282,275,2252,18330,18605,0.06609081093368188,0.6294794567255783,0.24516110700687618,0.0007813831903165313,0.006398817980337558,0.05208274137637097,1.4533497654856917,0.0528641245666875
low,464130,146335,247706,33278,5390,0,31418,25388,0.3152888199426885,0.5336996100230539,0.07169973929717967,0.011613125632904574,0.0,0.06769224139788421,1.618734547230601,0.054700191756619915
low,214861,27954,154389,1693,0,10116,20707,9037,0.13010271757089467,0.7185529249142469,0.007879512801299445,0.0,0.047081601593588415,0.09637393477643685,1.313338856478087,0.04205975025714299
low,121355,20774,72490,8227,0,13884,5977,5565,0.17118371719335834,0.5973383873758806,0.06779283919080384,0.0,0.11440814140332084,0.049252193976350375,1.7149432090474201,0.0458571958304149
low,278256,158729,99677,17862,4,147,1834,14570,0.5704423264907136,0.35822048760853314,0.06419268587200276,1.4375251566902421e-05,0.000528290495083664,0.00659105284342476,1.3005566743026453,0.05236185383244207
low,197043,22880,81728,41486,34655,88,16203,9553,0.11611678669122984,0.4147724100830783,0.2105428764279878,0.17587531655526967,0.00044660302573549935,0.08223078211354883,2.102889079580021,0.04848180346421847
low,163367,25874,76295,46086,13543,21,1545,6574,0.1583795993070816,0.4670159824199502,0.28210103631700406,0.0828992391364229,0.00012854493257512226,0.00945723432516971,1.8121624496066138,0.04024068508327875
low,269157,49751,170359,37042,133,360,11508,11010,0.18484007475191058,0.6329354243062599,0.13762227993327314,0.0004941353930977087,0.0013375093347005652,0.04275571506592806,1.474264584158429,0.040905493819592284
low,202085,28649,110955,13463,37,37392,11586,9334,0.14176707820966425,0.5490511418462528,0.06662048148056511,0.0001830912734740332,0.18503105129029865,0.05733231066135537,1.8239610461057545,0.04618848504342232
low,114999,26340,64873,17634,4201,0,1948,6870,0.22904546996060834,0.5641179488517292,0.15334046383012026,0.03653075244132558,0.0,0.01693927773284985,1.6418426907785537,0.05973964990999922
low,356957,112538,127900,60712,2,0,55803,21393,0.31527046675089715,0.35830646268318034,0.17008211073042412,5.60291575736013e-06,0.0,0.15632975400398366,1.9089117488154008,0.05993158839860263
low,221061,88122,97531,13198,12346,7,9854,9344,0.39863205178661093,0.44119496428587585,0.05970297791107432,0.05584883810350989,3.1665467902524644e-05,0.04457593153021112,1.7254974903285112,0.04226887601159861
low,104303,16023,72234,8131,1517,0,6396,5640,0.15361974248104082,0.6925400036432318,0.07795557174769661,0.014544164597374955,0.0,0.06132134262677008,1.4049438404088066,0.054073228957939846
low,313641,73937,206046,4362,15960,1472,11861,17955,0.23573767460249137,0.6569485494562254,0.013907620496044841,0.05088620429089309,0.004693263954648787,0.03781712212370194,1.4090619038853323,0.057246979827254726
low,352372,71853,242105,36714,218,0,1479,15073,0.20391234263789404,0.6870721850771344,0.1041910253936181,0.0006186643660676784,0.0,0.0041972687954775064,1.21947800351445,0.04277581646668861
low,232339,16754,118920,95303,0,1,1358,9854,0.07211014939377375,0.5118383052350229,0.41018942149187176,0.0,4.304055711697132e-06,0.005844907656484706,1.3389123888960406,0.04241216498306354
low,174026,16217,118354,24996,148,13954,354,9767,0.09318722489742912,0.6800937790904807,0.14363370990541643,0.0008504476342615471,0.08018342086814614,0.002034178800868836,1.4181934459139953,0.056123797593463046
low,201100,16785,89726,82914,2,0,11670,10101,0.08346593734460467,0.4461760318249627,0.41230233714569864,9.945300845350572e-06,0.0,0.058030830432620584,1.584035636241321,0.050228741919443064
low,174628,25804,136500,11295,0,7,1019,9058,0.14776553588198915,0.781661589206771,0.06468034908491192,0.0,4.008520970291133e-05,0.005835261241038093,0.9848291758255004,0.051870261355567264
low,137708,32334,52849,47373,0,10,5139,6489,0.23480117349754553,0.38377581549365325,0.3440105150027595,0.0,7.261742237197549e-05,0.0373180933569582,1.7287289915566513,0.04712144537717489
low,296713,78365,193434,24146,0,3,763,14303,0.2641104366846077,0.6519229019287999,0.08137830159109982,0.0,1.0110780451143024e-05,0.002571508494740709,1.2265003107980665,0.048204830930899556
low,153938,43789,77291,7703,7424,857,16871,7154,0.284458678169133,0.502091751224519,0.050039626343073185,0.0482272083566111,0.005567176395691772,0.10959607114552612,1.8334234483824576,0.04647325546648651
low,159799,108209,43502,5900,0,1567,619,7422,0.6771569283912916,0.2722294882946702,0.03692138248674898,0.0,0.00980606887402299,0.0038736162303894266,1.1640485681447332,0.046445847596042526
low,272066,39840,205338,14255,0,11413,1216,15988,0.14643505619959862,0.7547359831805518,0.052395374651738914,0.0,0.04194937992986996,0.004469503723361243,1.1619851746593703,0.05876515257327266
low,523476,114490,373808,22230,0,4679,8267,25047,0.21871107748970345,0.7140881339354622,0.042466130252389794,0.0,0.008938327640617716,0.01579251006731923,1.1754200921797124,0.047847465786397085
low,250205,29358,142481,43076,0,109,35178,10593,0.11733578465658161,0.5694570452229172,0.17216282648228454,0.0,0.0004356427729262005,0.14059671069722826,1.665091352045164,0.04233728342758938
low,141109,30612,83142,22018,3787,0,1546,5738,0.21693867861015242,0.5892040904548965,0.15603540525409434,0.026837409378565505,0.0,0.01095606942151103,1.5575407919851563,0.040663600479062284
low,325669,111217,128318,65599,0,3870,16662,14666,0.3415031826793462,0.39401355363881735,0.20142844421790224,0.0,0.011883231133451449,0.051162376523402595,1.8198195604614293,0.04503345421271291
low,165520,28542,123900,12126,0,883,66,9706,0.17243837602706621,0.7485500241662639,0.07326002899951667,0.0,0.005334702754954084,0.0003987433542774287,1.0710763917008161,0.058639439342677624
low,78027,23437,25515,5350,0,4265,19456,3315,0.30037038461045534,0.32700219154907917,0.06856600920194292,0.0,0.05466056621425917,0.249349584118318,2.0424797226108002,0.04248529355223192
low,125342,60105,44839,18705,0,275,1416,6862,0.47952801136091655,0.3577332418502976,0.1492317020631552,0.0,0.0021939972235962405,0.011297091158590098,1.540977887422437,0.05474621435751783
low,156621,14029,106560,25543,9065,1391,30,6822,0.08957291806335038,0.6803685329553508,0.16308796393842462,0.057878573115993384,0.008881312212283155,0.0001915451950887812,1.4173095806691427,0.04355737736318884
low,116663,21120,85996,9425,0,4,115,5984,0.1810342610767767,0.7371317384260648,0.08078825334510513,0.0,3.4286791870601646e-05,0.0009857452662797974,1.07430267926141,0.051293040638420065
low,209907,144880,32424,7550,5793,169,19087,8502,0.6902104265222218,0.1544684074375795,0.03596830977528143,0.02759793622890137,0.0008051184572215314,0.09093074552063533,1.4237164010482688,0.04050365161714473
low,214526,88987,106231,15114,0,3298,893,11679,0.41480752915730496,0.4951893942925333,0.07045299870411978,0.0,0.015373427929481742,0.004162665597643176,1.4238459496406084,0.054440953544092556
low,147765,42102,95499,8907,0,4,1252,7156,0.2849253882854533,0.6462897167800223,0.060278144350827324,0.0,2.7070009812878557e-05,0.008472913071430988,1.2260864605521924,0.04842824755523974
low,135912,14311,63474,38823,25,30,19245,7797,0.10529607393019012,0.46702277944552356,0.28564806639590323,0.00018394255106245216,0.0002207310612749426,0.14159897580787567,1.775592762200859,0.05736800282535758
low,112363,30916,39446,41982,0,0,17,4759,0.27514395308064044,0.35105862250028924,0.373628329610281,0.0,0.0,0.00015129535523259436,1.5750146757261638,0.04235379973834803
low,258748,15319,191140,19642,0,16309,16335,11257,0.059204322352250066,0.7387110238533244,0.07591169786819608,0.0,0.06303043888261939,0.06313092275109373,1.3495187401875912,0.0435056502852196
low,244136,43618,163344,17328,0,33,19809,12531,0.17866271258642724,0.6690696988563751,0.07097683258511649,0.0,0.00013517056067110137,0.08113920110102565,1.3984543751001839,0.05132794835665367
low,214085,112136,71258,30100,6,51,530,11681,0.5237919517948478,0.33284910199219936,0.14059836046430157,2.8026251255342506e-05,0.0002382231356704113,0.002475652194221921,1.4395822801672706,0.054562440152275966
low,107692,43581,32799,11254,0,31,20025,4706,0.40468187051963006,0.3045630130371801,0.10450172714779185,0.0,0.0002878579653084723,0.18594695984845672,1.8457436675761276,0.04369869628198938
low,244689,75460,97756,56452,0,6,15012,10671,0.3083914683537061,0.39951121627862307,0.23070918594624196,0.0,2.4520922477103587e-05,0.06135134803771318,1.7877905396154805,0.04361046062552873
low,302426,91387,137074,41474,15345,12631,4512,12320,0.30217970677124323,0.4532480672958013,0.137137679961379,0.05073968507998651,0.04176558893745908,0.014919352172101606,1.9323180494546226,0.04073723820041927
low,181570,15901,152781,7631,0,967,4288,10480,0.08757503992950377,0.8414440711571295,0.042027868039874426,0.0,0.005325769675607204,0.023616236162361623,0.877272491021835,0.05771878614308531
low,329680,20664,194307,60315,1608,641,52142,18252,0.06267896141713176,0.5893806115020626,0.18295013346275177,0.004877456927930114,0.0019443096335840814,0.1581594273234652,1.6240693810924443,0.05536277602523659
low,201494,27656,115005,45371,0,0,13460,8939,0.1372547073361986,0.5707614122504888,0.22517295800371226,0.0,0.0,0.0668009965557287,1.6001271437435571,0.044363603879023696
low,143314,22881,41133,70037,7063,900,1297,6364,0.1596564187727647,0.2870131320038517,0.4886961497132171,0.049283391713300866,0.006279916825990483,0.009050057914788506,1.7656726913398704,0.04440598964511492
low,151622,57141,70426,13737,341,7,9967,6342,0.37686483491841555,0.46448404585086595,0.09060030866233132,0.0022490139953304927,4.616744271939428e-05,0.06573584308345755,1.6369139543525681,0.04182770310377122
low,123658,18750,74572,20192,0,65,10077,5146,0.1516278768862508,0.6030503485419464,0.16328907147131605,0.0,0.0005256433065390027,0.08149088615374663,1.5800701996993518,0.04161477623768781
low,305025,142501,128788,17149,5153,5676,5755,17065,0.4671781001557249,0.4222211294156217,0.05622162117859192,0.016893697237931316,0.018608310794197197,0.01886730595852799,1.5861169217234772,0.05594623391525285
low,287192,61861,157569,37596,108,1,30055,13412,0.21539945402378896,0.5486538622245745,0.13090893896765926,0.0003760550433159698,3.481991141814535e-06,0.10465124376723586,1.6813678153825111,0.04670046519401655
low,150075,37294,64877,38802,60,1157,7882,8343,0.2485024154589372,0.43229718474096285,0.25855072463768114,0.000399800099950025,0.0077094785940363154,0.05252040646343495,1.8086442506695173,0.055592203898050974
low,219990,44488,135676,39320,0,51,452,10321,0.20222737397154417,0.6167371244147462,0.1787353970635029,0.0,0.00023182871948724943,0.0020546388472203283,1.3614978437718859,0.0469157688985863
low,163187,44491,74522,29325,0,452,14394,7420,0.2726381390674502,0.45666627856385617,0.1797018144827713,0.0,0.0027698284789842327,0.08820555558959967,1.8050880899839856,0.04546930821695356
low,120905,26074,42688,27982,128,20030,3999,5851,0.2156569207228816,0.35307059261403584,0.23143790579380505,0.0010586824366237955,0.16566725941855176,0.03307555518795749,2.099040476299346,0.04839336669285803
low,121031,49747,43700,11991,0,948,14642,7184,0.4110269269856483,0.3610645206599962,0.09907379101222001,0.0,0.007832704017978864,0.12097727028612504,1.811755236154907,0.05935669373962043
low,220262,33148,118752,29847,0,16584,21929,9327,0.15049350319165358,0.5391397517501885,0.1355068055315942,0.0,0.07529215207343981,0.0995587073576014,1.8947472116757893,0.04234502546966794
low,229739,43323,180246,6051,0,78,39,10992,0.18857486103796048,0.7845685756445357,0.02633858421948385,0.0,0.00033951571130717904,0.00016975785565358952,0.8727104526220919,0.047845598701134764
low,531585,77018,368623,83229,15,30,2667,27835,0.14488369686879804,0.6934413123018897,0.1565676232399334,2.8217500493806258e-05,5.6435000987612516e-05,0.005017071587798753,1.2284283142598749,0.05236227508300648
low,243936,121052,112083,844,0,159,9795,13663,0.49624491669946214,0.45947707595434867,0.003459923914469369,0.0,0.00065181031090122,0.04015397481306572,1.2385755027397094,0.056010592942411126
low,162319,17952,104713,27789,0,1960,9903,7594,0.11059703423505567,0.6451062414135129,0.17119992114293459,0.0,0.012074988140636648,0.06100949365139016,1.5183032553991698,0.04678441833673199
low,207009,45667,134890,5995,0,7,20447,12320,0.2206039350946094,0.6516141810259457,0.028960093522503852,0.0,3.381495490534228e-05,0.0987734832785048,1.3620183658650176,0.05951432063340241
low,130885,13071,45476,47898,0,23658,780,5424,0.09986629483898078,0.34745005157199066,0.36595484585705007,0.0,0.18075409710814838,0.005959430033999312,1.8827026947064427,0.04144095962104137
low,305934,58383,119706,110647,6226,397,10572,17748,0.19083527819725823,0.3912804722587225,0.36166951041727957,0.020350794615832172,0.0012976655095543483,0.034556472964757105,1.8109270922290743,0.05801251250269666
low,102901,9226,61234,21811,165,0,10461,4624,0.08965899262397839,0.5950768214108706,0.21196101106889145,0.0016034829593492774,0.0,0.10166081962274419,1.5821626504939923,0.04493639517594581
low,185723,52132,103288,1136,14051,1420,13694,11031,0.2806975980357845,0.5561400580434303,0.0061166360655384635,0.07565568077190224,0.007645795081923079,0.07373346327595398,1.643113289666434,0.05939490531598133
low,106122,25282,75614,3114,1,1166,943,4322,0.23823523868754828,0.7125195529673395,0.029343585684400972,9.423116790109497e-06,0.010987354177267672,0.008885999133073256,1.1230558719240167,0.04072671076685325
low,277489,99742,132766,35570,0,23,9386,11317,0.3594448788961004,0.478455001819892,0.1281852613977491,0.0,8.288616846073178e-05,0.03382476422488819,1.5857420349608602,0.040783598629134846
low,187651,18876,105633,952,49392,0,12796,9212,0.10059099072213844,0.5629226596181208,0.0050732476778700885,0.2632120265812599,0.0,0.06819041731725384,1.609689032528538,0.049091131941742916
low,85335,40257,32042,1258,4500,507,6767,4595,0.47175250483389,0.37548485381144897,0.01474189957227398,0.05273334505185446,0.005941290209175602,0.07929923243686647,1.6894034067325312,0.053846604558504714
low,195311,86424,71668,33814,213,4,3186,8228,0.44249427835605776,0.366942978122072,0.17312900963079397,0.0010905683755651244,2.048015728760797e-05,0.016312445279579747,1.5971712484976193,0.04212768354060959
low,295600,35873,195736,32997,0,6730,24262,16659,0.12135656292286874,0.6621650879566983,0.11162719891745602,0.0,0.02276725304465494,0.08207713125845738,1.5364469967505414,0.05635656292286874
low,207504,42371,132761,7378,1,23,24967,10871,0.20419365409823426,0.6397997147042949,0.03555594109029223,4.819184208497185e-06,0.00011084123679543527,0.12032057213354923,1.4205219235092352,0.052389351530572906
low,80424,11530,11211,52030,0,529,5121,4524,0.1433651646274744,0.13939868695911667,0.6469461852183428,0.0,0.006577638515865911,0.06367502238137869,1.505142961519606,0.056251865114891074
low,178730,64963,83029,19133,0,7599,4003,9709,0.36347003860571814,0.4645498797068203,0.10704973983103004,0.0,0.04251664521904549,0.022396911542550215,1.7060723070042076,0.05432216192021485
low,155341,7721,91829,5001,321,742,49724,8717,0.04970355540391783,0.5911446430755564,0.03219369001100804,0.0020664216143838395,0.0047765882799775975,0.32009578926362003,1.4044718178751474,0.05611525611396862
low,156862,32093,77110,25430,0,1106,21121,7383,0.2045938468207724,0.4915785849982787,0.16211702005584527,0.0,0.007050783491221583,0.13464701457331923,1.8374127227036772,0.0470668485675307
low,266618,34533,121838,82779,149,1706,25610,11820,0.12952238783578002,0.4569758981014035,0.31047791221897997,0.0005588519904882641,0.006398667756865628,0.09605503004298284,1.7994717470453,0.044333090789069
low,322720,171441,120501,5755,558,365,24098,13737,0.5312376053544868,0.3733917947446703,0.017832796232027763,0.0017290530490827961,0.0011310114030738721,0.07467154189390184,1.4255207634791187,0.04256631135349529
low,223190,48626,144033,29942,0,14,574,9229,0.21786818405842556,0.6453380527801424,0.13415475603745688,0.0,6.272682467852502e-05,0.002571799811819526,1.2985343221639543,0.041350418925579106
low,154196,43168,75591,28679,0,613,6143,6708,0.27995538146255416,0.49022672442864923,0.18599055747230797,0.0,0.003975459804404784,0.039838906327012376,1.6866747437462077,0.043503074009701936
low,133043,27172,40848,3248,93,8352,53328,6758,0.20423472110520657,0.3070285546778109,0.024413159655149088,0.000699022120667754,0.06277669625609765,0.4008328134512902,1.9085500409562837,0.05079560743519013
low,203777,83429,102064,14613,1235,0,2434,8508,0.4094132311301079,0.5008612355663299,0.0717107426255171,0.006060546577876797,0.0,0.011944429449839776,1.4206531889575864,0.04175152249763221
low,204757,101499,88948,901,12265,8,1133,9748,0.4957046645535928,0.43440761488007734,0.004400337961583731,0.05990027202977188,3.9070703321498165e-05,0.005533388357907178,1.3441930676819034,0.047607651997245516
low,248223,92592,137646,13729,0,2906,1347,14509,0.3730194220519452,0.5545255677354637,0.05530913734827152,0.0,0.011707214883391144,0.005426572074304154,1.3493543454085284,0.05845147307058572
low,530014,86681,256897,10383,0,0,176050,31438,0.16354473655412877,0.4846985173976536,0.019590048564754894,0.0,0.0,0.3321610372556197,1.572950991563849,0.05931541430981068
low,96157,19144,46910,13719,73,0,16308,3958,0.19909106981291014,0.48784799858564637,0.14267292032821324,0.0007591750990567509,0.0,0.16959763719749993,1.8115530611934705,0.041161849891323564
low,157826,37307,89579,18792,13,8207,3925,7976,0.23638057100857907,0.5675807534880184,0.11906783419715383,8.236919138798423e-05,0.05200030413239897,0.02486915970752601,1.6766481460557086,0.05053666696235094
low,130238,44435,61565,20904,3029,246,56,7189,0.3411830648505045,0.47271149741242957,0.1605061502787205,0.023257421029192708,0.0018888496444969978,0.0004299820328936255,1.6120132733882857,0.05519894347271918
low,206539,23064,133699,48296,4,0,1473,11307,0.11166898261345315,0.6473305283747863,0.2338347721253613,1.9366802395673455e-05,0.0,0.00713182498220675,1.3007113172362867,0.054745108671969946
low,78718,10115,60591,5774,470,943,822,3209,0.12849665895983128,0.7697222998551793,0.07335044081404507,0.00597068014939404,0.011979471023145912,0.010442338474046596,1.1367809661070336,0.04076577148809675
low,190874,57709,105472,21716,0,0,5974,7794,0.30234081121577583,0.5525739493068726,0.11377138845521129,0.0,0.0,0.03129813384745958,1.5078207503794794,0.04083321982040508
low,217399,64474,108674,14714,438,4,29092,9848,0.29656990142548956,0.499882704152273,0.06768200405705638,0.0020147286786047773,1.8399348663057327e-05,0.13381846282641593,1.6896802561116957,0.045299196408447144
low,252094,106761,98790,19025,174,0,27342,15024,0.4234967908795925,0.3918776329464406,0.07546788102850524,0.0006902187279348179,0.0,0.10845954286892984,1.690768797665627,0.059596817060302905
low,353965,135053,142689,59234,10246,126,6615,20834,0.3815433729323521,0.4031161273007218,0.1673442289491899,0.02894636475357733,0.0003559673979065727,0.018688288390095065,1.7496632544184256,0.058858926730043934
low,162947,23264,80431,30406,2711,12243,13889,9261,0.14277034864096916,0.4936022142168926,0.18660055109943724,0.016637311518469197,0.07513485980103961,0.08523630382885232,2.037338202479901,0.056834430827201486
low,282136,92289,148490,5706,0,0,35649,14139,0.3271082031360762,0.5263064621317379,0.020224288995378117,0.0,0.0,0.12635395695692858,1.5056393258232117,0.050114129356055234
low,240983,51084,84907,102390,245,1431,922,9684,0.21198175804932298,0.35233605690027925,0.42488474290717604,0.0010166692256300238,0.0059381782117410775,0.0038259960246158444,1.6140892101609874,0.040185407269392445
low,275430,44894,200021,17892,64,3480,9077,14070,0.16299604255164651,0.7262135569836256,0.06496024398213703,0.00023236394002105798,0.012634789238645028,0.032955741930799115,1.262708090348288,0.051083759939004464
low,110720,10372,81493,8703,1,7268,2880,5969,0.09367774566473988,0.7360278179190751,0.07860368497109826,9.031791907514451e-06,0.06564306358381503,0.02601156069364162,1.3289024232260305,0.053910765895953755
low,315315,34469,96864,164550,59,1209,18161,14314,0.10931608074465217,0.3071975643404215,0.5218590932876647,0.00018711447282875854,0.00383426097711812,0.05759637188208617,1.6320891440274912,0.04539587396730254
low,197183,89906,89280,12818,1396,260,3520,8236,0.4559520851188997,0.45277736924582745,0.06500560393137339,0.0070797178255731985,0.0013185720878574724,0.01785143749714732,1.4573887933775123,0.04176830659843901
low,239601,17938,80730,117018,0,10939,12974,10468,0.07486613161046907,0.3369351546946799,0.48838694329322496,0.0,0.04565506821757839,0.05414835497347674,1.7448198874991607,0.04368930012812968
low,112462,12014,78711,9678,2213,4708,5135,4679,0.10682719496363216,0.6998897405345805,0.08605573438139105,0.01967775782041934,0.04186302928989347,0.0456598673329658,1.5160091373726325,0.04160516441108997
low,104487,16724,82208,4520,0,899,134,4769,0.16005818905701188,0.7867773024395379,0.04325897001540861,0.0,0.008603941160144324,0.0012824561907222908,0.9626407871497219,0.045642041593691084
low,238522,37041,116938,81113,2126,803,496,10205,0.1552938513009282,0.4902608564409153,0.3400650673732402,0.008913223937414578,0.0033665657675183004,0.0020794727530374555,1.5574976410603079,0.042784313396667814
low,143406,2763,112633,17697,0,13,10298,7357,0.019266976277143216,0.7854134415575359,0.12340487845696833,0.0,9.065171610671799e-05,0.07181010557438322,1.0300487445592683,0.05130189810747109
low,243064,76209,131098,12606,44,0,23105,13163,0.3135347069084686,0.5393558898067998,0.05186288384952111,0.0001810222821972814,0.0,0.09505726886745877,1.5514238198913646,0.054154461376427605
low,143001,19084,89192,27327,0,715,6679,7033,0.13345361221250202,0.623715918070503,0.1910965657582814,0.0,0.004999965035209544,0.04670596709113922,1.5134745831324217,0.04918147425542479
low,283873,52664,138686,48951,9687,21402,12480,15737,0.18551958093936374,0.48854945697547847,0.17243978821515255,0.03412441479112138,0.07539286934650354,0.04396332162622017,2.0386655967463554,0.05543676221408869
low,378730,113731,149441,43727,0,59273,12555,21154,0.3002957251868085,0.39458453251656855,0.11545692181765374,0.0,0.15650463390806116,0.03315026536054709,1.991838789331971,0.05585509465846381
low,146384,52390,66366,9663,152,20,17789,8734,0.35789430538856704,0.45336922067985574,0.06601131271177178,0.0010383648486173352,0.00013662695376543885,0.12152284402666959,1.6883444245065267,0.05966499070936714
low,278122,64532,161982,13754,179,22886,14786,13448,0.232027671309713,0.5824134732239808,0.04945311769655043,0.0006436024478466284,0.08228762916993262,0.053163719518772336,1.686145811850654,0.048352881109728824
low,234250,19737,131805,62184,686,10359,9475,10842,0.08425613660618997,0.5626680896478121,0.2654599786552828,0.0029284951974386337,0.044221985058697975,0.04044823906083245,1.6862601093756053,0.046283884738527216
low,557118,205253,208246,134822,0,24,8771,30628,0.36841925767970163,0.3737915486485807,0.2419990020067562,0.0,4.3078845056164046e-05,0.015743522916150617,1.6516754970198264,0.05497578609917468
low,195939,56846,118963,19877,0,35,215,11191,0.2901209049755281,0.6071430394153282,0.10144483742389213,0.0,0.00017862702167511317,0.0010972802760042667,1.3029278178850998,0.05711471427331976
low,195835,54992,71493,21547,0,34,47766,10833,0.28080782291214545,0.3650675313401588,0.11002629764853065,0.0,0.00017361554369750044,0.24390941353690607,1.894258153150837,0.05531697602573595
low,429458,98925,247473,60317,4,15576,7160,18129,0.23034848576577918,0.5762449412981013,0.14044912424497855,9.314065636220538e-06,0.03626897158744278,0.016672177488834764,1.6160748222790704,0.04221367397976054
low,422802,56616,192054,79711,14348,73556,6514,19292,0.1339066513403437,0.45424099223750125,0.18853032861717778,0.03393550645455792,0.17397268697877494,0.015406738851755667,2.056719366848462,0.04562892323120515
low,166127,31574,122036,12343,39,21,111,9476,0.19005941237727764,0.7345946173710475,0.0742985787981484,0.00023476015337663353,0.00012640931335664883,0.0006681635134565723,1.0723360405661952,0.057040697779409726
low,175156,41467,107775,10483,0,357,15071,7408,0.23674324602069013,0.6153086391559524,0.05984950558359405,0.0,0.0020381831053460915,0.08604329854529677,1.4890392505512537,0.04229372673502478
low,184827,53846,86425,27014,816,8991,7732,9580,0.29133189414966426,0.4675994308190903,0.14615829938266595,0.004414939375740557,0.048645490106964895,0.04183371477111028,1.8749268191354047,0.051832253945581545
low,131786,46393,59796,5495,9008,2851,8241,5941,0.35203284112121164,0.4537356016572322,0.041696386566099586,0.06835323934257054,0.021633557434021823,0.06253319776000485,1.8729808925939546,0.04508066107173751
low,165855,8164,135665,16534,10,2505,2974,6652,0.04922371951403334,0.8179735310964397,0.09968948780561333,6.029362997799283e-05,0.015103554309487203,0.017931325555455065,0.9788027869391556,0.04010732266136083
low,305132,86958,117980,75931,0,0,24259,15217,0.2849848590118375,0.38665233407181154,0.24884640090190474,0.0,0.0,0.07950329693378604,1.835944252073456,0.04987022010146428
low,168562,49959,75343,4777,155,14221,24103,7610,0.29638352653623,0.44697500029662673,0.028339720696242333,0.0009195429574874527,0.08436658321567138,0.1429918961569037,1.896416202686262,0.04514659294502913
low,209536,31291,104173,9067,0,0,65003,11225,0.14933472052535124,0.4971603924862553,0.043271800549786195,0.0,0.0,0.31022354153940135,1.6308165625842255,0.05357074679291387
low,316531,14713,220416,43368,911,23372,13749,12735,0.046482019138725746,0.6963488568260296,0.13701027703447688,0.0028780751332412938,0.07383794952153186,0.043436503849543964,1.4606914351340694,0.04023302614909756
low,100294,18022,53786,16283,0,1487,10712,5361,0.17969170638323329,0.5362833270185654,0.16235268311165174,0.0,0.014826410353560531,0.10680599038825853,1.7876267086838116,0.053452848625042376
low,135559,10651,107401,10096,4695,30,2684,7335,0.07857095434460272,0.7922823272523403,0.07447679608141104,0.03463436584808091,0.00022130585206441475,0.01979949689802964,1.1163063622664864,0.05410928082974941
low,133251,73626,41950,12457,0,1466,3750,7134,0.552536191098003,0.3148194009801052,0.09348522712775138,0.0,0.011001793607552664,0.02814237791836459,1.5340046675260075,0.053538059751896794
low,103068,43031,46616,13107,3,263,45,4452,0.4175010672565685,0.4522839290565452,0.12716847130050063,2.9106997322156245e-05,0.002551713431909031,0.0004366049598323437,1.4494853164888293,0.04319478402607987
low,96104,11864,49149,5535,14954,12887,1711,4884,0.12344959627070673,0.5114147173894947,0.057593856655290106,0.1556022642137684,0.13409431449263298,0.017803629401481728,2.014312127694901,0.05081994505951885
low,212783,18686,152098,38869,0,0,3128,10884,0.08781716584501581,0.7148033442521254,0.1826696681595804,0.0,0.0,0.014700422496158059,1.1919475283397019,0.05115070282870342
low,290476,6711,186323,6117,80257,1392,9673,13914,0.023103457772759194,0.6414402566821356,0.021058538399041572,0.2762947713408337,0.004792134289924125,0.033300513639681076,1.3668830883760814,0.047900687147991575
low,195370,30798,124936,36516,0,0,3118,11503,0.15763935097507295,0.6394840558939449,0.18690689461022675,0.0,0.0,0.015959461534524235,1.380146636349006,0.058878026309054615
low,188124,14659,143809,18324,0,4356,6974,9696,0.07792200888775488,0.7644372860453743,0.09740384002041207,0.0,0.023154940358486954,0.037071293402224065,1.2124129791102318,0.05154047330484149
low,318790,53662,206897,37953,5704,14109,462,15609,0.16833024875309766,0.6490071834122777,0.11905329527275009,0.01789265660779824,0.04425797546974497,0.0014492299005614982,1.5196222941196293,0.048963267354684904
low,502829,129418,267735,38585,922,95,66071,22232,0.25737974540052383,0.532457356278178,0.07673582868132109,0.001833625347782248,0.0001889310282422056,0.13139854702095544,1.6760654218923645,0.04421383810400752
low,159605,41892,78925,19716,504,1301,17264,6667,0.2624729801697942,0.49450205194072866,0.12352996460010651,0.0031577958084019926,0.008151373703831333,0.10816703737351586,1.8114616558810577,0.04177187431471445
low,142430,41354,72561,18527,1901,0,8084,5916,0.290346134943481,0.5094502562662361,0.130077933019729,0.01334690725268553,0.0,0.056757705539563295,1.7145100226036722,0.041536193217720986
low,353881,148487,153906,32147,6274,613,12450,15754,0.4195958528431874,0.4349089100573357,0.09084127150087176,0.017729123631955376,0.0017322207182640492,0.035181318013682565,1.6514247710072543,0.04451778987851848
low,204079,39119,159781,3735,8,1111,322,9150,0.1916855727438884,0.7829369998872986,0.01830173609239559,3.9200505686523354e-05,0.005443970227215931,0.0015778203538825651,0.8950642433722511,0.044835578378961086
low,277078,69968,179776,24103,0,0,3230,11430,0.25252095077920295,0.6488281278196032,0.08698994506961938,0.0,0.0,0.011657367239549875,1.2876519426415867,0.041251921841503114
low,97448,35195,32613,1898,0,6364,21376,5776,0.36116698136442,0.334670798784993,0.019477054429028817,0.0,0.06530662507183319,0.21935801658320334,1.9070100851257354,0.05927263771447336
low,142486,33216,50188,44114,0,1579,13386,7701,0.2331176396277529,0.3522310963884171,0.30960234689723903,0.0,0.01108179049169743,0.09394607189478264,1.9362263601058511,0.05404741518464972
low,286414,55676,181680,39157,19,696,9183,11756,0.19438993903929278,0.6343265343174566,0.13671468573463588,6.633753936609244e-05,0.0024300488104631755,0.03206198021046457,1.4495258806273918,0.041045479620409615
low,165153,18549,111054,22837,3014,1608,8088,7648,0.11231403607563896,0.6724310185101088,0.13827783933685733,0.01824974417661199,0.009736426222956894,0.048972770703529456,1.5175678259358716,0.04630857447336712
low,125388,8730,105513,8317,0,338,2488,5063,0.06962388745334482,0.8414920088046703,0.06633011133441796,0.0,0.0026956327559256067,0.019842409161961273,0.8720173554127371,0.04037866462500399
low,251697,40421,69659,137069,4,726,3815,13958,0.16059388868361563,0.2767573709658836,0.54457939506629,1.589212426051959e-05,0.0028844205532843063,0.015157113513470561,1.530322514694822,0.05545556760708312
low,270641,74654,133995,51393,0,42,10554,12837,0.27584142831278335,0.4951023680817023,0.18989362291744413,0.0,0.00015518712981403408,0.03899630876326942,1.6542829945159148,0.04743183774816085
low,250555,66724,145054,35758,4,53,2958,12447,0.2663048033365928,0.5789307736824251,0.14271517231745526,1.5964558679730996e-05,0.0002115304025064357,0.011805791143661072,1.444146232915883,0.04967771547165293
low,218008,31757,166717,18677,0,6,848,12127,0.14566896627646692,0.7647288172911085,0.08567116803053099,0.0,2.7521925800888042e-05,0.0038897655131921766,1.03604992820311,0.055626399031228214
low,216855,15528,100393,66681,0,27,34224,8943,0.07160545064674552,0.4629498973968781,0.3074911807428927,0.0,0.0001245071591616518,0.15781974130179152,1.7318944999503016,0.04123953794009822
low,131751,11295,115858,1200,141,11,3242,6410,0.08572989958330487,0.8793709345659616,0.009108090261174488,0.0010702006056880025,8.349082739409947e-05,0.024607023855606407,0.6718680205239186,0.04865238214510706
low,212905,21540,150210,23180,0,28,17945,11166,0.1011718841736925,0.7055259387989948,0.10887485028533853,0.0,0.00013151405556468849,0.08428641882529767,1.3402212962995856,0.05244592658697541
low,250228,53011,95887,81040,136,1,20149,10069,0.2118507920776252,0.3831985229470723,0.32386463545246735,0.0005435043240564605,3.996355323944562e-06,0.080522563422159,1.829992704514021,0.0402393017567978
low,183202,16955,145647,14629,0,2602,3365,10697,0.0925481162869401,0.7950076964225281,0.0798517483433587,0.0,0.01420290171504678,0.018367703409351427,1.065168705469755,0.058389100555670786
low,219928,28173,187751,1436,0,100,2466,12836,0.12810101487759631,0.8536930268087738,0.006529409624968172,0.0,0.00045469426357717073,0.01121276053981303,0.6996846207398874,0.05836455567276563
low,295881,89352,132327,29441,103,2424,42231,13924,0.3019862715078021,0.4472304744137001,0.09950284066905277,0.00034811292377678866,0.008192482788688695,0.1427296784856074,1.8337775205888853,0.04705945971522335
low,260207,48579,194775,4194,0,12198,458,15304,0.18669367080824112,0.7485386634487158,0.01611793687333546,0.0,0.04687806246565235,0.001760137121599342,1.083865595940164,0.05881471290165138
low,196786,42618,147447,5268,0,693,757,7871,0.2165702844714563,0.7492758631203439,0.026770197066864513,0.0,0.0035215919831695346,0.0038468183712255955,0.9893984017960951,0.03999776406858212
low,260615,8607,176307,17510,1827,23,56338,12627,0.03302572760585538,0.6765036548164918,0.06718723020547551,0.007010340924352014,8.82527866776663e-05,0.21617328242810277,1.3347112915307728,0.04845077988603879
low,129286,14081,71374,28843,1650,4069,9266,5374,0.10891357146172052,0.5520628683693517,0.22309453459771358,0.012762402735021581,0.031472858623516856,0.07167055984406664,1.8142624118252177,0.041566758968488465
low,406595,84769,187499,102879,0,52,31394,20442,0.20848510188270883,0.46114438200174623,0.25302573814237755,0.0,0.00012789139069590132,0.07721196768282935,1.7751688831050028,0.05027607324241567
low,78514,15751,42403,15381,2755,1291,930,3447,0.20061390325292305,0.540069287006139,0.19590136790890797,0.03508928343989607,0.016442927376009372,0.011845021270091958,1.7484803850635227,0.043902998191405355
low,117602,8533,66574,23122,6897,68,12405,5608,0.07255828982500298,0.566095814697029,0.19661230251186204,0.05864696178636418,0.0005782214588187276,0.10548289995068111,1.7891501801499115,0.04768626383905036
low,193028,45072,115614,28378,0,2821,1142,9854,0.23349980313736868,0.5989493752201753,0.1470149408375987,0.0,0.014614460078330605,0.005916240130965456,1.472441804372644,0.051049588660712436
low,132740,34510,80183,8019,248,13,9765,7715,0.2599819195419617,0.6040605695344282,0.06041133042037065,0.0018683139972879312,9.793581437396414e-05,0.0735648636432123,1.484379525154137,0.05812113906885641
low,203334,56370,130985,8203,1385,0,6388,10920,0.27722859925049426,0.6441864125035656,0.040342490680358424,0.0068114530772030255,0.0,0.031416290438392,1.3145301316962534,0.05370474195166573
low,166343,33842,96964,30382,0,21,5130,6878,0.20344709425704718,0.5829160229165038,0.1826466998911887,0.0,0.0001262451681164822,0.03083989106845494,1.5256868930306802,0.04134829839548403
low,116236,35904,72818,5948,1,127,1435,5273,0.30888881241611893,0.6264668433187652,0.05117175401768815,8.603186620324168e-06,0.0010926047007811693,0.012345572800165181,1.2548016962047919,0.04536460304896934
low,288972,33677,163708,58415,0,3152,30018,11646,0.1165407029054718,0.566518555430976,0.2021476129175145,0.0,0.010907631189180958,0.10387857647107679,1.7025716872675476,0.04030148249657406
low,318275,144048,104679,13506,22680,2,33358,14020,0.4525897415756814,0.32889482365878564,0.04243500117822638,0.07125913125441835,6.283874008326133e-06,0.10480873458487157,1.8514555577589122,0.044049956798366194
low,384783,143772,193282,44037,6,345,3339,22910,0.37364436578539073,0.5023142914317941,0.1144463242918736,1.5593204481486967e-05,0.0008966092576855007,0.008677618293947498,1.4562979689809412,0.059540052445144404
low,139937,27385,67734,31367,40,1364,12043,6155,0.19569520569970772,0.48403210015935744,0.22415086789055075,0.0002858429150260474,0.009747243402388217,0.08606015564146723,1.8238356999169818,0.04398407854963305
low,228292,88106,99376,14470,0,5701,20636,13476,0.3859355562174759,0.4353021568867941,0.06338373661801552,0.0,0.024972403763601003,0.0903930054491616,1.7510755958872828,0.05902966376395143
low,232782,63808,116413,46013,838,740,4967,12032,0.27411054119304756,0.5000945090256119,0.19766562706738494,0.003599934702855032,0.003178939952401818,0.021337560464297068,1.6481159537080963,0.05168784528013334
low,99467,23595,52945,18629,55,1495,2745,5841,0.2372143524988187,0.5322870901907165,0.18728824635306182,0.000552947208621955,0.015030110488905868,0.02759709250304121,1.669182390069761,0.05872299355565162
low,163258,12214,143165,1629,1449,3096,1701,6760,0.07481409793088241,0.8769248673878156,0.009978071518700463,0.008875522179617538,0.01896384863222629,0.01041909125433363,0.7499108999982491,0.041406852956669814
low,245681,22689,157392,59733,0,758,5107,13898,0.09235146389016652,0.640635620988192,0.24313235455733248,0.0,0.0030853016716799425,0.02078711825497291,1.3668757169630577,0.056569291072569715
low,151369,53586,64255,19715,7629,0,6181,6641,0.3540090771558245,0.42449246543215585,0.13024463397393127,0.050400015855294016,0.0,0.040833988465273606,1.8437770584541893,0.04387291981845688
low,233696,72830,121592,37138,0,2,2131,10120,0.3116441873202793,0.5202998767629741,0.15891585649732987,0.0,8.558126797206627e-06,0.009118684102423662,1.4982715245480822,0.043304121593865534
low,206808,122150,74924,4661,14,13,5044,9180,0.5906444624966152,0.36228772581331475,0.022537812850566708,6.769564040075819e-05,6.286023751498975e-05,0.024389772155816024,1.2351532651878676,0.044388998491354296
low,206845,85312,66895,1925,602,798,51311,10476,0.4124441006550799,0.3234064154318451,0.009306485532645218,0.002910391839299959,0.0038579612753511083,0.24806497618990064,1.6708435983613357,0.05064661944934613
low,218697,36685,115662,24927,1,8,41410,10822,0.16774349899632826,0.5288687087614371,0.11397961563258756,4.572536431684019e-06,3.6580291453472154e-05,0.18934873363603524,1.7304319903008092,0.049483989263684455
low,445147,121083,178641,130822,4814,99,9686,25417,0.27200677528996037,0.40130788256463595,0.2938849413789153,0.010814405129092187,0.00022239844366018417,0.02175910429588428,1.7522017160509469,0.05709799234859496
low,190738,55674,116620,9253,0,99,9090,9061,0.2918873009049062,0.611414610617706,0.04851157084587235,0.0,0.0005190365842149965,0.047656995459740586,1.3792228543144247,0.04750495444012205
low,175746,8857,151680,12614,4,2573,14,9355,0.05039659508609015,0.863063739715271,0.07177403753143742,2.2760119718229717e-05,0.014640447008751266,7.966041901380401e-05,0.7640260734003896,0.05323022999100975
low,183670,42339,115803,10996,59,5239,9231,9812,0.23051668753743126,0.6304949093482877,0.059868241955681384,0.0003212282898676975,0.02852398323079436,0.050258615996079926,1.517707912143463,0.05342189796918386
low,204333,72940,100577,21033,702,1618,7460,8812,0.35696632457801725,0.4922210313556792,0.1029349150651143,0.0034355684103889238,0.007918446849016067,0.03650903182550053,1.6292534088561696,0.04312568209736068
low,237989,131487,99110,6338,1,621,429,11341,0.5524919218955497,0.4164478190168453,0.02663148296770019,4.2018748765699256e-06,0.0026093642983499236,0.001802604322048498,1.177425452633058,0.04765346297517953
low,144466,36279,94958,3558,82,12,9575,7498,0.2511248321404344,0.6573034485622915,0.02462863234255811,0.0005676076031730649,8.306452729361927e-05,0.06627857073636703,1.2968854193498691,0.05190148547062977
low,282323,117946,88708,16261,620,402,58384,14439,0.4177697176638106,0.314207485752135,0.05759714936438051,0.0021960662078541245,0.0014239009928344484,0.20679859593444389,1.791089433984546,0.05114354834710597
low,249576,73002,144026,24790,5059,1817,879,11613,0.2925040869314357,0.5770827323140045,0.09932846106997467,0.02027037856204122,0.007280347469307946,0.003521973266660256,1.5018040848349963,0.046530916434272526
low,264992,82515,157383,7794,0,1226,16071,10675,0.31138675884555006,0.5939160427484603,0.02941220867045043,0.0,0.004626554763917401,0.060647113875135855,1.401298218710026,0.04028423499577346
low,179346,41324,113234,20025,71,804,3885,8569,0.23041495210375476,0.6313717618458176,0.11165568231240172,0.000395882818685669,0.004482954735539125,0.02166203874075809,1.419187301253668,0.047779153145316874
low,305926,62298,52600,32006,138851,2229,17938,12563,0.2036374809594477,0.17193700437360668,0.1046200715205638,0.45387119760987954,0.007286075717657211,0.05863509476147827,2.0539160894824744,0.04106548642482169
low,85365,35182,21561,25624,45,0,2950,4618,0.41213612136121364,0.25257424002811457,0.30016985884144554,0.0005271481286241434,0.0,0.034557488432027175,1.7231098845311215,0.054097112399695425
low,198032,89596,53392,49871,1208,520,3441,10189,0.45243193019310013,0.26961299183970266,0.25183303708491556,0.006100024238506908,0.0026258382483639008,0.017375979639654197,1.697527543081765,0.05145128060111497
low,278256,77032,129012,18551,2,2070,51586,12305,0.27683859467540683,0.46364498878730376,0.0666688229544017,7.187625783451211e-06,0.007439192685872003,0.18539043183255707,1.7910274064641225,0.04422186763268357
low,186162,74201,79766,31817,4,0,371,10488,0.39858295463091287,0.42847627335331595,0.17091028244217402,2.1486662154467613e-05,0.0,0.0019928879148268714,1.5066505234726228,0.056338028169014086
low,274538,69081,133114,34086,0,1,38254,13396,0.2516263686629902,0.4848654831025213,0.12415767580444237,0.0,3.6424830078167686e-06,0.13933954498102266,1.7772022348253995,0.04879470237271343
low,106431,42198,42433,7375,0,0,14422,4986,0.39648222792231586,0.39869023122962294,0.06929372081442436,0.0,0.0,0.13550563275737332,1.7156999381635836,0.046847253149928124
low,171774,54203,87543,19433,13,2229,8350,9696,0.315548336768079,0.5096405742429005,0.11313120728398943,7.568083644789083e-05,0.012976352649411436,0.04861038341076065,1.6708079663188102,0.05644626078451919
low,223050,27385,52323,61295,2756,548,78740,10579,0.12277516251961444,0.2345796906523201,0.2748038556377494,0.01235597399686169,0.0024568482403048643,0.35301501905402377,2.00423328682301,0.047428827617126204
low,273859,64239,77665,93670,5974,90,32218,12030,0.23456961429056558,0.2835948426014847,0.34203732577713347,0.021814145235321825,0.00032863626902895286,0.11764448128416448,2.023111224389673,0.043927714626870035
low,192896,69196,105937,15503,113,583,1561,8421,0.358721798274718,0.5491923108825482,0.08036973291307233,0.000585807896483079,0.0030223540145985404,0.008092443596549436,1.3855574638363237,0.04365564863968149
low,107801,14556,74012,2940,854,0,15436,4689,0.1350265767478966,0.6865613491526052,0.027272474281314643,0.007922004434096158,0.0,0.14318976632869826,1.3610538135544648,0.04349681357315795
low,215976,22528,173417,10698,5630,2254,1446,10156,0.10430788606141424,0.8029456976701115,0.049533281475719525,0.026067711227173388,0.010436344779049525,0.006695188354261585,1.063348285632676,0.04702374337889395
low,138695,47083,73647,8265,7970,417,1309,6740,0.33947150221709504,0.5309996755470637,0.059591189300263164,0.057464220051191464,0.0030065972097047477,0.009437975413677495,1.5819946078041953,0.04859583979235012
low,151387,18189,112589,15625,4567,341,74,7382,0.12014902204284383,0.7437164353610284,0.10321229696076942,0.030167715854069372,0.0022525051688718316,0.000488813438406204,1.2007190793582552,0.04876244327452159
low,84329,17568,58267,5953,0,63,2476,3584,0.20832691007838347,0.6909485467632724,0.07059256009202054,0.0,0.0007470739603220719,0.029361192472340477,1.2671537967924607,0.042500207520544536
low,225598,29738,170220,22122,0,838,2679,9159,0.13181854449064265,0.7545279656734546,0.0980593799590422,0.0,0.003714571937694483,0.011875105275755991,1.126417227724073,0.04059876417344126
low,258375,46564,116185,76858,3375,12461,2929,15313,0.18021867440735365,0.4496758587324625,0.29746686018384133,0.013062409288824383,0.048228350266086115,0.011336236090953073,1.8503221045583753,0.05926656990807934
low,293281,77828,193587,11838,0,8409,1616,17178,0.2653700717059748,0.6600734449214235,0.0403640194898408,0.0,0.0286721608286933,0.005510073956376308,1.2786659703015415,0.05857181338034172
low,180392,64264,69770,28568,5,5526,12256,10164,0.3562463967359972,0.3867688145815779,0.1583662246662823,2.7717415406448178e-05,0.03063328750720653,0.06794092864428578,1.8996109027327743,0.05634396203822786
low,59769,3936,39575,10791,0,14,5450,3269,0.06585353611403905,0.6621325436262946,0.18054509862972443,0.0,0.0002342351386170088,0.09118439324733557,1.4160320136777405,0.05469390486707156
low,127031,6605,91199,2983,0,11616,14625,7447,0.05199518227834151,0.717927120151774,0.023482457038045832,0.0,0.09144224638080468,0.11512937786839433,1.366729606020256,0.058623485605875734
low,437844,95597,321282,4050,4641,0,12271,26100,0.21833575428691498,0.7337818949214788,0.009249869816647025,0.010599665634335518,0.0,0.028025963585203862,1.0835797761209254,0.05961027215172527
low,134684,52982,66243,3614,19,11713,112,6620,0.3933800599922782,0.49184015918743135,0.026833179887737223,0.00014107095126369873,0.08696652906061596,0.0008315761337649609,1.4898023981276436,0.049152089335036085
low,203964,73370,62016,64027,6,117,4425,8504,0.3597203428055931,0.3040536565276225,0.3139132395913004,2.941695593340001e-05,0.0005736306407013003,0.02169500500088251,1.7040917944849232,0.04169363220960562
low,163776,21192,35127,105976,0,70,1408,8791,0.1293962485345838,0.21448197538100822,0.6470789370847988,0.0,0.0004274130519734271,0.008597108245408363,1.3282490768160842,0.05367697342711997
low,164299,29010,102050,32461,33,0,743,9655,0.17656832969159886,0.6211236830412845,0.1975727180323678,0.00020085332229654473,0.0,0.004522242983828265,1.3683822737633367,0.05876481293251937
low,133491,18353,74619,37667,58,10,2781,7143,0.1374849240772786,0.5589815043710812,0.282168835352196,0.00043448622004479704,7.491141724910293e-05,0.020832865136975527,1.499921589751823,0.05350922534103423
low,172854,26803,105394,27645,1,10956,2051,9442,0.1550614969858956,0.6097284413435616,0.15993265993265993,5.785229152926747e-06,0.06338297059946545,0.01186550499265276,1.6033649111236867,0.054624133661934346
low,173089,34349,94325,18159,1,5478,20774,8235,0.19844704169531283,0.5449508634286407,0.10491134618606612,5.777374645413631e-06,0.03164845830757587,0.12001918088382277,1.8063942281300092,0.04757668020498125
low,379819,58678,182396,1688,0,34,137021,18194,0.15448937520239903,0.4802182091996451,0.004444222116323828,0.0,8.951632224822877e-05,0.3607534114933692,1.491012383533272,0.04790176373483159
low,209429,20215,158844,17652,0,0,12716,8881,0.09652435909067035,0.7584622950976225,0.08428632137860563,0.0,0.0,0.06071747465728242,1.1742713880303848,0.042405779524325664
low,249359,22373,197789,8005,1,21131,57,12978,0.08972204732935246,0.793189738489487,0.03210231032366989,4.010282363981248e-06,0.08474127663328775,0.00022858609474693114,1.0410698039779602,0.052045444519748636
low,176566,32439,82447,36708,1,0,24969,7204,0.18372166781826627,0.4669472038784364,0.20789959561863552,5.6636045444762865e-06,0.0,0.1414145418710284,1.8323899169391153,0.04080060713840717
low,171355,61421,89393,3836,0,0,16703,7622,0.35844299845350297,0.5216830556447142,0.022386274109305243,0.0,0.0,0.09747600011671675,1.470401921851633,0.0444807563245893
low,254988,52886,179660,14426,0,920,7094,12902,0.2074058387061352,0.7045821764161451,0.05657521138249643,0.0,0.003608012926098483,0.02782091706276374,1.2341056708413773,0.050598459535350686
low,218726,25251,117997,50852,0,0,24623,11555,0.1154458089116063,0.5394740451523824,0.2324917933853314,0.0,0.0,0.1125746367601474,1.683979040921661,0.05282865320080832
low,243790,72698,134064,20215,538,5511,10762,13349,0.29819926986340706,0.5499159112350793,0.0829197259936831,0.0022068173427950287,0.02260552114524796,0.044144550637844046,1.6346161962370211,0.05475614258173018
low,346375,22950,199604,118512,5,257,5043,19747,0.06625766871165645,0.5762656080837243,0.3421494045470949,1.4435221941537351e-05,0.0007419704077950199,0.014559364850234572,1.343886923124124,0.05701046553590761
low,286623,123467,129614,20945,0,5220,7374,14871,0.4307644536551498,0.4522107437295681,0.0730750846931335,0.0,0.01821207649072126,0.025727174720800494,1.5580632275673951,0.051883484577301894
low,378515,213982,121190,34944,973,4888,2535,21571,0.565319736338058,0.32017225209040595,0.09231866636725097,0.0025705718399535024,0.012913622973990463,0.0066972246806599476,1.4600867362463894,0.056988494511446046
low,176352,74666,81213,14335,0,5644,492,9088,0.42339185265831975,0.46051646706586824,0.08128629105425512,0.0,0.032004173471239336,0.00278987479586282,1.5170651318349262,0.051533297042279075
low,424758,44757,308661,54728,0,33,16576,23720,0.10537058748746345,0.726674953738364,0.1288451306390933,0.0,7.76912971621488e-05,0.03902457399272056,1.2413791335847986,0.055843562687459686
low,317299,152458,116051,17287,109,6803,24589,14866,0.4804868593976029,0.3657465040860513,0.054481734893586174,0.00034352456200618345,0.02144034491126666,0.07749472894651417,1.6762745300042905,0.04685170769526535
low,145893,30317,86256,23892,276,8,5140,8629,0.2078029788954919,0.5912278176471798,0.16376385433159918,0.0018917974131726677,5.483470762819326e-05,0.03523129965111417,1.5347320841999774,0.05914608651545996
low,252223,177670,29733,43423,0,44,1350,12329,0.7044163299936961,0.11788377745090654,0.1721611431154177,0.0,0.00017444880125920317,0.005352406402271006,1.1992412745728218,0.04888134706192536
low,303243,55019,207852,35925,1,3324,1119,12907,0.18143535052746476,0.6854304963346227,0.11846934636578585,3.2976853546495716e-06,0.010961506118855175,0.0036901099118528706,1.2861208679184952,0.042563224872462016
low,395350,114670,218419,51788,170,0,10301,22534,0.2900467939800177,0.5524699633236373,0.13099279119767296,0.00042999873529783733,0.0,0.02605539395472366,1.5168999201254212,0.056997597065890984
low,175657,41893,115372,8007,0,0,10383,9266,0.23849319981554962,0.6568027462611794,0.045583153532167804,0.0,0.0,0.059109514565317635,1.3358124762296195,0.052750530864127246
low,434979,91246,323254,5839,111,220,14306,23503,0.20977104641833283,0.7431485198136002,0.013423636543373358,0.00025518473305607855,0.0005057715429940296,0.03288894406396631,1.044997274957172,0.054032493522675806
low,87951,32064,27590,26695,414,87,1099,4546,0.3645666336937613,0.3136973996884629,0.30352127889392955,0.004707166490432173,0.0009891871610328477,0.012495594137644825,1.7027553515687723,0.05168787165580835
low,190897,58284,114482,5803,5637,151,6537,7870,0.30531647956751545,0.5997056004023112,0.03039859191082102,0.02952901302796796,0.0007910024777759735,0.03424359733259297,1.4430853725078272,0.04122642053044312
low,100686,22344,43170,27714,0,59,7397,4145,0.22191764495560456,0.42875871521363446,0.2752517728383291,0.0,0.0005859801759926902,0.07346602308165981,1.8011388281969642,0.04116759033033391
low,407414,153266,176464,57854,0,16468,3360,17530,0.37619227616134937,0.43313190022925085,0.14200297486095226,0.0,0.040420800463410685,0.008247139273564482,1.6975115322178773,0.043027485555233745
low,157807,86342,33025,22432,0,1184,14821,9281,0.5471366922886818,0.20927462026399335,0.14214832041671155,0.0,0.007502835742394191,0.09391852072468268,1.7217886097508368,0.05881234672733149
low,358740,101763,163775,18499,276,0,74425,15901,0.28366783743100854,0.45652840497296093,0.05156659419077884,0.000769359424652952,0.0,0.20746222891230418,1.7313444297338532,0.044324580476110834
low,168295,32691,118183,1998,35,2205,13181,9956,0.19424819513354527,0.7022371431117977,0.01187201045782703,0.00020796815116313615,0.013101993523277579,0.07832080572803708,1.2655357582820905,0.059158026085148106
low,302635,144034,140379,4073,72,647,13427,14779,0.4759330546698168,0.46385579989095777,0.013458456556578057,0.0002379103540568672,0.0021378888760387924,0.04436697672113272,1.3287504722445567,0.048834404480645
low,222302,52637,136873,31275,10,928,576,11408,0.23678149544313593,0.6157074610214933,0.1406869933693804,4.498385079756367e-05,0.004174501354013909,0.0025910698059396675,1.3768940018612605,0.05131757698986064
low,158018,31564,103512,17037,0,5638,265,6721,0.19974939563847158,0.6550646128922022,0.1078168309939374,0.0,0.03567947955296232,0.0016770241364907794,1.3974338379782887,0.042533129137186904
low,115846,31366,42765,35174,0,1412,5127,4689,0.27075600366003144,0.3691538766983754,0.30362722925262847,0.0,0.012188595203977694,0.04425703088583119,1.8397825610549958,0.040476149370716294
low,85173,8356,34686,31655,0,0,10474,4338,0.09810620736618413,0.40724173153464127,0.37165533678513146,0.0,0.0,0.12297324269428105,1.7589404421202322,0.050931633264062554
low,257990,96398,133523,14763,6214,10,7080,11252,0.37365014147835185,0.5175510678708477,0.05722314818403814,0.024086204891662466,3.876119229427497e-05,0.02744292414434668,1.5310435355875018,0.043614093569518196
low,155708,44365,107381,941,183,108,2727,9331,0.2849243455699129,0.6896305905926478,0.006043363218331749,0.0011752768001644103,0.0006936059804248979,0.017513551005728673,1.0512690682772776,0.05992627225319187
low,231906,48676,166549,11138,2,2855,2683,11843,0.2098953886488491,0.7181746052279803,0.04802808034289755,8.624183936595e-06,0.012311022569489362,0.011569342750942192,1.1787729054278118,0.05106810518054729
low,113089,31724,58825,10967,0,617,10954,5627,0.2805224203945565,0.5201655333409969,0.0969767174526258,0.0,0.005455879882216661,0.09686176374360017,1.6986047068693355,0.04975727082209587
low,168628,16408,71788,78833,5,741,850,7053,0.09730293901368693,0.4257181488246317,0.46749650117418223,2.9651066252342433e-05,0.004394288018597149,0.005040681262898214,1.4377248573796317,0.041825794055554234
low,278102,109706,117848,17719,3050,9994,19781,15294,0.39448116158819424,0.4237581894412841,0.06371403298070492,0.010967199085227723,0.0359364549697593,0.07112857872291461,1.822459120810971,0.05499421075720419
low,209493,99637,93934,14958,41,320,600,9099,0.47561016358541813,0.4483872969502561,0.07140095373115092,0.0001957105965354451,0.0015274973388132301,0.0028640575102748065,1.3415742461836508,0.043433432143317435
low,108994,19700,73230,6220,101,9241,499,5359,0.18074389415931152,0.6718718461566692,0.057067361506137955,0.0009266565132025616,0.08478448354955319,0.004578233664238399,1.4140613885669147,0.04916784410151018
low,423379,159066,145377,116648,0,36,2249,21169,0.3757059277857428,0.3433731951750087,0.27551673559623885,0.0,8.503019752987277e-05,0.005312025395685662,1.613844732482318,0.05000011809749657
low,125698,32766,33006,25295,13645,10365,10618,6766,0.260672405288867,0.26258174354405,0.20123629652023103,0.1085538353832201,0.08245954589571831,0.08447230663972378,2.4234515511651322,0.053827427644035704
low,190343,37081,109667,30736,6,154,12696,9156,0.19481147192174128,0.576154626122316,0.1614769127312273,3.152204178772006e-05,0.0008090657392181483,0.06670064042281565,1.6121465617377897,0.048102635768060814
low,141689,18575,64000,29194,2256,22647,5015,6371,0.13109698000550501,0.45169349773094597,0.2060428120743318,0.015922195795015845,0.15983597879863645,0.03539442017376084,2.0602896709715512,0.04496467615693526
low,293843,38059,195582,19096,0,35907,5196,15548,0.12952154722079479,0.6656003375952464,0.0649870849399169,0.0,0.12219790840687034,0.017682912303509015,1.5026347300043676,0.05291260979502659
low,130114,22248,61041,14819,0,2339,29664,7438,0.17098851776134774,0.4691347587500192,0.11389243278970748,0.0,0.017976543646340902,0.22798469034846366,1.8954246697140302,0.05716525508400326
low,232228,43545,101854,77773,0,724,8329,13174,0.1875096887541554,0.4385948292195601,0.334899323079043,0.0,0.0031176257815595017,0.03586561482680814,1.701029004179841,0.05672873210810066
low,115479,15954,85027,9005,834,0,4655,5457,0.138154989218819,0.7362983745962469,0.07797954606465245,0.007222092328475307,0.0,0.040310359459295626,1.24484145699765,0.047255345127685554
low,228496,50358,119491,13786,221,16,44620,12683,0.22038897836285976,0.5229456970800365,0.060333660107835585,0.0009671941740774456,7.002310762551643e-05,0.19527694139065893,1.685164150804971,0.05550644212590155
low,131357,24118,85788,15853,0,193,5402,5617,0.1836065074567781,0.6530904329422871,0.12068637377528416,0.0,0.001469278378769308,0.04112456892285908,1.421726190544132,0.042761329811125404
low,215483,77375,119836,4451,6258,580,6980,10829,0.3590770501617297,0.5561273975209181,0.020655921812857626,0.029041734150721865,0.002691627645800365,0.03239234649601128,1.448513363872197,0.050254544442020946
low,283040,104597,141918,21868,0,12704,1950,11704,0.3695484737139627,0.5014061616732617,0.07726116449971736,0.0,0.04488411531938948,0.0068894855850763145,1.565969981642406,0.04135104578858112
low,115322,37416,77279,390,73,0,162,4702,0.32444806715110736,0.6701149823971142,0.0033818352092402143,0.0006330101801911171,0.0,0.0014047623176843967,0.9616836258849261,0.040772792702173044
low,212372,60145,54077,15747,830,8,81562,8908,0.28320588401484187,0.2546333791648617,0.07414819279377696,0.003908236490686155,3.7669749307818356e-05,0.3840525116305351,1.8583371927114731,0.04194526585425574
low,447547,37943,331927,74670,0,18,2986,20509,0.08477992255561986,0.7416584179985566,0.1668428120398528,0.0,4.021923954355632e-05,0.006671924959836621,1.1014490626763223,0.0458253546554887
low,158504,15777,106276,1464,28032,67,6885,8822,0.09953692020390653,0.6704941200222077,0.009236359965679099,0.17685358098218343,0.0004227022661888659,0.043437389592691666,1.4237321847951303,0.05565790137788321
low,191048,56776,71214,27737,16372,10471,8475,11213,0.2971818600561116,0.3727544910179641,0.1451834094049663,0.08569574138436414,0.054808215736359446,0.04436057954022026,2.1878898197920833,0.058692056446547465
low,333040,78750,231005,7477,0,3,15802,18247,0.23645808311313957,0.6936253903435022,0.022450756665865962,0.0,9.00792697573865e-06,0.04744775402354071,1.18975781921525,0.05478921450876772
low,104255,11513,71988,2633,0,18022,96,4988,0.11043115438108483,0.6904992566303775,0.02525538343484725,0.0,0.1728646108100331,0.0009208191453647307,1.3010279173133763,0.0478442280945758
low,96516,14142,50659,4616,0,10269,16828,5420,0.14652492850926271,0.5248767043806208,0.047826267147415974,0.0,0.10639686684073107,0.1743545111691326,1.887147656282295,0.05615649218782378
low,315967,91590,196265,17329,5202,1,5577,16700,0.2898720435994898,0.6211566397756728,0.05484433500966873,0.016463744631559626,3.164887472425918e-06,0.017650577433719346,1.374690447328034,0.05285362078951283
low,168667,61934,80986,10504,0,6757,8483,9074,0.36719690277291944,0.48015320127825833,0.06227655676569809,0.0,0.04006118564983073,0.050294367007179826,1.6912678354410091,0.053798312651556025
low,111462,25887,74874,7693,0,355,2650,4818,0.23224955590246002,0.6717446304570167,0.06901903787838008,0.0,0.0031849419533114425,0.02377491880640936,1.295634035620751,0.04322549389029445
low,182873,36404,135847,2477,5387,77,2677,10013,0.19906711214886835,0.7428488623252202,0.013544919151542328,0.02945760172360053,0.0004210572364427772,0.014638574311133957,1.1099296759355273,0.05475384556495491
low,210620,78642,114701,2806,8234,73,6161,9906,0.37338334441173676,0.5445874086031716,0.013322571455702212,0.03909410312410977,0.00034659576488462634,0.029251732978824423,1.4270237283732465,0.04703257050612478
low,182808,35176,108697,6594,0,18149,14189,10401,0.1924204629994311,0.5945965165638265,0.036070631482210846,0.0,0.09927902498796552,0.07761695330620104,1.6934022623970821,0.05689575948536169
low,92180,12568,42567,34189,58,2003,793,5067,0.13634193968322847,0.4617812974614884,0.37089390323280536,0.0006292037318290302,0.021729225428509438,0.008602733781731394,1.6231694977974949,0.054968539813408546
low,173841,14900,121875,24947,7783,4158,176,7796,0.08571050557693524,0.701071668938858,0.14350469682065795,0.04477079630236826,0.023918408200597097,0.0010124193947342686,1.4044496535703712,0.0448455772803884
low,246233,74754,119057,37630,1076,1057,12655,14268,0.30359050167930374,0.48351358266357475,0.152822732939939,0.004369844821774498,0.004292682134401157,0.051394410984717726,1.731269884183728,0.057945117023307194
low,364368,83204,176003,28589,0,0,76570,17710,0.228351556667984,0.4830363808018267,0.07846188468800773,0.0,0.0,0.21014468888596144,1.7546734164619688,0.048604707328854344
low,76007,29374,33351,5702,0,4710,2868,4133,0.3864644045943137,0.43878853263515205,0.07501940610733222,0.0,0.0619679766337311,0.03773336666359677,1.7588860463994604,0.05437657057902562
low,154841,33808,107782,8601,14,1075,3557,9196,0.21834010371929916,0.6960817871235655,0.055547303362804425,9.04153292732545e-05,0.006942605640624899,0.022971951873211875,1.2508491776871506,0.05938995485691774
low,228651,59042,120543,39357,80,783,8843,12828,0.25821885756021185,0.5271920962514924,0.1721269533043809,0.00034987819865209426,0.0034244328693073724,0.038674661383505865,1.641780744625669,0.056102969153863314
low,129942,66874,36378,21692,5,211,4778,6458,0.5146449954595127,0.27995567253082143,0.1669360176078558,3.84787058841637e-05,0.0016238013883117083,0.03677025134290684,1.6293806511589863,0.04969909651998584
low,514532,253802,98529,50632,13252,17,98298,26517,0.49326766848320414,0.19149246305380424,0.09840398653533697,0.025755443781922214,3.3039733194436886e-05,0.19104351138510337,1.881401704627138,0.051536153242169584
low,316705,73847,160235,40071,81,95,42373,18812,0.2331728264473248,0.5059440173031685,0.12652468385405977,0.0002557585134431095,0.0002999636886061161,0.1337932776558627,1.759285147212166,0.05939912536903427
low,221221,76924,139826,3285,902,47,234,12887,0.3477246735165287,0.6320647678113741,0.014849403989675483,0.004077370593207698,0.00021245722603188666,0.0010577657636481165,1.0838637853150097,0.058253963231338794
low,286488,116755,119431,11186,0,30277,8837,15373,0.40753888470023175,0.4168795900700902,0.03904526542123928,0.0,0.10568330959760967,0.03084596911563486,1.7341196828666352,0.053660188210326434
low,207808,48390,132180,23454,120,1228,2433,12089,0.23285917770249462,0.6360679088389283,0.1128637973514013,0.0005774561133353865,0.005909300893132122,0.011707922697874962,1.385072469091533,0.0581738912842624
low,268387,101293,153817,11808,113,66,1287,11857,0.3774139582021484,0.5731164326140983,0.043996169710157344,0.000421033805661228,0.00024591355020921283,0.0047953142290796495,1.2337122437216215,0.04417874189137328
low,176079,22766,137980,826,1,8463,6039,8409,0.12929423724578173,0.7836255317215568,0.004691076164676083,5.679268964498889e-06,0.0480636532465541,0.03429710527660879,1.0709699390667111,0.04775697272247116
low,184016,48379,60006,68704,0,5105,1819,10078,0.2629064863924876,0.32609120946004694,0.37335883836188155,0.0,0.027742152856273367,0.009885009999130511,1.7738914585776473,0.05476697678462742
low,185365,18649,123198,32340,1233,7382,2560,8874,0.10060691068972027,0.6646238502414156,0.17446659293825695,0.006651741159334286,0.03982413076902328,0.013810589917190409,1.4831501283806767,0.04787311520513581
low,128158,76790,49410,685,0,655,615,6830,0.599182259398555,0.3855397244026904,0.005344964809063812,0.0,0.00511087875903182,0.004798764025655831,1.0891037449886067,0.053293590723950124
low,389913,63874,227131,54468,0,1366,43072,21818,0.1638160307555788,0.5825171256152013,0.13969270067938233,0.0,0.003503345618125069,0.11046566798234478,1.6580366656185972,0.055956072252015196
low,187664,67773,96466,15863,3205,0,4354,8272,0.36114012277261487,0.5140357234205815,0.08452873220223378,0.017078395430130445,0.0,0.02320104015687612,1.5517013873396104,0.04407877909455196
low,216196,84851,94062,30890,3448,3,2939,10687,0.39247257118540585,0.43507742973968067,0.14287960924346427,0.015948491183925696,1.3876297433810062e-05,0.013594146052655923,1.6327760363276378,0.04943199689170937
low,155711,29332,92174,33307,0,340,555,7106,0.188374617079076,0.5919556100725061,0.21390267868037582,0.0,0.0021835323130671566,0.0035642953933890348,1.4256591458512655,0.04563582534310357
low,190151,25739,122558,29922,1467,367,10095,10980,0.13536084480228872,0.6445298736267493,0.15735915141124684,0.007714921299388381,0.0019300450694448097,0.05308938685570941,1.5151758696292421,0.05774358273161856
low,174947,94548,23198,50020,0,36,7143,7190,0.5404379612111097,0.13260015890526844,0.28591516287790014,0.0,0.00020577660662943634,0.04082950836539066,1.5736869712887762,0.04109816115737909
low,143946,33515,89169,11871,8621,762,5,8488,0.23283036694315923,0.6194614647159351,0.08246842565962235,0.05989051449849249,0.005293651786086449,3.4735247940199796e-05,1.4982319850246861,0.058966556903283174
low,159450,20141,59063,40837,9,81,39317,7967,0.12631545939165884,0.3704170586390718,0.2561116337409846,5.644402634054563e-05,0.0005079962370649106,0.24657886484791472,1.9154779959592556,0.04996550642834745
low,163080,12795,119956,26520,0,1,3806,9073,0.07845842531272995,0.7355653666911945,0.1626195732155997,0.0,6.13195977434388e-06,0.02333823890115281,1.1667632293021843,0.05563527103262202
low,198417,92204,88687,10402,9,0,7112,11773,0.4646980853455097,0.4469727896299208,0.0524249434272265,4.5359016616519755e-05,0.0,0.035843702908520944,1.4288285353487378,0.059334633625143005
low,261498,85003,113927,27658,0,344,34564,15515,0.3250617595545664,0.4356706361042914,0.10576753933108475,0.0,0.001315497632869085,0.1321769191351368,1.7904992635007793,0.059331237715011205
low,299205,108476,138744,44512,0,0,7471,13856,0.3625474173225715,0.4637088283952474,0.14876756738690863,0.0,0.0,0.02496950251499808,1.5866722211834248,0.046309386541000315
low,89009,4069,61245,12835,28,7,10822,3718,0.045714478311182014,0.6880764866474177,0.1441989012347066,0.000314574930624993,7.864373265624825e-05,0.12158321068655979,1.3518206890938647,0.04177105685941871
low,228729,38801,140115,43660,3960,8,2182,11986,0.16963743119586935,0.6125808270923232,0.19088091147165423,0.017313064805949397,3.497588849686747e-05,0.009539673587520604,1.4892199966020359,0.05240262494043169
low,166472,15096,87884,11414,0,119,51957,7463,0.09068191647844683,0.5279206112739679,0.06856408284876736,0.0,0.0007148349271949637,0.312106540439233,1.5974415972146576,0.044830361862655585
low,114515,25151,55366,22999,0,30,10965,5517,0.21963061607649653,0.4834825132078767,0.2008383181242632,0.0,0.00026197441383224906,0.09575164825568702,1.7795274755196862,0.0481770947037506
low,230517,112770,74954,14297,745,2945,24803,10486,0.4892047007379065,0.32515606224269794,0.062021456118203866,0.003231865762611868,0.012775630430727452,0.10759727048330492,1.73356165949851,0.045489052868118184
low,283487,9090,130712,140725,0,733,2224,13169,0.032064962414502254,0.4610863990235884,0.49640724266015723,0.0,0.0025856564851298295,0.00784515692077591,1.2527822044028916,0.046453629266950514
low,297971,86446,103184,76050,2965,4903,24420,14650,0.29011548103674517,0.3462887327961446,0.25522617972889977,0.009950632779700038,0.016454621422890146,0.08195428414174534,2.010040337419175,0.04916585842246393
low,263302,44963,160010,2779,0,0,55548,12992,0.17076588859940298,0.6077052206211878,0.010554420399389294,0.0,0.0,0.21096687453950216,1.4150102434102656,0.04934258000319025
low,158941,60274,81049,12110,0,0,5504,8297,0.3792224787814346,0.5099313581769336,0.07619179443944608,0.0,0.0,0.0346292020309423,1.4769596045718507,0.05220176040165848
low,214030,48128,115615,35984,0,0,14300,12732,0.22486567303649022,0.5401812829977106,0.1681259636499556,0.0,0.0,0.06681306358921646,1.6573527246419955,0.05948698780544783
low,114886,28135,75937,9176,0,1521,113,5673,0.24489493933116308,0.6609769684730951,0.07987048030221262,0.0,0.013239211043991434,0.0009835837264766812,1.275548200421556,0.04937938478143551
low,277468,63618,171587,19666,383,4585,17626,14415,0.22928049360646993,0.6184028428503467,0.07087664163074661,0.0013803393544480804,0.01652442804215261,0.06352444245822941,1.5501474510363387,0.05195193679991927
low,81419,12815,44144,17727,4307,17,2406,4740,0.15739569387980692,0.5421830285314239,0.2177255923064641,0.05289920043233152,0.00020879647256782816,0.029550841941070265,1.7545706261974603,0.05821736941008855
low,261203,79576,176573,1453,0,1553,2046,10745,0.3046519373820362,0.6759991271156917,0.005562723245904526,0.0,0.005945567240805044,0.007832988135664598,1.0447107086986152,0.04113658725206066
low,145825,44817,59841,31581,0,11,9573,7526,0.30733413337905024,0.4103617349562832,0.2165678038745071,0.0,7.543288187896451e-05,0.06564717983884794,1.7874052027554101,0.05160980627464427
low,221948,55260,124699,34202,89,0,7696,12346,0.24897723791158288,0.5618388090904176,0.154099158361418,0.0004009948276172797,0.0,0.03467478868924252,1.5552153855830155,0.055625642042280175
low,233696,79515,138199,14560,0,0,1420,10169,0.3402497261399425,0.5913622826235794,0.06230316308366425,0.0,0.0,0.006076270026016705,1.2716204366810808,0.043513795700397095
low,267622,86398,92588,66062,331,2,22238,12361,0.3228359402440756,0.3459655783156841,0.24684816644371538,0.0012368190955900486,7.473227163686094e-06,0.08309481283302568,1.8648873125527903,0.04618828048516191
low,156927,28166,110829,6688,333,3,10905,8401,0.1794847285680603,0.7062455791546388,0.04261854237957777,0.002122005773385077,1.911716912959529e-05,0.06949090978607887,1.2796328226298281,0.05353444595257668
low,136426,28845,98245,7957,0,4,1373,7698,0.2114333045020744,0.7201339920543005,0.05832465952237843,0.0,2.9319924354595164e-05,0.010064064034714791,1.1214055552827449,0.056426194420418394
low,338867,18497,201823,68275,0,15755,34514,14663,0.054584837118987685,0.5955817474112263,0.2014802267556298,0.0,0.046493166935700436,0.10185116874762075,1.681420658048064,0.04327066371172171
low,305865,107142,167685,13050,8697,2186,7102,16896,0.3502917953999313,0.5482320631651219,0.04266588200676769,0.02843411308910794,0.007146943913164305,0.023219394177169665,1.5227168896177852,0.05524005688784268
low,208476,52258,128668,27245,170,21,112,10952,0.25066674341411,0.6171837525662426,0.13068650588077285,0.0008154415856021797,0.0001007310193979163,0.0005372321034555536,1.329282168025204,0.05253362497361807
low,221024,42313,74100,101292,0,25,3292,13108,0.19144074851599827,0.33525770957000145,0.45828507311423194,0.0,0.00011310988851889388,0.014894310120167946,1.5929400463196377,0.05930577674822644
low,198210,81643,85077,17761,0,80,13646,8588,0.41190151859139296,0.429226577871954,0.08960698249331517,0.0,0.0004036123303566924,0.06884617325059281,1.6330025371210257,0.04332778366379093
low,172686,39834,117376,7223,3246,3535,1469,9108,0.23067301344637087,0.6797076775187334,0.041827362959359765,0.018797123102046488,0.020470680889012428,0.008506769512293991,1.3393928740491003,0.05274312914770161
low,182756,27667,103488,25829,1676,12664,11430,8835,0.15138764253977982,0.566263214340432,0.141330517192322,0.009170697542077963,0.06929457856376808,0.06254240626846724,1.8549247171077274,0.04834314605266038
low,147473,18458,74953,49193,0,889,3978,7204,0.12516189404162117,0.5082489676076298,0.3335729252134289,0.0,0.006028222115234653,0.026974429217551686,1.5849076169582035,0.04884961993042794
low,161096,18194,119687,8875,2199,14,12125,8015,0.11293886874906887,0.7429545115955704,0.05509137408750062,0.013650245816159309,8.690470278591648e-05,0.07526568009137409,1.2708295755627539,0.04975294234493718
low,147490,77617,44415,22319,70,4,3063,6888,0.5262526272967659,0.3011390602752729,0.15132551359414198,0.00047460844803037496,2.7120482744592853e-05,0.020767509661671978,1.5428066278698245,0.04670147128618889
low,344661,62752,189028,22388,152,2,70336,16674,0.182068757416708,0.5484461543371603,0.06495658052405116,0.0004410130534061005,5.802803334290796e-06,0.2040729876603387,1.6518329632475506,0.04837797139798237
low,135713,14718,68931,25821,13317,1401,11521,7256,0.10844944846845918,0.5079174434284114,0.19026180248023403,0.09812619277445786,0.010323255694001311,0.08489238319099865,1.9982752697261819,0.05346576967571272
low,102968,25852,39816,24575,0,9,12714,4822,0.25106829306192213,0.38668324139538496,0.23866638178851682,0.0,8.740579597544869e-05,0.12347525444798384,1.8977459191796657,0.046830083132623726
low,149478,43696,71863,19379,59,60,14417,8810,0.2923239540266795,0.48075971045906424,0.12964449618003987,0.00039470691339193727,0.0004013968610765464,0.09644897576900949,1.7431937044575667,0.058938439101406226
low,328974,159521,129887,18030,5431,1,16102,13270,0.4849045821250312,0.394824515007265,0.05480676284448011,0.016508903439177564,3.0397539015241326e-06,0.04894611732234158,1.5761557815954579,0.04033753427322524
low,250626,77132,121211,25316,10,3175,23780,10773,0.3077573755316687,0.4836329830105416,0.10101106828501433,3.990009017420379e-05,0.012668278630309705,0.09488241443425662,1.76697937900009,0.042984367144669744
low,175129,19507,130805,9367,0,7491,7955,9644,0.11138646369247812,0.7469065660170503,0.053486287251112034,0.0,0.0427741836018021,0.04542365913126895,1.2902071410668712,0.05506797846159117
low,200448,58160,73761,67413,0,22,1089,8423,0.2901500638569604,0.36798072318007663,0.33631166187739464,0.0,0.00010975415070242656,0.005432830459770115,1.6197391884336292,0.04202087324393359
low,178473,10984,158418,4072,3858,0,1138,9847,0.061544323230964905,0.8876300616900036,0.022815776055761936,0.02161671513338152,0.0,0.006376314624621091,0.6907042750032698,0.05517361169476615
low,258394,73115,107030,65112,1,842,12292,14635,0.2829593566414081,0.41421240431279366,0.25198727524632925,3.870058902296493e-06,0.003258589595733647,0.04757076402702849,1.7791603165380783,0.056638312035109176
low,199278,16402,107255,69969,0,18,5632,9807,0.08230712873473238,0.5382179668603659,0.35111251618342215,0.0,9.032607713846988e-05,0.028262025913547907,1.4543643144036325,0.04921265769427634
low,152427,68303,41775,39854,0,390,2101,6161,0.4481030263667198,0.2740656182959712,0.26146286419072734,0.0,0.00255860182251176,0.013783647254095402,1.6439798643780144,0.040419348278192185
low,193251,76154,63296,29447,2647,8370,13333,11231,0.3940678185365147,0.3275325871534947,0.15237696053319258,0.013697212433570848,0.04331154819379977,0.06899317467956181,2.017522805445758,0.05811612876518103
low,143362,32270,78891,17267,20,2707,12203,6060,0.22509451598052482,0.5502922671279697,0.12044335318982716,0.00013950698232446533,0.018882270057616383,0.08512018526527253,1.7387231972160475,0.042270615644312996
low,217772,64935,137490,13748,957,0,639,12775,0.298178829234245,0.6313483827121944,0.06313024631265728,0.0043945043439928,0.0,0.0029342615212240323,1.2501420529124003,0.05866227063166982
low,145976,50263,73448,6832,4,15259,167,5933,0.3443237244478544,0.5031512029374692,0.04680221406258563,2.7401764673644982e-05,0.1045308817887872,0.001144023675124678,1.5871107791724792,0.040643667452183924
low,239534,73901,151020,13116,0,475,1020,12579,0.3085198760927467,0.6304741706814064,0.05475631851845667,0.0,0.0019830170247230037,0.004258268137299924,1.2238129268282163,0.05251446558734877
low,142096,74199,61392,3895,0,2240,367,7510,0.5221751491949105,0.4320459407724355,0.027411046053372367,0.0,0.015763990541605676,0.0025827609503434297,1.271405586526331,0.05285159328904403
low,131783,15534,87748,6437,121,19226,2714,5406,0.11787559852181237,0.6658521964138014,0.048845450475402744,0.0009181760925157266,0.14589135169179637,0.02059446210816266,1.4968027474241463,0.04102198310859519
low,376440,39320,217237,84301,0,2,35577,17818,0.10445223674423547,0.5770826692168739,0.22394272659653597,0.0,5.312931675698651e-06,0.09450908511316544,1.6033246490923485,0.04733290829879928
low,251758,76104,101704,18618,10909,3,44418,13346,0.30229029464803503,0.4039752460696383,0.07395196974872695,0.04333129433821368,1.1916205244719135e-05,0.1764313348533115,1.965865634141212,0.05301122506534053
low,335983,145331,148787,41805,0,2,54,17134,0.43255462329939315,0.44284085801960216,0.12442593821711218,0.0,5.952682129750612e-06,0.00016072241750326655,1.419611278458848,0.0509966278055735
low,161815,57113,87056,11718,0,1040,4886,8585,0.3529524456941569,0.537997095448506,0.0724160306522881,0.0,0.006427092667552452,0.030194975743905075,1.4849914311500187,0.053054413991286346
low,323419,71002,151624,79449,1413,3081,16847,15861,0.21953564880232762,0.4688159941129,0.24565347119371467,0.004368945547416818,0.009526341989802702,0.05209032246095622,1.8103803326871213,0.049041645667075834
low,326426,86353,156126,26989,0,717,56239,15950,0.26454081476352986,0.47828910687261433,0.08268030120149743,0.0,0.0021965162088804203,0.17228713399055223,1.7702789408702113,0.048862529332835004
low,179948,17526,72678,44425,0,30879,14437,7303,0.09739480294307244,0.40388334407717785,0.2468768755418232,0.0,0.17159957321003846,0.08022873274501523,2.0821229971364343,0.040583946473425656
low,81351,11848,62014,4720,0,870,1895,4465,0.14564049612174404,0.7623016312030584,0.058020184140330174,0.0,0.010694398347899842,0.023294120539391033,1.1379690402361353,0.05488561910732505
low,248057,31440,82447,41328,2417,0,90422,13443,0.126745062626735,0.3323711888799752,0.16660686858262416,0.009743728256005677,0.0,0.36452105766013454,1.9324573498192703,0.05419318946854957
low,118778,21251,45029,49359,0,5,3132,5598,0.1789136035292731,0.3791021906413646,0.41555675293404504,0.0,4.209533752041624e-05,0.02636851942278873,1.6400533345516255,0.04712993988785802
low,198849,14419,52184,57536,0,4047,70661,10342,0.07251230833446484,0.2624302862976429,0.28934518151964556,0.0,0.020352126487938084,0.35535003947719124,1.9434501416465333,0.052009313599766654
low,163899,22965,125195,5376,0,0,10361,9803,0.1401167792359929,0.7638545689723549,0.03280068822872623,0.0,0.0,0.0632157609259361,1.1076659530552964,0.05981122520576697
low,196581,8672,165664,18437,0,0,3806,9876,0.04411413107065281,0.8427264079437993,0.09378831117961553,0.0,0.0,0.019360975882715015,0.8370804889653498,0.0502388328475285
low,287995,71314,192768,8693,2222,0,12996,16977,0.24762235455476658,0.6693449539054498,0.030184551815135678,0.007715411725898019,0.0,0.04512578343374017,1.2946169369293248,0.05894894008576538
low,145181,51090,75736,16331,822,619,580,6587,0.3519055523794436,0.5216660582307602,0.11248717118631225,0.0056618979067508835,0.004263643314207782,0.003995013121551718,1.4822138874147759,0.04537095074424339
low,204695,30190,97081,33003,2897,234,41287,10707,0.1474877256405872,0.47427147707564915,0.16123012286572705,0.014152763868194142,0.0011431642199369793,0.2017000903783678,1.9061476533282953,0.05230709103788563
low,161913,28140,104677,3963,14,15426,9689,8573,0.17379703915065497,0.6465015162463792,0.024476107539234033,8.646618863216666e-05,0.09527338755998592,0.059840778689790194,1.544020127593663,0.05294818822454034
low,200327,66229,55673,21817,98,3,56504,9713,0.33060446170511215,0.2779106161426068,0.10890693715774709,0.0004892001577420917,1.4975515032921174e-05,0.28205883380672603,1.9103178653636628,0.04848572583825445
low,266815,166177,78558,21350,0,11,716,14789,0.6228173078724959,0.2944287240222626,0.08001798999306636,0.0,4.1227067443734425e-05,0.002683507299064895,1.2599037176488825,0.055427918220489855
low,172799,35719,91755,24966,2419,6,17931,7142,0.20670837215493146,0.5309926562075012,0.14448000277779385,0.013998923604881973,3.472242316217108e-05,0.10376796162014826,1.7841969717264494,0.04133125770403764
low,166833,51918,93873,15410,0,1566,4063,7302,0.31119742496988007,0.5626764489039938,0.09236781691871512,0.0,0.009386632141123159,0.024353695012377646,1.5020643637957802,0.04376831921742101
low,194660,5771,69558,103251,0,3148,12929,8721,0.02964656323846707,0.35733073050446934,0.5304171375732045,0.0,0.016171786705024144,0.06641837049214014,1.52230429500341,0.04480119182163773
low,132971,31580,93406,7531,0,0,451,7765,0.23749539373246797,0.7024539185235879,0.05663640944266043,0.0,0.0,0.003391716990922833,1.112909750921818,0.05839619165081108
low,144309,14546,93749,29107,5,3,6896,6880,0.10079759405165305,0.6496407015501459,0.20169913172428608,3.464787365999349e-05,2.078872419599609e-05,0.04778634735186302,1.4143063637097177,0.04767547415615104
low,235384,87383,119275,17288,26,141,11268,10022,0.371235937871733,0.5067251809808653,0.07344594364952588,0.00011045780511844475,0.0005990211739115657,0.04787071338748598,1.5221210608920939,0.04257723549604051
low,264196,57336,153038,44058,0,5,9758,11166,0.21702069675543914,0.5792593377643871,0.166762555072749,0.0,1.8925343305727565e-05,0.03693469999545792,1.5416290276282902,0.0422640766703508
low,168098,3767,105739,40382,38,245,17923,8873,0.022409546811978726,0.6290318742638223,0.24022891408583089,0.00022605860866875275,0.001457483134838011,0.10662232745184357,1.3985660584413564,0.05278468512415377
low,259185,50370,138665,11935,11,28,58172,13921,0.1943399502286012,0.5350039547041688,0.046048189517140264,4.2440727665567064e-05,0.00010803094314871617,0.22444200088739702,1.632399053512142,0.05371066998475992
low,168441,74792,85139,3169,0,1136,4202,9747,0.4440249107996272,0.5054529479164811,0.018813709251310547,0.0,0.0067442012336663875,0.02494642040833289,1.3069459918305364,0.05786595900048088
low,145609,47080,86034,6495,0,1002,4995,7733,0.32333166219121073,0.5908563344298773,0.04460575925938644,0.0,0.006881442767960772,0.03430419822950504,1.3916758882824674,0.05310798096271522
low,242941,79963,118317,11015,3695,6498,23449,12933,0.32914575967004334,0.4870194820964761,0.04534022663938981,0.015209454147303255,0.026747234925352244,0.0965213776184341,1.7927000908867414,0.053235147628436535
low,309603,31152,206134,35352,3,22051,14907,12994,0.10061918004670498,0.6658010419795674,0.11418494006841019,9.689828586932297e-06,0.07122347005681469,0.04814875824846659,1.5638786850072932,0.04196987755286609
low,268471,29121,133078,79025,0,11266,15978,12550,0.10846981610676758,0.49568854736638224,0.294352090169888,0.0,0.0419635640348492,0.059514807930837965,1.803071292424999,0.046746203500564305
low,183989,76214,72558,27539,0,1,7674,9115,0.41423128556598493,0.394360532423134,0.1496774263678807,0.0,5.435107533602552e-06,0.041709015212865984,1.657481307662352,0.04954100516878726
low,103870,20944,65538,13943,2363,21,1059,5801,0.2016366612111293,0.6309617791470107,0.13423510156926927,0.022749590834697218,0.00020217579666891307,0.010195436603446616,1.468012978407525,0.055848656975064984
low,235328,59599,105332,55788,1200,153,13253,12845,0.25325928066358444,0.447596546097362,0.237064862659777,0.0050992657057383735,0.0006501563774816427,0.05631714033179222,1.7926251413777807,0.054583389991841175
low,232789,58200,84757,50192,4,39012,620,9577,0.25001181327296396,0.36409366421952927,0.21561156240200352,1.718294249298721e-05,0.16758523813410428,0.0026633560864130178,1.96289416355706,0.04114026006383463
low,179919,25926,136444,12245,0,0,5302,8044,0.14409817751321427,0.7583634857908281,0.0680584040596046,0.0,0.0,0.029468816522990902,1.119060037030822,0.044709007942463
low,185701,77719,82342,7458,165,13102,4912,10785,0.41851686312943925,0.44341172099234794,0.04016133461855348,0.0008885251021803868,0.07055427811374199,0.02645112304187915,1.6499458310717614,0.058077231678881645
low,168504,36512,100690,1065,0,30142,92,8856,0.21668328348288468,0.5975525803541756,0.006320324740065518,0.0,0.17888002658690594,0.0005459811043061292,1.418216782468088,0.052556615866685655
low,237354,74057,77309,60158,96,1147,24583,13557,0.3120107518727302,0.32571180599442184,0.2534526487862012,0.00040445916226396016,0.004832444365799608,0.10357103735348888,1.933829367298594,0.05711721732096362
low,115965,22654,45815,29921,0,16389,1184,4985,0.19535204587591085,0.395076100547579,0.25801750528176604,0.0,0.14132712456344587,0.010209977148277498,1.9603055251406913,0.042987108179192
low,57886,20038,26738,11068,0,2,38,2619,0.3461631482569188,0.4619078879176312,0.19120339978578585,0.0,3.455066855543655e-05,0.0006564627025532944,1.5083298542971535,0.04524410047334416
low,233780,62047,134854,23420,0,143,13314,13720,0.2654076482162717,0.5768414748909231,0.10017965608691932,0.0,0.0006116862007015143,0.0569509795534263,1.5402881638725794,0.058687655060313114
low,439944,107622,251036,7136,0,291,73857,20389,0.24462658883857946,0.5706089865982943,0.0162202462131544,0.0,0.0006614478206317168,0.16787818449620862,1.494424452799493,0.046344534758969325
low,196775,78943,83573,19849,26,0,14380,9629,0.4011840935078135,0.4247135052725194,0.10087155380510736,0.00013213060602210646,0.0,0.07307838902299581,1.6646886680700643,0.048934061745648585
low,253364,7933,150067,32074,20841,50,42396,13481,0.03131068344358315,0.592298037605974,0.1265925703730601,0.08225714781894823,0.00019734453197770796,0.16733237555453814,1.711920194204251,0.05320803271182962
low,112443,21934,54165,6029,466,2,29843,6392,0.19506772320197788,0.4817107334382754,0.05361827770514838,0.0041443220120416565,1.7786789751251746e-05,0.26540558327330294,1.7348942786617094,0.05684658004500058
low,153674,11450,117434,24218,293,98,178,8701,0.07450837487148118,0.7641761130705259,0.1575933469552429,0.0019066335229121387,0.000637713601520101,0.0011582961333732446,1.0310529335816048,0.05661985762067754
low,150332,76786,60525,8963,0,476,3579,7669,0.5107761487906767,0.4026088923183354,0.059621371364712766,0.0,0.003166325200223505,0.023807306494957825,1.4207180325517226,0.05101375621956736
low,237822,129526,83374,20771,74,402,3671,12070,0.544634222233435,0.35057311770988386,0.08733842958178806,0.00031115708386944855,0.001690339833993491,0.015435914255199266,1.4268567735255069,0.05075224327438168
low,310272,90865,88454,44068,0,16000,70883,15454,0.2928559457508251,0.2850853444719472,0.1420302186468647,0.0,0.05156765676567657,0.22845438840759075,2.1421270597342614,0.04980791047854786
low,215060,42405,123491,47764,0,0,1398,10172,0.1971775318515763,0.574216497721566,0.22209615921138287,0.0,0.0,0.0065005114851669306,1.4507812876160444,0.04729842834557798
low,435827,80355,230495,98671,137,293,25874,23082,0.18437361613667808,0.5288681059227629,0.22639946584309828,0.00031434491208667657,0.0006722851039517974,0.05936759310460343,1.6735860956533761,0.05296138146558153
low,107645,33915,31028,13521,0,0,29179,4869,0.3150634028519671,0.28824376422499887,0.1256073203585861,0.0,0.0,0.2710669329741279,1.9287174400238185,0.04523201263412142
low,240187,41823,150935,33107,16,3683,10619,11577,0.1741268261812671,0.6284062001690349,0.13783843422000358,6.66147626640909e-05,0.015333885680740423,0.04421138529562383,1.5466314747391408,0.04819994421013627
low,144942,28106,81072,12546,165,311,22739,7737,0.19391204757765176,0.5593409777704185,0.08655876143560873,0.001138386389038374,0.002145685860551117,0.15688344303238536,1.682686744696744,0.05337997267872666
low,227583,33213,119292,31493,2,40561,3019,11462,0.1459379654895137,0.5241692042024229,0.1383802832373244,8.78800261882478e-06,0.17822508711107596,0.013265489953116006,1.81485550738607,0.050364043008484814
low,91381,14940,35600,34844,217,4551,1226,4538,0.16349131657565577,0.38957770214814896,0.3813046475744411,0.002374673072082818,0.04980247535045578,0.013416355697573894,1.8070545666470088,0.049660213830008425
low,177170,64723,86435,6529,0,8,19472,7895,0.3653157983857312,0.48786476265733475,0.036851611446633174,0.0,4.515437150759158e-05,0.1099057402494779,1.562149315280577,0.04456172038155444
low,211098,40014,153329,13207,6,4015,524,12380,0.1895517721626922,0.7263403727178845,0.06256335919809757,2.8422817838160475e-05,0.01901960227003572,0.0024822594245326817,1.1706424974446143,0.05864574747273778
low,186302,73572,76644,28080,0,162,7841,8447,0.3949071936962566,0.41139654968814077,0.15072301961331602,0.0,0.0008695558823845154,0.04208757823319127,1.6691811195214687,0.045340361348777794
low,123277,16187,74777,12913,4634,0,14763,7049,0.13130592081247922,0.6065770581698127,0.10474784428563316,0.037590142524558515,0.0,0.11975469876781557,1.7076389076329443,0.05718017148373176
low,185311,41686,103534,11227,89,2328,26443,7856,0.2249515679047655,0.5587040164911958,0.060584638796401726,0.0004802737020468294,0.01256266492544965,0.14269525284521695,1.6839032992773635,0.0423935977896617
low,96122,20872,59570,12769,1442,7,1459,3941,0.21714071700547222,0.6197332556542727,0.13284159713697177,0.015001768585755602,7.282411934832817e-05,0.015178627161315827,1.476678691751108,0.04099997919310876
low,103281,24007,60576,3556,0,178,14962,5309,0.23244352785120206,0.5865163970139716,0.03443034052729931,0.0,0.0017234534909615516,0.14486691647059963,1.527712347378072,0.05140345271637571
low,120139,54480,36459,27577,502,0,1118,5186,0.4534747251100808,0.3034734765563223,0.22954244666594528,0.0041784932453241665,0.0,0.00930588734715621,1.6226265019257828,0.04316666527938471
low,79770,17567,44318,3009,0,3788,11086,4733,0.22022063432368058,0.5555722702770465,0.037720947724708534,0.0,0.04748652375579792,0.13897455183653,1.7346417674816341,0.05933308261251097
low,92293,26987,56575,8320,0,235,174,4087,0.2924057079085088,0.6129934014497308,0.09014768183935944,0.0,0.0025462386096453686,0.0018853000769289113,1.303482491900898,0.044282881692002646
low,144462,42358,82955,10093,0,0,9053,8506,0.29321205576553006,0.5742340546302834,0.06986612396339521,0.0,0.0,0.06266699893397572,1.497195048296795,0.058880536057925266
low,374774,87388,161678,94315,1720,235,29434,16253,0.23317519358333288,0.43140132453158436,0.25165833275520716,0.004589432564692322,0.0006270445655248229,0.0785379989006708,1.8445400641513428,0.043367469461595524
low,230093,56618,140149,20976,6,2,12338,9661,0.24606572125184165,0.6090971911357581,0.0911631383831755,2.6076412580999857e-05,8.692137526999953e-06,0.053621796404062706,1.4753110921956407,0.04198737032417327
low,135450,57490,29320,44786,2,3232,618,6193,0.42443706164636397,0.21646363971945368,0.3306459948320413,1.4765596160944998e-05,0.023861203396087115,0.004562569213732004,1.6949041621385208,0.045721668512366184
low,416320,42871,229673,137158,0,5960,655,21418,0.1029760760953113,0.5516741929285165,0.3294533051498847,0.0,0.014315910837817063,0.0015733089930822445,1.4412097231319607,0.05144600307455803
low,99454,11122,82275,3449,0,316,2289,4149,0.11183059504896736,0.8272668771492349,0.03467934924688801,0.0,0.0031773483218372313,0.02301566553381463,0.8995594823787063,0.041717779073742633
low,138490,73006,57568,1792,0,2707,3416,6075,0.5271571954653765,0.4156834428478591,0.01293956242327966,0.0,0.019546537656148458,0.024666040869376852,1.3372435591755634,0.04386598310347317
low,185581,62067,93438,18237,0,87,11749,9838,0.3344469530824815,0.5034890425205166,0.09826975821878317,0.0,0.0004687979911736654,0.0633092827390735,1.6130804194853092,0.05301189238122437
low,205511,24237,171645,3882,0,133,5611,9796,0.11793529300134786,0.8352107673068595,0.018889499832125775,0.0,0.000647167304913119,0.02730267479599632,0.8375365865360279,0.04766654826262341
low,386008,92121,247980,36092,13,0,9799,16507,0.23865049429027377,0.6424219187167105,0.09350065283621065,3.367805848583449e-05,0.0,0.02538548423866863,1.3581312683228521,0.04276336241735922
low,306027,112932,54856,102668,5724,478,29367,12720,0.36902626238861275,0.17925215748937184,0.3354867380982724,0.01870423197953122,0.0015619536838252833,0.09596212098932447,1.9503047741520199,0.04156495995451382
low,190999,67407,61461,39902,0,21482,745,10774,0.352918078105121,0.3217870250629584,0.2089120885449662,0.0,0.1124717930460369,0.0039005439819056642,1.9143829586483938,0.0564086722967136
low,204332,32806,113783,39360,1001,2561,14818,9233,0.1605524342736331,0.5568535520623299,0.19262768435683103,0.004898890041696846,0.01253352387291271,0.07251923340445941,1.743019039876921,0.04518626548949749
low,78361,33389,35968,8858,0,0,144,3530,0.4260920611018236,0.45900384119651355,0.11304092597082732,0.0,0.0,0.0018376488304130882,1.4122967653981915,0.045047919245543064
low,315235,77405,186944,17421,3,744,32716,16794,0.24554697289323837,0.5930305962218663,0.05526353355433248,9.516709756213618e-06,0.0023601440195409776,0.10378289212809491,1.5353202819561331,0.053274541215283834
low,449654,126702,181784,93958,0,8290,38917,21532,0.28177665493913095,0.40427528722084094,0.2089562196711249,0.0,0.0184363977636138,0.0865487686087525,1.92687355554144,0.047885707677458665
low,83551,39865,36113,2654,887,4023,6,3811,0.4771337267058443,0.4322270230158825,0.03176502974231308,0.01061627030197125,0.048150231595073666,7.181242594343575e-05,1.471813474713467,0.04561285921173894
low,201003,19098,124971,55386,108,5,1431,9636,0.09501350726108565,0.6217369890001642,0.27554812614737095,0.0005373054133520395,2.4875250618149976e-05,0.007119296726914524,1.3183391337425185,0.047939582991298635
low,121509,35609,47235,21560,38,3080,13985,5930,0.29305648141289947,0.3887366367923364,0.17743541630661103,0.0003127340361619304,0.025347916615230146,0.11509435515064728,1.98849407209245,0.04880296932737493
low,236410,62553,149629,19411,133,0,4682,10698,0.2645954062856901,0.6329216192208451,0.08210735586481113,0.0005625819550780424,0.0,0.01980457679455184,1.3394324265051052,0.04525189289793156
low,207179,62222,69159,47706,0,7214,20876,11060,0.30032966661679034,0.3338127899063129,0.23026465037479668,0.0,0.034820131383972316,0.10076310823008124,2.03971087489129,0.0533837888975234
low,100380,56335,33032,8352,0,1143,1516,5142,0.5612173739788803,0.3290695357640964,0.08320382546323969,0.0,0.011386730424387329,0.01510261008168958,1.4587198769725047,0.05122534369396294
low,365074,70656,245146,35820,9,8061,5378,20720,0.1935388441795362,0.6714967376477098,0.0981170940685998,2.465253619814065e-05,0.022080454921467978,0.01473125996373338,1.3844713240590787,0.05675561666949714
low,263995,84025,63545,110142,0,6148,133,14583,0.3182825432299854,0.24070531638856796,0.4172124472054395,0.0,0.0232883198545427,0.0005037974204056895,1.6782559039706706,0.05523968256974564
low,145274,49121,58761,8618,8054,10077,10640,6216,0.3381265746107356,0.40448394069138316,0.05932238390902708,0.05544006498065724,0.0693654748957143,0.07324091027988491,2.073488126890489,0.04278811074245908
low,106466,36602,64131,5206,124,5,395,4607,0.34379050588920407,0.6023613172280352,0.04889823981364943,0.0011646910750850036,4.696334980181466e-05,0.0037101046343433583,1.2249698122760795,0.043272030507392034
low,204781,18583,138134,30633,184,199,17045,11802,0.09074572348020568,0.6745450017335592,0.14958907320503367,0.0008985208588687427,0.0009717698419286946,0.08323526108379195,1.4246813442346458,0.05763229987157012
low,147858,24459,67303,45184,68,76,10765,8010,0.1654222294363511,0.4551867332170055,0.30559049899227636,0.0004599007155514074,0.0005140066820868671,0.07280634121927795,1.754817154999956,0.05417359899362902
low,144852,24830,62000,57978,14,0,27,7211,0.17141634219755336,0.4280230856322315,0.40025681385137934,9.665037417502002e-05,0.0,0.00018639715019468146,1.492496977092507,0.04978184629829067
low,157351,62049,90820,3037,176,0,1266,7123,0.3943349581508856,0.5771809521388488,0.019300798850976478,0.0011185184714428253,0.0,0.00804570673208305,1.1639130879193813,0.045268222000495704
low,219201,61124,110977,16677,11,21683,8725,10438,0.27884909284172976,0.5062796246367489,0.07608085729535906,5.01822528181897e-05,0.09891834435061884,0.03980365053079137,1.8096614939494748,0.04761839590147855
low,136967,62271,43572,10588,0,112,20421,6726,0.4546423591083984,0.31812042316762434,0.07730329203384757,0.0,0.0008177152160739449,0.14909430738791096,1.7459269136521272,0.049106719136726366
low,235643,96431,129694,1624,3,1398,6490,9490,0.4092249716732515,0.5503834189854993,0.006891781211408783,1.273112292747928e-05,0.005932703284205344,0.027541662599780175,1.2379638308844723,0.04027278552725946
low,431868,222490,159460,49876,0,0,40,20007,0.5151805644317246,0.3692331916233664,0.11548899200681689,0.0,0.0,9.262089342113794e-05,1.3845783830345224,0.04632665536691767
low,119276,4517,81816,29866,54,0,3020,5020,0.037870149904423354,0.68593849559006,0.250394044065864,0.0004527314799289044,0.0,0.025319427210838727,1.1914328147840036,0.04208725980079815
low,161647,67048,71786,2421,1919,527,17942,7298,0.41478035472356434,0.4440911368599479,0.01497707968598242,0.011871547260388377,0.0032601904149164537,0.11099494577690894,1.592317053829598,0.04514776024299863
low,213610,61815,114165,8642,0,122,28864,10840,0.28938251954496513,0.5344553157623707,0.040456907448153175,0.0,0.0005711343101914704,0.13512476007677543,1.5843206655468136,0.050746687889143764
low,271405,27418,144961,11522,0,37932,49570,15049,0.10102245721338958,0.5341132256222251,0.04245316040603526,0.0,0.13976161087673403,0.18264217682061865,1.8556459583262765,0.0554484994749544
low,231411,57019,75509,90915,20,168,7776,13427,0.24639710298991838,0.3262982312854618,0.39287242179498816,8.64263150844169e-05,0.000725981046709102,0.033602551304821295,1.7279374499443818,0.05802230663192329
low,169364,11174,113986,26780,46,8374,9001,7283,0.06597624052336978,0.6730237830944003,0.158120970217992,0.00027160435511678987,0.049443801516260835,0.05314588696535273,1.506697803099001,0.043002054745990885
low,145063,31605,82504,23095,1,1,7854,8476,0.21787085611079324,0.5687459931202306,0.1592066895073175,6.893556592652848e-06,6.893556592652848e-06,0.054141993478695465,1.592099042196768,0.05842978567932553
low,273467,107074,109025,15822,3,8116,33425,14519,0.3915426724248264,0.398676988448332,0.05785707233413904,1.0970245038706682e-05,0.02967816957804781,0.1222268134729236,1.817879814314653,0.0530923292389941
low,146261,23833,97733,13052,606,0,11035,8063,0.16294842781055785,0.6682095705622141,0.08923773254661188,0.0041432781124154765,0.0,0.0754473167830112,1.4403602546771719,0.05512747759142902
low,279060,28415,147009,92565,425,631,10013,13941,0.10182398050598437,0.5268006880240809,0.331702859600086,0.0015229699706156383,0.002261162474019924,0.03588117250770444,1.5571752403718289,0.04995699849494732
low,232323,92923,129852,5565,25,138,3817,12983,0.3999733130167913,0.5589287328417764,0.023953719605893518,0.00010760880326097717,0.000594000594000594,0.016429712081885994,1.231992951305551,0.055883403709490666
low,176793,29976,108849,20952,0,313,16701,10148,0.1695542244319628,0.6156861414196263,0.11851147952690434,0.0,0.001770432087243273,0.09446640986916903,1.5673071639084473,0.057400462688002356
low,291867,112812,100332,17232,220,48925,12344,14296,0.3865185169957549,0.3437593150304762,0.05904059040590406,0.0007537679833622849,0.16762772084545358,0.042293236302836566,1.93339397569911,0.048981214046123746
low,98869,37824,44026,16391,24,32,568,5305,0.3825668308569926,0.4452963011661896,0.16578502867430642,0.00024274545105139125,0.000323660601401855,0.005744975674882926,1.5293000090163318,0.053656859076151274
low,231654,54171,108139,62439,21,0,6881,13047,0.23384444041544716,0.46681257392490527,0.2695356005076537,9.065243855059701e-05,0.0,0.029703782365078955,1.6650177449442154,0.056321065036649486
low,119127,23579,59945,17317,10688,76,7520,5174,0.19793161919631988,0.503202464596607,0.14536587003785875,0.08971937512066953,0.000637974598537695,0.06312590764478246,1.9360126224092142,0.04343263911623729
low,94966,23076,53210,3928,0,4708,10041,5642,0.24299222879767496,0.5603057936524651,0.04136217172461723,0.0,0.04957563759661353,0.10573257797527537,1.7118933787557034,0.059410736474106524
low,357763,40387,263662,42281,0,4381,7050,16606,0.11288758200261066,0.7369739184879376,0.11818158948801301,0.0,0.012245536849813983,0.019705782878609582,1.2332872506992427,0.04641620290527528
low,216601,17148,132979,58331,1,365,7774,8890,0.07916860956320608,0.6139353003910416,0.2693016191060983,4.616783856030212e-06,0.0016851261074510274,0.03589087769677887,1.4193854796780812,0.04104320848010859
low,153760,66479,68268,18852,75,5,79,6171,0.43235561914672216,0.4439906347554631,0.1226066597294485,0.00048777315296566075,3.251821019771072e-05,0.0005137877211238293,1.425819410141767,0.04013397502601457
low,165848,44813,48213,48503,0,200,24116,8548,0.2702052481790555,0.2907059476146833,0.29245453668419275,0.0,0.0012059234962134003,0.1454102551734118,1.9631833996892818,0.051541170228160724
low,257194,72044,103722,81357,0,3,65,12239,0.28011539927058954,0.4032831248007341,0.3163254197220775,0.0,1.1664346757700413e-05,0.00025272751308350896,1.5710966481691377,0.04758664665583179
low,621047,142674,428463,20802,0,223,28883,27363,0.22973140519155555,0.6899043067593918,0.033495049489008076,0.0,0.00035907105259344303,0.04650694713926643,1.2310416597273077,0.04405946731889857
low,347181,81795,240081,17231,268,7650,153,16199,0.23559757014352745,0.6915153767055224,0.0496311722127651,0.000771931643724743,0.022034615949605537,0.00044069231899211074,1.2085714819010627,0.046658659316034
low,127111,31847,77160,8144,44,0,9914,7161,0.2505447994272722,0.6070285026472926,0.06406998607516265,0.000346154148736144,0.0,0.07799482342204844,1.4824871705964882,0.05633658770680744
low,333323,35748,231024,52008,47,1940,12551,19156,0.10724732466706467,0.6930934858980629,0.1560288368939437,0.0001410043711355052,0.005820180425593194,0.037654167279185656,1.3533400164865428,0.05746978156322846
low,282919,16049,152963,36777,39254,0,37874,14811,0.05672648355182932,0.5406600475754545,0.12999126958599458,0.1387464256553996,0.0,0.13386870447018404,1.8808688463578498,0.052350672807411305
low,180903,48304,79114,47587,0,2,5892,8961,0.2670160251626562,0.4373282919575684,0.26305257513695185,0.0,1.1055648607264667e-05,0.032569940797001706,1.698369931540721,0.049534833584849336
low,106207,43235,48233,14612,0,2,122,4515,0.4070823956989652,0.4541414407713239,0.1375803854736505,0.0,1.8831150489139135e-05,0.0011487001798374872,1.4502169943745953,0.042511322229231596
low,384512,60833,149395,108981,19211,601,45488,16763,0.1582083263981358,0.3885314372503329,0.2834267851198402,0.049962029793608524,0.001563020139813582,0.11830059920106524,2.06116675766135,0.04359551847536618
low,241835,34099,191652,10826,2854,3,2398,9923,0.1410010957884508,0.7924907478239296,0.044766059503380404,0.011801434862612939,1.2405152273244153e-05,0.009915851717079828,1.0068143550788675,0.04103210866913391
low,229693,57368,162310,4901,4,2964,2142,11010,0.24975946154214537,0.7066388614367873,0.021337176143809346,1.7414548984949476e-05,0.012904180797847562,0.009325490981440445,1.1164506981761375,0.04793354608107343
low,242881,127858,95708,13425,15,2820,3052,14453,0.5264224043873337,0.3940530547881473,0.05527398190883601,6.175863900428605e-05,0.011610624132805777,0.012565824416072069,1.402478355752217,0.05950650730192975
low,291362,19779,144398,54576,3027,2647,66932,14562,0.0678846246250369,0.4955965431319115,0.18731337648698182,0.010389137910914944,0.00908491841763854,0.22972110295783252,1.8355509077685876,0.04997906384497635
low,208809,101777,74141,26213,17,457,6201,8909,0.48741673012178593,0.3550661130506827,0.12553577671460522,8.141411529196539e-05,0.002188602981672246,0.029696995819145727,1.5826978321390583,0.04266578547859527
low,362432,149322,120920,87616,0,0,4572,14961,0.4120000441462123,0.3336349991170758,0.24174465830831715,0.0,0.0,0.012614780151862971,1.6302122587433021,0.041279467596680205
low,174371,11279,62178,90578,193,2,10138,7384,0.06468392106485597,0.35658452380269656,0.519455643426946,0.001106835425615498,1.1469797156637285e-05,0.058140401786994395,1.5265467360838085,0.04234649110230486
low,257373,61252,57588,63894,111,23886,50639,11686,0.2379892218686498,0.22375307433180636,0.24825447890804397,0.00043128067046659905,0.09280693779067735,0.196753350196019,2.2598199215802355,0.0454049181538079
low,168092,16767,111782,11581,7077,0,20883,6733,0.09974894700521143,0.6650048782809413,0.06889679461247412,0.042101944173428836,0.0,0.12423553768174571,1.555230284721143,0.040055445827285055
low,209444,35808,133982,37939,0,338,1373,12542,0.17096694104390672,0.6397032142243273,0.18114149844349803,0.0,0.0016137965279501918,0.00655545157655507,1.356960059816663,0.05988235518802162
low,119920,40572,33422,8317,0,0,37608,5241,0.33832555036691125,0.27870246831220813,0.06935456971314209,0.0,0.0,0.31360907271514343,1.8343438716264258,0.04370413609072715
low,334215,177097,133943,19699,7,727,2737,16960,0.5298894424247864,0.40076896608470597,0.05894110078841464,2.0944601528955913e-05,0.002175246473078707,0.008189339197821761,1.3312647813605065,0.05074577741872747
low,194130,23873,118232,50682,22,605,713,9592,0.12297429557513007,0.6090351826095916,0.26107247720599597,0.00011332612167104518,0.0031164683459537425,0.0036727965796116003,1.3704905783521613,0.0494101890485757
low,216215,61517,101066,41852,1400,109,10268,10402,0.28451772541220544,0.4674328793099461,0.19356658881206207,0.0064750364220798745,0.0005041278357190759,0.0474897671299401,1.7487561008443986,0.04810952061605347
low,163851,30397,82494,21440,118,285,29114,8022,0.1855161091479454,0.5034696156874233,0.1308505898651824,0.0007201664927281494,0.001739385173114598,0.17768582431599442,1.799601633731277,0.048959115293773
low,148645,20729,109352,13136,478,132,4814,8576,0.1394530593023647,0.7356587843519795,0.08837162366712638,0.003215715294829964,0.0008880217968986511,0.032385885835379595,1.227379450281739,0.05769450704699115
low,182745,12232,122334,35072,0,4373,8731,9212,0.06693479985772524,0.669424608060412,0.19191769952666285,0.0,0.023929519275493173,0.04777695696188678,1.4442464659734309,0.050409039919012834
low,135132,65363,53599,12023,171,1053,2920,8089,0.4836974217801853,0.3966418020898085,0.08897226415652844,0.0012654293579611048,0.007792380783234171,0.02160850131723056,1.5328442027444373,0.05985998875173904
low,178944,24773,126507,16608,0,20,11034,7282,0.13843995886981403,0.7069641899141631,0.09281115879828326,0.0,0.00011176680972818312,0.06166174892703863,1.3162276111450795,0.04069429542203147
low,103394,13301,48933,35260,1318,12,4566,5045,0.12864382846199973,0.47326730758071067,0.3410255914269687,0.012747354778807281,0.00011606089328200862,0.04416116989380428,1.701188927936362,0.04879393388397779
low,219336,54039,154214,7541,0,1411,2127,10676,0.24637542400700296,0.7030947952000584,0.03438104095998833,0.0,0.006433052485684065,0.009697450486924171,1.1341226219135347,0.04867418025312762
low,164098,17101,94767,37540,0,11508,3179,6761,0.10421211714950822,0.5775024680373922,0.22876573754707552,0.0,0.07012882545795805,0.019372570049604503,1.6633391072293697,0.04120098965252471
low,139966,38148,69905,29343,0,81,2486,6796,0.27255190546275526,0.4994427218038667,0.20964377063001013,0.0,0.0005787119729077062,0.017761456353685895,1.5934326075216392,0.04855464898618236
low,120018,39356,66585,3668,0,9,10398,4963,0.32791747904480995,0.554791781232815,0.03056208235431352,0.0,7.498875168724692e-05,0.0866370044493326,1.4595997675462313,0.04135213051375627
low,277835,75082,80229,104351,18,14100,4052,12336,0.2702395306566847,0.2887649144276279,0.3755862292367772,6.478665394928645e-05,0.05074954559360772,0.014584195655694927,1.8663300977872306,0.04440045350657765
low,293928,97034,145381,37999,0,41,13471,14056,0.33012846683541547,0.49461432731825483,0.1292799597180262,0.0,0.00013948994311532075,0.04583095179771917,1.6173667209365048,0.04782123513241338
low,389041,194903,137300,36033,0,0,20803,17517,0.5009831868620531,0.3529191010716094,0.09262005804015515,0.0,0.0,0.0534725131798448,1.5737020543583378,0.04502610264727882
low,167730,54547,89332,2768,13,1,21065,8046,0.32520717820306444,0.5325940499612473,0.01650271269301854,7.750551481547726e-05,5.961962678113635e-06,0.12558874381446372,1.4858828074218775,0.04796995170810231
low,160078,25974,33778,66819,26907,5522,1076,7391,0.16225839903047265,0.21100963280400806,0.4174152600607204,0.1680868076812554,0.034495683354364745,0.006721723159959519,2.0739836036482178,0.04617124151975912
low,271965,97998,156851,16170,0,202,741,11566,0.3603331311014285,0.5767323001121468,0.059456180023164745,0.0,0.0007427426323240123,0.002724615299762837,1.2616070161267707,0.04252753111613627
low,373364,82389,241330,45870,2,0,3771,21249,0.2206666952357485,0.6463665484620906,0.12285597968738282,5.356702842266528e-06,0.0,0.010100063209093539,1.3266895519014144,0.056912289347660724
low,331548,34112,91167,123336,0,0,82930,17574,0.10288706311001725,0.27497375945564445,0.3720004343262514,0.0,0.0,0.250129694644516,1.8805111391567966,0.05300589959824822
low,131548,13594,79931,2230,12,23031,12746,5898,0.10333870526347796,0.6076185118739927,0.01695198710736765,9.122145528628334e-05,0.1750767780581993,0.09689238908991395,1.642478430490693,0.04483534527320826
low,216800,65275,108605,28279,0,619,14020,10864,0.3010839483394834,0.5009455719557195,0.13043819188191882,0.0,0.0028551660516605167,0.06466789667896679,1.6839094344774264,0.05011070110701107
low,222924,44862,167867,946,0,101,9146,9069,0.20124347311191257,0.7530234519387773,0.0042435987152572175,0.0,0.00045306920744289534,0.04102743535913585,1.001134335593242,0.040682026161382355
low,294438,34668,188781,66494,0,0,4494,12219,0.11774295437409574,0.6411570517392456,0.225833622018897,0.0,0.0,0.01526297556701241,1.351414566246845,0.04149939885476739
low,185446,43070,98113,30447,99,654,13059,10653,0.2322508978354885,0.5290650647627881,0.16418256527506658,0.0005338481282961077,0.003526633089956106,0.0704194212870593,1.7071711354938568,0.05744529404786299
low,485180,278128,89272,113360,129,3,4285,25885,0.5732470423348036,0.18399769157838328,0.2336452450636877,0.0002658807040685931,6.1832721876417e-06,0.008831773774681561,1.4631737323710952,0.0533513335257018
low,232000,76361,116720,1777,0,14088,23051,13598,0.32914224137931036,0.5031034482758621,0.007659482758620689,0.0,0.06072413793103448,0.09935775862068966,1.6565383587702154,0.05861206896551724
low,136183,47182,38026,17927,0,7433,25612,6862,0.34646027771454585,0.27922721631921754,0.13163904452097544,0.0,0.05458096825594971,0.18807046400798924,2.111188945972779,0.05038808074429261
low,190528,31877,90849,66193,0,1227,379,9733,0.16730874202216997,0.4768275529056097,0.34741875209942896,0.0,0.006439998320456836,0.0019892089351696337,1.535656752231738,0.051084355055424926
low,251129,88155,63600,40621,28,3024,55698,12996,0.35103472717209083,0.25325629457370513,0.16175352109871818,0.00011149648188779471,0.01204162004388183,0.22179039457808536,2.017196728833863,0.051750295664777866
low,326607,42070,133337,44321,54263,37772,14840,15912,0.1288092416880226,0.40824905773605585,0.13570131687318399,0.1661415707562912,0.11564969519942929,0.04543687061208119,2.2923201670840645,0.0487191027748946
low,92990,3567,47835,41478,0,0,108,5231,0.038358963329390254,0.5144101516292074,0.44604796214646736,0.0,0.0,0.0011614152059361222,1.2046245340403976,0.056253360576406064
low,192761,62606,120939,1535,0,0,7678,10448,0.3247856153475029,0.627403883565659,0.007963229076421061,0.0,0.0,0.039831708696261174,1.1896335828954885,0.054201835433516116
low,186272,88347,88850,8957,0,17,100,9579,0.47429028517436866,0.4769906373475348,0.048085595258546644,0.0,9.126438756227452e-05,0.0005368493386016149,1.237408966916881,0.05142479814464868
low,260303,53316,163210,24814,16808,10,2143,14851,0.20482284107367182,0.6270000729918594,0.09532736848979843,0.06457090390813783,3.8416768150962535e-05,0.00823271341475127,1.5268728610193578,0.057052742380994455
low,183668,22044,134855,17138,0,3492,6136,10067,0.12002090728923928,0.7342324193653766,0.09330966744343054,0.0,0.01901256615196986,0.033408105930265476,1.28614672474178,0.05481085436766339
low,100947,28827,60420,6314,392,0,4991,4181,0.2855656928883474,0.598531902879729,0.06254767353165523,0.0038832258511892377,0.0,0.049441786283891544,1.4552512050000428,0.04141777368321991
low,86349,42284,32035,4328,0,2002,5697,3957,0.4896871996201462,0.37099445274409665,0.05012217860079445,0.0,0.023184981875875806,0.06597644442900323,1.6362410105256477,0.045825660980439845
low,179157,35713,58250,15345,2,278,69566,10255,0.1993391271343012,0.3251338211736075,0.08565113280530484,1.1163393001668927e-05,0.0015517116272319809,0.3882962987770503,1.8390760297306255,0.05724029761605742
low,260263,38149,145579,30938,68,27223,18303,11808,0.14657865313163992,0.559353423268002,0.11887206402754137,0.00026127417266380543,0.10459804121215847,0.07032501738625928,1.8532538226774984,0.045369491629620805
low,189655,26922,97020,62632,0,314,2764,9130,0.14195249268408425,0.5115604650549682,0.3302417547652316,0.0,0.0016556378687616988,0.014573831430755847,1.526565929359888,0.04814004376367615
low,170008,101539,34825,25771,0,1751,6119,8969,0.5972601289351089,0.2048433014916945,0.15158698414192273,0.0,0.010299515316926262,0.03599242388593478,1.5658662757010562,0.052756340878076326
low,126298,15483,100092,9718,0,0,1002,7067,0.12259101490126526,0.7925066113477648,0.07694500308793488,0.0,0.0,0.007933617317772253,0.9771627515779198,0.05595496365738175
low,220958,43941,114242,33131,605,0,29036,8907,0.19886584780818073,0.517030385865187,0.14994252301342337,0.0027380769195955793,0.0,0.13140958915268966,1.7739579642138386,0.04031082830221128
low,147251,33046,102141,5642,0,1389,5030,8664,0.22441952856007769,0.6936523351284541,0.03831552926635473,0.0,0.009432873121404948,0.034159360547636346,1.2600240325803436,0.058838310096366066
low,527369,124718,240987,148837,0,4119,8706,30876,0.23649095794405814,0.45696087559185317,0.28222553847495774,0.0,0.007810470467547391,0.016508365110577225,1.6757363582933762,0.058547241115803166
low,204042,88581,107368,7260,3,123,703,10977,0.4341312082806481,0.5262053890865606,0.03558090981268562,1.4702855294498192e-05,0.0006028170670744258,0.0034453690906774094,1.216143849800269,0.053797747522568884
low,192493,83828,55435,41758,2,38,11429,8870,0.4354859657234289,0.28798449813759464,0.2169325637815401,1.0389988207363385e-05,0.0001974097759399043,0.05937358761097806,1.762239828402317,0.04607959769965661
low,196512,24123,157344,13059,10,1805,167,8961,0.12275586223742062,0.8006839276990718,0.06645395701025891,5.088747760950985e-05,0.009185189708516528,0.0008498208760788146,0.9597319823257205,0.04560026868588178
low,226455,42479,97880,7788,0,0,78305,9457,0.18758252191384603,0.4322271532975646,0.03439093859707227,0.0,0.0,0.34578613852641804,1.6729182211145037,0.04176105628049723
low,365999,88230,207689,5582,39,1541,62916,20506,0.24106623242140005,0.5674578345842475,0.01525140779073167,0.00010655766819035025,0.0042103940174699934,0.1719021090221558,1.5220013067838472,0.0560274754849057
low,163611,68925,67913,18806,1059,138,6766,7748,0.42127363074609897,0.41508822756416136,0.11494337177818117,0.006472669930505895,0.0008434640702642243,0.041354187676867694,1.656417431317061,0.04735622910440007
low,233162,19273,98978,57964,4856,219,51868,10296,0.08265926694744427,0.4245031351592455,0.2485996860551891,0.02082672133538055,0.000939261114589856,0.22245477393400298,1.9294094849144683,0.04415813897633405
low,279382,91259,86579,91389,0,386,9766,15431,0.32664595428481435,0.30989469615078996,0.3271112670107595,0.0,0.0013816208631909,0.03495572370446199,1.7606437088625952,0.05523262056968595
low,163893,49416,96229,12564,0,4679,1002,8806,0.3015137925353737,0.5871452716101359,0.07665977192436528,0.0,0.028549114361199075,0.006113744943347184,1.4480624311464136,0.053730177615883536
low,143819,51701,58369,12589,1033,657,19467,6462,0.3594865768778812,0.4058504091948908,0.0875336360286193,0.007182639289662701,0.004568242026436006,0.13535763702987783,1.8433877943589,0.04493147636960346
low,94883,9472,79339,523,1905,7,3634,5690,0.09982820947904261,0.8361771866403886,0.005512051684706428,0.020077358430909648,7.377507034979923e-05,0.038299800807310054,0.8835346528569129,0.05996859289862251
low,317014,139151,129215,42168,0,64,6413,15262,0.43894275962575785,0.40760029525509917,0.1330162074861047,0.0,0.00020188382847445224,0.020229390500104097,1.552605324491747,0.048142984221517034
low,179074,67294,62782,45347,0,0,3649,9016,0.37578878005740646,0.35059249248913854,0.25323050805812125,0.0,0.0,0.020377050828149258,1.6769850058134868,0.05034790086779767
low,136620,26356,82297,24705,1477,1,1781,6274,0.19291465378421901,0.6023788610745132,0.1808300395256917,0.010811008637095594,7.319572536963841e-06,0.013036158688332602,1.4969864531881087,0.04592299809691114
mid_low,115542,8100,94523,7371,0,2050,3496,9710,0.07010437762891417,0.8180834674836855,0.06379498364231188,0.0,0.01774246594312025,0.03025739557909678,1.0149774679440609,0.0840387045403403
mid_low,81778,10682,43030,23161,17,0,4886,7731,0.13062192765780528,0.5261806353787082,0.2832179803859229,0.0002078798698916579,0.0,0.059747120252390616,1.6318883513003573,0.0945364278901416
mid_low,124068,1337,93756,14210,4920,8748,1095,9096,0.010776348454073572,0.7556823677338234,0.11453396524486571,0.03965567269561853,0.07050972047586808,0.008825805203598026,1.248542592134172,0.07331463391043622
mid_low,157814,49461,90020,11732,0,0,6598,12259,0.31341325864625447,0.570418340578149,0.07434067953413512,0.0,0.0,0.04180871152115782,1.4568383994221108,0.07768005373414273
mid_low,102876,42354,49957,4759,486,0,5316,8882,0.41169952175434504,0.48560402815039466,0.046259574633539406,0.00472413390878339,0.0,0.0516738597923714,1.4956780157193736,0.08633694933706598
mid_low,57193,3695,52343,121,447,110,475,5397,0.06460580840312626,0.9151994125155176,0.0021156435228087355,0.007815641774343013,0.0019233122934624867,0.008305212176315283,0.5205934500197872,0.09436469498015491
mid_low,183319,51236,73260,50053,772,45,7950,12362,0.2794909420191033,0.39963124389725013,0.2730377102209809,0.004211238333178776,0.00024547373703762295,0.043367026876646717,1.786697992619881,0.0674343630502021
mid_low,179446,42920,95084,39385,329,950,775,14551,0.23918058914659562,0.5298752828148858,0.2194810695139485,0.0018334206390780514,0.005294071754176744,0.0043188480099862914,1.5499506291589285,0.08108846115265873
mid_low,240535,10241,108640,111320,0,0,10332,21111,0.04257592450163178,0.4516598416030931,0.4628016712744507,0.0,0.0,0.04295424782256221,1.4212749312681106,0.08776685305672771
mid_low,139354,49034,55826,18949,6326,0,9216,10593,0.35186646956671497,0.4006056517932747,0.1359774387531036,0.04539518061914261,0.0,0.06613373136042022,1.9120096911779694,0.07601504083126426
mid_low,85902,997,52263,28740,157,1849,1892,5784,0.011606248981397406,0.6084025983097018,0.33456729761821613,0.001827664082326372,0.02152452795045517,0.022025098367907614,1.296339949123553,0.06733254173360341
mid_low,183114,42278,119715,10016,3640,44,7418,15793,0.23088349334294483,0.6537730594056161,0.05469816616970849,0.019878327162314188,0.00024028747119280886,0.04051028321155127,1.421069162559379,0.08624681892154613
mid_low,134614,34384,69186,13622,315,0,17104,10901,0.2554266272453088,0.5139584292867012,0.1011930408427058,0.0023400240688189935,0.0,0.12705959261295258,1.7295398223842096,0.08097969007681222
mid_low,137507,6094,99286,7116,541,1,24466,9922,0.04431774382395078,0.7220432414349814,0.05175009272255231,0.003934345160610005,7.272357043641415e-06,0.17792548742973086,1.2342990362092692,0.07215632658701011
mid_low,104634,33435,37142,25547,1266,0,7242,6926,0.31954240495441255,0.3549706596326242,0.24415581933214825,0.012099317621423246,0.0,0.06921268421354436,1.8967160629773456,0.0661926333696504
mid_low,185851,2256,105435,46221,177,23,31736,14503,0.012138756315543096,0.5673092961565985,0.24869922679996342,0.000952375827948195,0.0001237550510893135,0.17076044788567185,1.4870613390944478,0.07803563069340493
mid_low,112413,31210,44131,20293,2795,1,13978,7815,0.2776369281132965,0.39257915009829825,0.1805218257674824,0.0248636723510626,8.895768283027763e-06,0.12434504906016208,1.9953331243764958,0.06952042913186197
mid_low,100223,17558,62131,17702,1,252,2576,8718,0.1751893277990082,0.6199275615377707,0.17662612374405076,9.977749618351077e-06,0.0025143929038244713,0.025702683016872375,1.4673181508786706,0.08698602117278469
mid_low,124863,11663,92241,6154,0,1905,12897,10407,0.09340637338523021,0.7387376564714928,0.049286017475152766,0.0,0.015256721366617813,0.10328920496864563,1.286605872690181,0.08334734869416881
mid_low,174238,53284,45482,27798,1901,24,45747,11744,0.3058115910421378,0.2610337584223878,0.15954039876490778,0.010910363984894225,0.00013774262789976928,0.26255466660544774,2.0304176225524615,0.06740205925228711
mid_low,197058,68891,82200,23455,0,19998,2512,17409,0.3495975804077987,0.41713607161343363,0.11902587055587695,0.0,0.10148281216697622,0.01274751595976819,1.8369299652539357,0.088344548305575
mid_low,82265,4828,53702,5820,365,35,17512,7287,0.058688385096942804,0.6527928037439981,0.07074697623533702,0.004436880812009968,0.000425454324439312,0.21287303227374946,1.4266471565635759,0.08857959034826475
mid_low,249255,29578,151415,49516,162,0,18581,21845,0.11866562355820344,0.6074702613789091,0.1986559948646968,0.0006499368116988626,0.0,0.07454614751960843,1.5510481630496264,0.08764117068865218
mid_low,93931,14359,67058,4493,434,33,7551,8051,0.15286753042126666,0.7139070168527962,0.047832983785970555,0.004620412856245542,0.0003513217148758131,0.08038879603112924,1.3033394264083544,0.0857118523171264
mid_low,138639,2815,117118,835,44,0,17825,12110,0.020304531913819344,0.8447695093011346,0.006022836287047656,0.00031737101392825974,0.0,0.12857132552889158,0.7483425668366789,0.08734915860616421
mid_low,160809,25931,112210,4652,5333,752,11929,10578,0.1612534124333837,0.6977843279915925,0.02892872911342027,0.03316356671579327,0.004676355179125546,0.0741811714518466,1.4121914819710681,0.06577990037871015
mid_low,215383,37255,117938,9627,8205,21155,21199,16733,0.1729709401391939,0.5475733925147296,0.044697120942692785,0.03809492856910712,0.09822037950998919,0.09842466675642925,1.9516681307527355,0.0776895112427629
mid_low,112563,14136,75478,10993,0,3420,8533,8520,0.1255830068494976,0.6705400531258051,0.09766086547089185,0.0,0.030382985528104263,0.07580643728400985,1.5255643058448238,0.07569094640334746
mid_low,187103,42072,90142,8787,6537,3529,36033,12112,0.22486010379309793,0.4817774167169955,0.046963437251139745,0.034937975339786105,0.018861268926740886,0.19258376402302474,1.9336776479142161,0.06473439763125123
mid_low,93394,12397,56269,24002,0,23,699,7326,0.13273871983210914,0.6024905240165321,0.2569972375099043,0.0,0.0002462684969055828,0.007484420840739234,1.3866930883376951,0.07844186992740433
mid_low,71582,4166,43549,15241,37,1636,6950,5102,0.05819898857254617,0.6083792014752312,0.21291665502500629,0.0005168897208795507,0.022854907658349865,0.09709144757061831,1.6070163002619964,0.07127490151155319
mid_low,136441,8888,95773,27375,0,15,4387,10965,0.06514170960341832,0.7019371010180224,0.20063617241151854,0.0,0.00010993762871864029,0.03215309181257833,1.2409089425716207,0.08036440659332605
mid_low,177507,8235,97014,55678,4,1095,15478,14572,0.046392536632358164,0.54653619293887,0.3136665032928279,2.253432259009504e-05,0.006168770809038516,0.08719656126237275,1.5590804310003286,0.08209253719571623
mid_low,193894,20129,141724,4909,7833,1865,17430,18054,0.10381445532094856,0.7309354595810081,0.025317957234365168,0.04039836199160366,0.00961865761704849,0.08989447842635667,1.3679640198453062,0.09311273169876325
mid_low,127448,18370,88604,658,4514,13547,1752,9514,0.1441372167472224,0.6952168727637938,0.005162889962965288,0.03541836670642144,0.106294331805913,0.01374678300169481,1.4060875784643205,0.07465005335509384
mid_low,112567,32801,49553,19425,3267,2848,4670,7255,0.2913909049721499,0.4402089422299608,0.17256389528014426,0.02902271536062967,0.025300487709541873,0.041486403652935586,1.9497775426040984,0.06445050503255839
mid_low,125444,11739,43426,5218,5757,37526,21774,9412,0.09357960524217977,0.34617837441408117,0.04159625011957527,0.04589298810624661,0.29914543541341154,0.17357545996620005,2.2038104185530347,0.07502949523293262
mid_low,169065,13517,82130,17564,724,0,55127,13309,0.07995149794457752,0.48578948924969684,0.10388903676100908,0.004282376600715701,0.0,0.32606985478957795,1.6976555257676302,0.0787212019045929
mid_low,77429,7798,46629,21918,7,0,1075,6575,0.10071161967738186,0.6022162238954397,0.28307223391752445,9.040540366012734e-05,0.0,0.013883686990662412,1.376425111655979,0.08491650415219104
mid_low,125131,29810,66585,22297,0,0,6437,10634,0.23823033460932944,0.5321223357920899,0.17818925765797444,0.0,0.0,0.051442088691051775,1.6410023707457495,0.0849829378811006
mid_low,114125,15376,41506,40393,1,43,16803,9455,0.13472946330777655,0.36368893756845566,0.35393647316538884,8.762322015334064e-06,0.00037677984665936473,0.14723329682365827,1.8620337685616866,0.08284775465498358
mid_low,96116,25764,52521,14032,1212,5,2579,6959,0.2680511049148945,0.5464334762162387,0.1459902617670315,0.012609763202796621,5.202047525906197e-05,0.02683216113862416,1.6112046608477895,0.07240209746556245
mid_low,97304,16869,68077,4957,0,6901,498,7762,0.1733638904875442,0.6996320809010935,0.050943435007810574,0.0,0.0709220587026227,0.005117980761325331,1.3273306000445222,0.07977061580202252
mid_low,159256,41206,48475,68828,0,545,200,14904,0.25874064399457475,0.3043841362334857,0.43218465866278194,0.0,0.003422163058220726,0.0012558396543929271,1.5901848547798874,0.09358517104536093
mid_low,270656,8709,131307,83879,13005,20,33733,19306,0.03217737644833294,0.48514350319224403,0.30990999645306216,0.048049923149680776,7.389453771577205e-05,0.12463422203830693,1.7754267185537707,0.07133039725703476
mid_low,158825,11655,111816,23315,6962,75,4998,12802,0.07338265386431607,0.704020147961593,0.14679678891862113,0.04383440894065796,0.00047221784983472373,0.03146859751298599,1.3993546348216404,0.08060443884778845
mid_low,142581,7221,66915,53962,1574,79,12827,12999,0.050644896585099,0.4693121804447998,0.37846557395445396,0.011039339042368899,0.0005540710192802687,0.08996289828237984,1.6510065885037921,0.09116923012182548
mid_low,136834,30967,51909,47896,3,3152,2905,11039,0.22631071224987942,0.37935746963473993,0.3500299633132116,2.1924375520703917e-05,0.02303521054708625,0.02123010362921496,1.7893525453250239,0.08067439379101685
mid_low,113370,8991,62376,9348,0,0,32653,9514,0.0793066948928288,0.5501984652024345,0.08245567610478963,0.0,0.0,0.28802152244861956,1.5783110205782251,0.0839199082649731
mid_low,166865,2284,125173,35180,0,2163,2063,13416,0.01368771162316843,0.7501453270607976,0.21082911335510743,0.0,0.0129625745363018,0.012363287687651695,1.028985325481725,0.08040032361489827
mid_low,198033,19262,114912,59106,533,301,3916,13688,0.09726661717996496,0.5802669252094348,0.2984654072806047,0.002691470613483611,0.0015199486954194502,0.019774482030772648,1.4524017526464184,0.0691197931657855
mid_low,182615,15518,64254,81510,1255,1284,18791,14440,0.08497659009391342,0.3518549954822988,0.4463488760507078,0.006872381786819265,0.007031185828108315,0.10289954275388112,1.7891588286867988,0.07907346055909975
mid_low,73465,9642,45244,798,11950,1083,4745,5664,0.1312461716463622,0.6158578915129653,0.010862315388280133,0.16266249234329272,0.014741713741237323,0.06458857959572585,1.6572279310137357,0.07709793779350711
mid_low,182865,29850,83578,22307,27,426,46674,11969,0.16323517348863917,0.4570475487381402,0.12198616465698739,0.00014764990566811583,0.002329587400541383,0.25523747026494953,1.838476385011099,0.06545265633117327
mid_low,129308,17138,76665,3740,6830,14281,10650,10253,0.13253626999102916,0.5928867510130851,0.02892319114053268,0.052819624462523584,0.11044173601014631,0.08236149348841526,1.853211556129011,0.07929130448232127
mid_low,187631,21702,89557,56536,2,283,19549,16283,0.11566318998459743,0.47730385703854905,0.3013148147161183,1.065921942536148e-05,0.0015082795486886496,0.1041885402731958,1.74496111781591,0.08678203495158049
mid_low,100727,19132,73465,7013,24,0,1091,9363,0.1899391424345012,0.7293476426380215,0.06962383472157416,0.00023826779314384426,0.0,0.010831256763330587,1.1284903471774017,0.09295422280024224
mid_low,114390,1234,96788,2958,20,493,12893,10497,0.010787656263659412,0.8461229128420317,0.025858903750327827,0.00017484045808200017,0.004309817291721305,0.11271090130256141,0.8018278960088339,0.09176501442433779
mid_low,133991,10876,93122,23414,124,222,6231,11906,0.08116963079609825,0.6949869767372435,0.1747430797590883,0.0009254352904299542,0.0016568276973826601,0.0465031233441052,1.3291516375646741,0.0888567142569277
mid_low,126743,20999,66224,8667,20459,5184,5206,10323,0.16568173390246405,0.5225061739109852,0.06838247477178226,0.16142114357400408,0.04090166715321556,0.04107524675918986,1.986186913626755,0.0814482851123928
mid_low,145425,68808,61593,6949,0,0,8073,10023,0.47315110881897887,0.4235379061371841,0.04778408114148187,0.0,0.0,0.05551315110881898,1.4769664895723804,0.06892212480660134
mid_low,101760,23525,68648,6380,327,115,2763,9249,0.2311812106918239,0.6746069182389937,0.06269654088050315,0.0032134433962264152,0.0011301100628930817,0.027152122641509433,1.3010047952423471,0.09089033018867924
mid_low,154340,54729,80343,13170,48,406,5640,13629,0.35460023325126344,0.520558507191914,0.08533108721005572,0.00031100168459245823,0.002630555915511209,0.03654269793961384,1.5243106403455593,0.0883050408189711
mid_low,336132,97125,111824,44718,44186,22718,15557,25495,0.2889489843275856,0.33267882855544845,0.13303702117025454,0.1314543096164602,0.06758654338176669,0.046282412861613886,2.2856382991974082,0.07584817869170445
mid_low,139640,24767,73110,11849,41,458,29413,9527,0.1773632197078201,0.5235605843597823,0.08485391005442566,0.00029361214551704384,0.003279862503580636,0.2106344886851905,1.737172291772232,0.06822543683758235
mid_low,91906,6027,67034,175,765,2,17901,6828,0.06557787304419734,0.7293756664417992,0.001904119426370422,0.008323722063847844,2.1761364872804822e-05,0.19477509629403955,1.1245646292132045,0.07429329967575567
mid_low,129675,10023,48625,68104,0,0,2921,10090,0.07729323308270676,0.3749759012916908,0.5251898978214767,0.0,0.0,0.02252554463080779,1.4273379056198965,0.07780990938885676
mid_low,191676,92271,34070,43180,284,686,21182,16597,0.4813904714205221,0.17774786619086375,0.22527598656065445,0.0014816669796949018,0.0035789561551785305,0.11050940128132891,1.829274594647423,0.08658882697886015
mid_low,93103,30931,35458,19597,0,0,7115,6119,0.3322234514462477,0.38084701889305395,0.21048730975371363,0.0,0.0,0.0764207383220734,1.8153013642271436,0.0657229090362287
mid_low,115726,3082,102718,3657,523,2146,3597,10611,0.02663187183519693,0.887596564298429,0.031600504640270984,0.004519295577484749,0.018543801738589428,0.03108203860843717,0.7470220880452788,0.09169071772981006
mid_low,412627,26214,163184,165334,736,17083,40072,32139,0.0635295315139339,0.3954758171423586,0.40068633414682026,0.001783693262922688,0.04140058697079929,0.0971143429780407,1.8437875912705601,0.07788874697971776
mid_low,270368,37480,160161,8070,14023,15045,35587,25875,0.138625872884365,0.5923814948514617,0.02984820688838916,0.05186634512960114,0.055646378269617706,0.13162430465143804,1.8322860604908762,0.09570289383358978
mid_low,81619,50247,18913,5057,434,3,6963,6815,0.6156287139024001,0.23172300567269877,0.06195861257795366,0.005317389333366005,3.6756147465663634e-05,0.0853110182678053,1.5119613019151423,0.08349771499283255
mid_low,159116,24230,60207,33304,1,8526,32844,14011,0.15227884059428343,0.3783843233867116,0.20930641795922472,6.28472309510043e-06,0.05358354910882626,0.2064154453354785,2.1124746973037407,0.08805525528545212
mid_low,155401,23471,76936,20301,15,15056,19619,12557,0.1510350641244265,0.4950804692376497,0.13063622499211716,9.652447538947626e-05,0.09688483343093031,0.126247578844409,2.002108237745833,0.08080385583104356
mid_low,129137,31166,49576,11166,29193,4037,3996,11960,0.24134059177462694,0.38390236725338206,0.08646631097206843,0.22606224397345454,0.031261373579996435,0.030943881304351193,2.126971254777487,0.09261481991993
mid_low,84932,19570,41421,10787,7639,257,5255,5566,0.23041962982150427,0.4876960391842886,0.12700748834361608,0.0899425422691094,0.0030259501719022276,0.06187302783403193,1.957532792590484,0.0655347807657891
mid_low,223454,26064,159453,11832,2,1,26098,18692,0.11664145640713525,0.7135831088277677,0.05295049540397576,8.95038799931977e-06,4.475193999659885e-06,0.11679361300312369,1.2954969715867848,0.08365032624164258
mid_low,157790,19961,82050,51432,18,0,4325,10443,0.12650358070853665,0.5199949299702136,0.32595221496926297,0.0001140756701945624,0.0,0.02740984853286013,1.5387878720925434,0.06618290132454528
mid_low,97601,19114,65707,5167,95,607,6909,6609,0.19583815739592833,0.6732205612647412,0.05294003135213778,0.0009733506828823476,0.006219198573785105,0.07078820913720146,1.3951642931081416,0.06771447013862562
mid_low,245422,70659,117917,18843,3464,794,33742,18632,0.2879081744912844,0.48046629886481246,0.0767779579662785,0.014114464065976155,0.0032352437841758276,0.13748563698445943,1.816677707514817,0.07591821434101262
mid_low,83497,10240,63921,5971,21,1985,1357,5785,0.12263913673545157,0.7655484628190234,0.07151155131322083,0.0002515060421332503,0.023773309220690562,0.0162520809130867,1.1663524278110897,0.06928392636861204
mid_low,105745,17179,82710,1362,62,59,4369,7289,0.16245685375195046,0.7821646413542012,0.012880041609532366,0.0005863161378788595,0.0005579460021750437,0.04131637429665705,0.9863159497689562,0.06892997304837108
mid_low,90799,15862,64136,2613,938,2055,5191,7212,0.17469355389376534,0.706351391535149,0.028777849976321324,0.01033051024791022,0.022632407845901387,0.05717023315234749,1.369176246999856,0.07942818753510501
mid_low,106480,50713,20084,5930,6,11779,17965,9276,0.4762678437265214,0.1886175807663411,0.055691209616829454,5.6348610067618334e-05,0.11062171299774605,0.16871712997746055,1.9809275604419743,0.08711495116453793
mid_low,222032,26672,151922,41947,165,95,1227,21217,0.12012682856525185,0.6842347049074007,0.18892321827484326,0.0007431361245225914,0.00042786625351300714,0.005526230453267998,1.2499991894529188,0.09555829790300498
mid_low,126539,9190,63343,32033,0,1416,20555,8915,0.07262583077154079,0.5005808485921337,0.2531472510451323,0.0,0.011190225938248288,0.16244003824907735,1.7746904554649694,0.07045258773974822
mid_low,127562,232,68262,14815,0,6,44245,11796,0.001818723444285916,0.5351280161803672,0.11613960270299932,0.0,4.703595114532541e-05,0.3468509430708205,1.3905320782955324,0.09247267995170975
mid_low,224696,16494,181688,10994,6179,8889,449,17076,0.07340584612098124,0.8085947235375797,0.04892832983230676,0.027499376935949015,0.039560116780004984,0.0019982554206572434,1.0822583294490307,0.0759960123900737
mid_low,186243,58595,109453,8249,875,41,9027,17697,0.3146158513340099,0.5876892017418104,0.04429159753655171,0.004698163152440629,0.00022014250200007518,0.048468935745236065,1.4254032880125698,0.09502102092427635
mid_low,165298,1530,121053,36095,174,0,6444,12627,0.009256010357052112,0.7323319096419799,0.21836319858679476,0.0010526443151157303,0.0,0.0389841377391136,1.0639068333199617,0.0763893090055536
mid_low,160733,84442,60277,10660,4118,781,452,10944,0.5253557141346208,0.3750132206827472,0.06632116615754077,0.02562012778956406,0.004858989753193183,0.0028121169890439426,1.474723325574869,0.06808807152233828
mid_low,148959,2068,100303,40641,182,5733,29,10498,0.01388301478930444,0.673359783564605,0.27283346424183835,0.0012218127135654778,0.03848710047731255,0.00019468444337032337,1.1762084769812113,0.07047576850005706
mid_low,375641,37765,198165,104848,5199,10365,19296,34422,0.10053481914913441,0.5275382612654104,0.27911756171450935,0.013840342241661587,0.027592834647975063,0.05136819463264127,1.7821926527945577,0.09163536461674844
mid_low,85729,16072,49315,14473,0,1277,4590,6417,0.1874744835469911,0.5752429166326447,0.16882268543899964,0.0,0.014895776225081361,0.05354080882781789,1.6614846916408315,0.07485215038085129
mid_low,119475,20222,78846,6800,5781,78,7745,8850,0.16925716677129107,0.6599372253609542,0.056915672734881774,0.048386691776522286,0.000652856246076585,0.06482527725465578,1.5390091442941758,0.07407407407407407
mid_low,68613,36886,25417,1238,17,1,5051,6449,0.5375949164152566,0.3704400040808593,0.01804322795971609,0.0002477664582513518,1.4574497544197163e-05,0.07361578709573988,1.396885903028075,0.0939909346625275
mid_low,124383,32273,51308,27414,5,0,13380,10589,0.25946471784729425,0.4125001004960485,0.2203998938761728,4.019841939814926e-05,0.0,0.10757097030944743,1.8594757141587595,0.08513221260140051
mid_low,213762,43278,101507,52204,7,681,16082,14038,0.20245880933000251,0.4748598909067093,0.24421552942057054,3.2746699600490266e-05,0.00318578606113341,0.07523320328215492,1.781124797370684,0.06567116699881176
mid_low,148801,27500,40197,42326,20130,6623,12021,11417,0.18481058595036323,0.27013931357988186,0.2844470131249118,0.1352813489156659,0.04450910948179112,0.0807857474076115,2.359665923547283,0.07672663490164716
mid_low,144208,25064,78110,35092,0,11,5928,12915,0.17380450460446023,0.5416481748585377,0.2433429490735604,0.0,7.627870853212027e-05,0.04110728947076445,1.6043710968106186,0.08955813824475757
mid_low,148290,22566,102749,19179,27,0,3767,9600,0.152174792636051,0.6928923056173714,0.12933441230022252,0.0001820756625531054,0.0,0.025402926697686963,1.2985941313500156,0.06473801335221525
mid_low,162681,11247,121487,21987,7491,0,467,13062,0.06913530160252272,0.7467805090944856,0.13515407453851402,0.046047172072952586,0.0,0.00287064869284059,1.2000122032845877,0.08029210540874472
mid_low,70378,16941,40975,9114,49,0,3297,6122,0.24071442780414334,0.5822131916223819,0.12950069624030236,0.0006962403023672171,0.0,0.046847026059279887,1.5449884657884911,0.08698741083861435
mid_low,194029,16572,156459,6956,0,206,13834,16958,0.08540991295115678,0.8063691510032005,0.03585031103597916,0.0,0.0010616969628251447,0.0712986203093352,1.007810064501476,0.08739930628926604
mid_low,160272,43177,85957,29082,14,1736,303,13178,0.26939827293600876,0.5363195068383748,0.18145402815214137,8.735150244584206e-05,0.010831586303284416,0.0018905360886492962,1.5276102170155057,0.08222272137366476
mid_low,268987,56539,121485,63957,0,12299,14704,23891,0.210192314126705,0.45163892678828343,0.237769855048757,0.0,0.045723399272083784,0.05466435180882347,1.9163774839011611,0.08881841873399086
mid_low,94484,8057,53309,24121,1999,4127,2867,6108,0.08527369713390627,0.5642119300622328,0.2552919012742898,0.021157021294610726,0.04367935311798823,0.03034376190677787,1.7395980913139812,0.06464586596672453
mid_low,121206,47362,46276,7042,2898,9920,7705,8735,0.3907562331897761,0.381796280712176,0.05809943402141808,0.023909707440225733,0.081844133128723,0.06356946025774302,1.9756555336637702,0.07206738940316486
mid_low,204028,18406,121024,950,277,7609,55759,19197,0.09021310800478366,0.5931734859921187,0.004656223655576686,0.0013576567922049915,0.03729390083714,0.2732909208540004,1.4974461688707796,0.09409002685905855
mid_low,329470,115167,159685,40092,8898,3732,1894,24073,0.3495523112878259,0.48467235256624275,0.12168634473548426,0.027007011260509303,0.011327283212432088,0.0057486265820863814,1.6630120716771717,0.07306583300452242
mid_low,230518,86918,128443,4651,6812,364,3327,19226,0.3770551540443696,0.557192930703893,0.020176298597072678,0.029550837678619456,0.0015790523950407343,0.014432712412913525,1.3674054478493785,0.08340346523915702
mid_low,162898,34436,73851,39250,0,7241,8118,12663,0.2113960883497649,0.45335731562081794,0.24094832349077336,0.0,0.044451128927304205,0.04983486598976047,1.9013480953006718,0.07773576102837358
mid_low,105167,14387,61273,13097,1334,6,15066,7102,0.13680146814114694,0.5826257286030789,0.12453526296271644,0.01268458737056301,5.705211710897905e-05,0.1432578660606464,1.7032721775748416,0.06753068928466154
mid_low,88251,16222,62004,9003,1,0,1019,6987,0.1838166139760456,0.7025869395247646,0.1020158411802699,1.1331316359021428e-05,0.0,0.011546611369842835,1.2174353669910192,0.07917190740048272
mid_low,83585,2007,59851,9243,8,0,12473,6079,0.024011485314350663,0.7160495304181372,0.11058204223245797,9.571095292217504e-05,0.0,0.14922533947478614,1.2363422224724525,0.07272836035173776
mid_low,199279,5623,132750,28971,18734,0,13199,13638,0.028216721280215174,0.6661514760712368,0.14537909162530924,0.09400890209204181,0.0,0.06623377275076651,1.5201775830479247,0.06843671435525067
mid_low,91483,4597,53572,15799,4013,10040,3459,7575,0.05024977318190265,0.5855951378944722,0.1726987527737394,0.043866073478132546,0.10974716614015718,0.03781030355366571,1.8328416094255005,0.08280226927407278
mid_low,175287,6598,127487,39031,294,1441,433,16570,0.03764112569671453,0.7273043637006738,0.22266910837654819,0.0016772493111297472,0.00822080359638764,0.002470234529657077,1.0885317965772585,0.0945306839640133
mid_low,167031,15481,112391,7365,23927,1261,6604,13912,0.09268339410049632,0.6728750950422376,0.0440936113655549,0.14324885799641981,0.007549496799995211,0.03953757087007801,1.5402956903006988,0.08328992821691782
mid_low,78105,17289,41588,12547,4493,0,2185,7146,0.2213558671019781,0.5324627104538762,0.1606427245374816,0.05752512643236669,0.0,0.027975161641380194,1.7708285711432306,0.09149222200883426
mid_low,72903,1956,55390,5724,8286,0,1544,6530,0.02683017159787663,0.7597766895738173,0.078515287436731,0.11365787416155713,0.0,0.021178826660082577,1.20376474557484,0.08957107389270674
mid_low,148094,26187,65658,51608,3,119,4517,13899,0.17682688022472215,0.44335354572096103,0.3484813699407133,2.0257404081191677e-05,0.0008035436952206031,0.030500898078247598,1.654393279400223,0.09385255310816103
mid_low,188251,17550,107656,46873,3,185,15981,13748,0.09322659640586238,0.5718747841976936,0.2489920372268939,1.593617032578844e-05,0.0009827305034236205,0.08489197932547503,1.5917599370584408,0.07303015654631316
mid_low,110008,16702,60705,13903,943,3090,14661,8176,0.15182532179477856,0.5518235037451822,0.12638171769325868,0.008572103846992946,0.02808886626427169,0.1332721256635881,1.8544618484460658,0.07432186750054541
mid_low,88244,16169,47044,24051,0,221,756,5853,0.18323058791532568,0.5331127328770228,0.27255110829064866,0.0,0.0025044195639363585,0.008567154707402203,1.5240052008254497,0.06632745569103848
mid_low,130332,8143,61148,24534,1606,14400,20499,8759,0.06247890003989811,0.4691710401129423,0.18824233495994844,0.012322376699505878,0.11048706380627935,0.15728293895589723,2.06474180280193,0.06720529110272228
mid_low,80519,12040,46869,13999,145,5292,2172,5730,0.14952992461406625,0.5820862156758032,0.17385958593623865,0.0018008171984252165,0.06572361802804307,0.026974999689514275,1.7183339845521075,0.07116332791018269
mid_low,102043,11875,72548,15159,43,0,2416,9369,0.11637250962829396,0.710955185559029,0.14855502092255227,0.00042139098223298023,0.0,0.023676293327322795,1.2522862312637444,0.09181423517536724
mid_low,89278,14414,57493,11294,1254,2,4818,6235,0.16145074934474338,0.6439772396335043,0.12650372992226527,0.01404601357557293,2.240193552722955e-05,0.053966262685095995,1.5250278086989357,0.06983803400613812
mid_low,142342,49768,85979,1537,474,77,4503,11307,0.3496367902656981,0.6040311362774163,0.010797937362127833,0.0033300080088800215,0.0005409506681092018,0.031635076084360204,1.2308269774411758,0.07943544421182785
mid_low,254491,25410,116958,95445,87,10862,5726,23132,0.09984635998915482,0.45957617361714165,0.3750427323559576,0.00034185884766062453,0.04268127360103108,0.022499813352928,1.69932305858688,0.09089515935730537
mid_low,311080,21323,152820,40233,3382,0,93318,20087,0.06854506879259355,0.49125626848399123,0.12933329047190434,0.010871801465860871,0.0,0.29998071235695,1.7424549327677559,0.06457181432428957
mid_low,211029,58661,87561,24387,8647,77,31694,17517,0.27797601277549533,0.4149240151827474,0.1155623160797805,0.040975410962474354,0.00036487876073904534,0.15018788886835457,2.003574618516492,0.08300754872553061
mid_low,195765,40133,92900,59413,345,648,2323,17617,0.20500600209434783,0.4745485658825633,0.3034914310525375,0.0017623170638265268,0.003310091180752433,0.011866268229765279,1.6204039112173816,0.08999054989400557
mid_low,205730,66435,88341,21121,84,7345,22401,13192,0.3229232489184854,0.42940261507801486,0.10266368541291984,0.0004083021435862538,0.03570213386477422,0.10888543236280562,1.9120330812826007,0.06412287950226024
mid_low,96053,22660,67686,1594,1205,1826,1078,8896,0.23591142390138778,0.7046734615264489,0.016595004841077322,0.01254515736104026,0.019010338042539016,0.011222970651619419,1.2061573189562758,0.09261553517328974
mid_low,200143,70495,75764,18094,224,43,35520,16107,0.3522231604402852,0.3785493372238849,0.09040536016748026,0.0011191997721629035,0.0002148463848348431,0.177473106728689,1.8305085824395821,0.08047745861708878
mid_low,123265,12522,101363,9096,39,36,204,11453,0.101586013872551,0.8223177706567152,0.07379223623899728,0.00031639151421733664,0.00029205370543138764,0.0016549709974445301,0.8671248399437164,0.09291364134182452
mid_low,104532,10589,63887,13333,395,0,16325,7837,0.10129912371331266,0.6111716986186049,0.12754945853901198,0.0037787471778976773,0.0,0.15617227260551791,1.596464683828993,0.07497225729920025
mid_low,187258,17084,89149,19479,740,226,60577,14591,0.09123241730660372,0.4760757884843371,0.10402225806107082,0.003951767080712172,0.0012068910273526365,0.3234948573625693,1.734491158844523,0.07791923442523149
mid_low,96314,34106,36363,1203,28,0,24612,9092,0.3541125900699794,0.377546358784808,0.01249039599642835,0.00029071578379051853,0.0,0.25553917395186576,1.6463094079567298,0.09439956807940694
mid_low,190967,16591,141945,28855,634,39,2900,12447,0.08687888483350527,0.7432959621295826,0.15109940460917332,0.003319945330868684,0.00020422376640990327,0.015185869809967167,1.1579028327967857,0.06517880052574529
mid_low,105917,10071,47300,24069,326,23533,615,7893,0.09508388643938177,0.44657609260081005,0.2272439740551564,0.0030778817375869787,0.2221834077626821,0.005806433339312858,1.87892080001424,0.07452061519869331
mid_low,83570,32380,40520,2832,7070,0,765,5745,0.38745961469426826,0.48486298911092496,0.03388775876510709,0.08459973674763671,0.0,0.009154002632523632,1.565274547621132,0.06874476486777552
mid_low,169844,25792,139891,1699,1756,2,700,12243,0.1518569981865712,0.8236440498339653,0.010003297143260875,0.010338899225171333,1.1775511645981018e-05,0.004121429076093357,0.8109697597562538,0.0720837945408728
mid_low,104675,6398,86916,5059,0,0,6300,7726,0.061122522092190115,0.830341533317411,0.04833054693097683,0.0,0.0,0.06018629090040602,0.9244417777077734,0.07380941007881538
mid_low,48499,1307,31893,10202,4,4,5086,3112,0.026949009257922842,0.6576011876533536,0.2103548526773748,8.247592733870802e-05,8.247592733870802e-05,0.10486814161116724,1.354683778503525,0.06416627146951484
mid_low,145191,9892,63610,35660,5182,12993,17851,11918,0.06813094475552893,0.4381125551859275,0.2456075101073758,0.03569091748111109,0.08948901791433353,0.12294839211796875,2.1381760788524713,0.08208497771900462
mid_low,118367,6257,85000,11503,0,10085,5519,10283,0.05286101700642916,0.7181055530680004,0.09718080208166127,0.0,0.08520111179636217,0.04662617114567405,1.4030496770643888,0.08687387531997938
mid_low,200282,58653,97070,42885,198,4,1469,13953,0.2928520785692174,0.4846666200657074,0.21412308644810818,0.0009886060654477188,1.997183970601452e-05,0.007334658132033833,1.56359860131048,0.06966676985450515
mid_low,81627,11469,50973,1963,11,1123,16086,5982,0.14050497996986291,0.6244624940277114,0.02404841535276318,0.0001347593320837468,0.013757702720913423,0.19706714689992283,1.499929409025528,0.07328457495681576
mid_low,162061,28411,63352,42836,10098,0,17362,11267,0.1753105312197259,0.3909145321823264,0.26432022510042513,0.0623098709745096,0.0,0.10713249949093243,2.0722524995501406,0.06952320422556939
mid_low,128806,22095,72019,27219,2870,0,4600,11368,0.1715370401999907,0.5591276803875596,0.21131779575485615,0.022281570734282566,0.0,0.03571262208282223,1.6731073070674387,0.0882567582255485
mid_low,122788,10473,60598,33556,15,3480,14663,10353,0.08529335114180539,0.4935172818190703,0.2732840342704499,0.0001221617747662638,0.028341531745773203,0.11941720689318175,1.8305934902668273,0.08431605694367528
mid_low,138511,50853,60664,22146,499,0,4348,9161,0.36714051591570346,0.4379724354022424,0.15988621842308554,0.003602601959411166,0.0,0.0313910086563522,1.6612733146772387,0.06613915140313766
mid_low,158894,29371,44693,50456,2843,112,31416,11202,0.18484650144121237,0.28127556735937165,0.31754503002001333,0.017892431432275605,0.0007048724306770552,0.19771671680491396,2.064053421892042,0.07049983007539617
mid_low,160507,31398,114409,11724,180,2052,741,12265,0.19561763661397946,0.7127975726915337,0.07304354327225604,0.001121446416667186,0.012784489150005919,0.004616621081946582,1.2115834433272188,0.07641411278012797
mid_low,173466,19978,118156,8854,5,19978,6492,14150,0.11516954331108113,0.6811478906529234,0.05104170269678208,2.8824092329332548e-05,0.11516954331108113,0.03742520148040538,1.4924694602220605,0.08157218129201112
mid_low,199618,36775,100394,20375,31574,25,10473,18382,0.1842268733280566,0.5029305974411126,0.10206995361139777,0.15817210872766985,0.00012523920688515064,0.052465208548327306,1.9298755849593157,0.09208588403851356
mid_low,125959,18744,87678,10356,0,216,8961,8633,0.14881032716995213,0.6960836462658484,0.08221722941592105,0.0,0.0017148437189879247,0.07114219706412404,1.356194947271603,0.0685381751204757
mid_low,140755,14200,101823,1040,2441,0,21248,13235,0.10088451564775675,0.7234059180846151,0.00738872508969486,0.017342190330716493,0.0,0.15095733721715038,1.2373081340989591,0.09402863130972257
mid_low,218258,7297,138590,9316,130,223,62699,20156,0.0334329096757049,0.6349824519605238,0.04268342970246222,0.0005956253608115166,0.0010217265804689862,0.28727011151939447,1.3076528816306887,0.0923494213270533
mid_low,119234,20780,90247,5029,338,14,2823,9706,0.17427914856500662,0.7568898133082845,0.042177566801415704,0.00283476189677441,0.00011741617323917675,0.02367613264672828,1.0894521767753016,0.08140295553281782
mid_low,135031,22028,109543,2454,32,167,804,12890,0.16313291022061602,0.8112433441209796,0.01817360457968911,0.00023698261880605195,0.0012367530418940836,0.005954188297502055,0.8354566869692557,0.0954595611378128
mid_low,156524,14433,89534,42687,273,144,9450,13989,0.09220950141831284,0.5720145153458894,0.27271856073190054,0.0017441414735120493,0.0009199867113030589,0.06037412792926324,1.5590629122700261,0.08937287572512842
mid_low,187556,55111,86265,7855,62,16883,21379,15291,0.29383757384461173,0.4599426304677003,0.04188082492695515,0.0003305679370428032,0.09001578195312333,0.11398728912964662,1.8998870099150282,0.08152765040841135
mid_low,195365,67005,113082,11850,468,476,2480,17811,0.34297340874772864,0.5788242520410514,0.06065569574898267,0.0023955160852762777,0.0024364650781869834,0.012694187802318737,1.3532895600807715,0.09116781409157218
mid_low,119263,4852,68964,23550,4,3085,18805,8766,0.040683195961865794,0.5782514275173356,0.19746275039199082,3.3539320661060013e-05,0.025867201059842533,0.15767673125780837,1.6641079323955246,0.07350142122871302
mid_low,229555,10433,122026,56305,0,7782,33007,18025,0.045448803119078215,0.5315763106880704,0.2452789091938751,0.0,0.0339003724597591,0.1437868920302324,1.7524361085115816,0.0785214872252837
mid_low,111682,25960,72408,9285,6,0,4020,9320,0.23244569402410414,0.648340824841962,0.08313783778943787,5.3723966261349186e-05,0.0,0.03599505739510395,1.3663572222977842,0.08345122759262907
mid_low,313124,49481,128990,122741,0,10,11899,26787,0.15802365835898877,0.41194542737062634,0.3919884774083111,0.0,3.1936229736462236e-05,0.03800091976341641,1.6570799827540348,0.08554757859506139
mid_low,120413,3551,100873,4264,910,4,10809,10608,0.029490171327016187,0.8377251625655038,0.03541145889563419,0.00755732354479998,3.321900459252738e-05,0.08976605516015712,0.9005208856911686,0.08809680017938262
mid_low,122455,1161,71285,29066,509,0,20432,9457,0.009481033849169082,0.5821322118329182,0.23736066310073087,0.004156628965742518,0.0,0.16685312972112204,1.4745285653160807,0.07722836960516108
mid_low,220918,36694,95372,34458,22848,32,31510,16208,0.1660978281534325,0.43170769244697127,0.15597642564209344,0.10342298952552531,0.0001448501253858898,0.14263210784091834,2.1125938415126364,0.07336658850795318
mid_low,87883,25400,47024,4876,4604,23,5953,8413,0.2890206297008523,0.5350750429548377,0.05548285789060455,0.052387833824516686,0.00026171159382360636,0.06773778774051864,1.720858485981458,0.09572954951469567
mid_low,117114,21385,72253,19174,268,0,4032,11157,0.1825998599655037,0.6169458817903922,0.16372081903102959,0.002288368598118073,0.0,0.03442799323735847,1.4926660255697266,0.09526615092986321
mid_low,79879,11782,44668,14002,0,8789,635,7591,0.14749809086242943,0.5591957836227294,0.17529012631605304,0.0,0.11002891873959364,0.007949523654527472,1.7223490748439592,0.0950312347425481
mid_low,152811,39865,84522,19213,404,4117,4687,10267,0.26087781638756374,0.5531146318000667,0.12573047751797972,0.0026437887324865356,0.026941777751601653,0.030671875715753447,1.6717130832308982,0.0671875715753447
mid_low,236322,19344,197105,8534,0,3279,8057,19673,0.08185441897072639,0.8340526908201522,0.03611174583830536,0.0,0.013875136466346765,0.034093313360584285,0.9387429981278179,0.08324658728345224
mid_low,156135,7486,135722,9987,2860,14,63,12042,0.04794568802638742,0.8692605757837769,0.06396387741377654,0.018317481666506548,8.966599417171039e-05,0.0004034969737726967,0.7510092173182022,0.07712556441540974
mid_low,80592,7918,32713,35264,19,290,4384,5864,0.0982479650585666,0.40590877506452255,0.43756204089735956,0.00023575540996624976,0.003598372046853286,0.05439745880484415,1.639180441829877,0.07276156442326782
mid_low,128003,19769,45424,31426,9,1,31371,12162,0.15444169277282563,0.3548666828121216,0.24550987086240167,7.031085208940416e-05,7.812316898822683e-06,0.24508019343296641,1.9423309817673513,0.09501339812348149
mid_low,208567,29353,51766,12733,1,62792,51920,14052,0.14073654988564827,0.24819842065139738,0.0610499264025469,4.7946223515704785e-06,0.30106392669981347,0.24893679249353926,2.1642768058845396,0.06737403328426836
mid_low,154208,36154,66418,5534,2172,2,43925,11483,0.23444957460053953,0.4307039842290932,0.035886594729196926,0.014084872380161859,1.2969495746005396e-05,0.2848425503216435,1.7891921733256595,0.07446435982568998
mid_low,222704,9844,179165,30382,52,0,3259,16786,0.04420216969609886,0.8044983475824413,0.1364232344277606,0.00023349378547309434,0.0,0.014633773978015662,0.9354425449576695,0.07537359005675695
mid_low,88271,27251,43827,1842,1443,6849,7055,7032,0.3087197380793239,0.4965050809439114,0.02086755559583555,0.01634738475830114,0.0775906016698576,0.07992432395690544,1.8160115973183775,0.07966376273068165
mid_low,99507,4517,65745,21383,6348,47,1465,7102,0.04539379139156039,0.660707286924538,0.2148894047654939,0.06379450691911122,0.00047232857989890157,0.014722582330891293,1.422371085204173,0.07137186328599998
mid_low,149838,17823,105367,22782,0,472,3392,11672,0.11894846434148881,0.7032061292862959,0.15204420774436392,0.0,0.003150068740906846,0.02263778213804242,1.2856432578800576,0.0778974625929337
mid_low,160346,19863,44624,84993,1140,0,9724,15161,0.12387586843451037,0.2782981801853492,0.5300599952602497,0.0071096254349968194,0.0,0.06064385765781498,1.6681465743617194,0.09455178177191823
mid_low,93408,1616,66850,21398,2,0,3540,8314,0.017300445357999315,0.7156774580335732,0.22908102089756766,2.1411442274751628e-05,0.0,0.03789825282631038,1.1129791070691104,0.08900736553614251
mid_low,219529,26532,164466,4069,7778,9509,7173,15010,0.12085874759143439,0.7491766463656282,0.018535136587876772,0.03543039871725376,0.043315461738540235,0.03267449858560828,1.3153982326873601,0.06837365450578284
mid_low,110267,45527,61665,2615,15,32,410,10067,0.412879646675796,0.5592334968757652,0.023715164101680467,0.00013603344608994531,0.0002902046849918833,0.0037182475264585053,1.1590078141326292,0.0912965801191653
mid_low,85993,3862,40069,11280,0,0,30780,6995,0.04491063226076541,0.46595653134557463,0.13117346760782855,0.0,0.0,0.35793611107880874,1.6293552242203613,0.08134383031176956
mid_low,108471,14844,40969,11085,20171,9567,11832,10376,0.1368476366955223,0.3776954208959077,0.10219321293248887,0.18595753703754922,0.08819868905052963,0.10907984622618026,2.368453058752283,0.09565690368854349
mid_low,91280,19861,37709,18767,665,5020,9255,5845,0.21758326029798422,0.4131134969325153,0.20559815950920246,0.0072852760736196315,0.05499561787905346,0.10139132340052585,2.0914942722270595,0.06403374233128835
mid_low,139051,7657,110476,16442,706,2823,944,10795,0.05506612681677946,0.7944998597636839,0.11824438515364866,0.005077273806013621,0.02030190361809696,0.006788876023904898,1.059952755367555,0.07763338631149722
mid_low,122609,13933,65565,33427,0,1424,8258,10347,0.11363766118311054,0.534748672609678,0.27263088354036,0.0,0.011614155567698946,0.06735231508290582,1.6874271748051948,0.08439021605265519
mid_low,162582,24074,107676,26475,3173,0,1181,14626,0.14807297240776962,0.6622873380817065,0.16284090489722108,0.019516305618088103,0.0,0.007264026768030902,1.3905840666340787,0.08996075826352241
mid_low,157460,3158,118569,6306,10753,8,18663,13689,0.020055887209450018,0.7530102883271942,0.0400482662263432,0.06829035945636987,5.080655404547186e-05,0.11852533976883017,1.2370240724309172,0.08693636479105804
mid_low,127661,23120,92236,7337,396,198,4372,10013,0.18110464433147164,0.7225072653355371,0.057472524890138724,0.003101965361386798,0.001550982680693399,0.03424695090904818,1.2291126561941825,0.07843429081708587
mid_low,288248,81328,169325,11606,2298,0,23689,26377,0.28214592989370263,0.5874281868391108,0.04026393938552913,0.007972301629152674,0.0,0.08218270378285365,1.5043554402666741,0.0915080069939774
mid_low,95478,6068,43207,43958,0,376,1867,8587,0.06355390770648736,0.4525335679423532,0.4603992542784725,0.0,0.003938079976539098,0.019554242862230044,1.4279991684657352,0.08993694882590754
mid_low,171342,74886,73899,6027,1,14255,2271,13460,0.43705571313513325,0.4312953041285849,0.035175263508071576,5.836280655064141e-06,0.08319618073793933,0.013254193367650664,1.5962608102314193,0.07855633761716334
mid_low,69354,4899,31671,28945,439,818,2579,6121,0.0706375984081668,0.4566571502725149,0.41735155867001184,0.006329843988811028,0.011794561236554488,0.03718603108688756,1.6109967701777996,0.08825734636790956
mid_low,151379,18204,106063,13276,4356,5146,4332,13310,0.12025446065834759,0.7006453999564008,0.08770040758625701,0.028775457626222925,0.03399414714062056,0.028616915159962744,1.4948834040886465,0.08792500941345893
mid_low,146551,8378,93957,6773,147,3951,33341,12263,0.057167811888011684,0.64112152083575,0.04621599306725986,0.0010030637798445592,0.0269598979194956,0.2275044182571255,1.4886780824908605,0.08367735464104646
mid_low,168433,34638,91276,1985,2848,10069,27613,12549,0.20564853680692025,0.5419128080601783,0.011785101494362744,0.016908800531962264,0.059780446824553385,0.16394055796666923,1.7938889280076842,0.07450440234395872
mid_low,135633,16599,67403,17960,0,0,33669,12700,0.12238172126252461,0.49695133190300295,0.13241615241128635,0.0,0.0,0.2482360487491982,1.7574647631053664,0.09363502982312565
mid_low,128575,27832,84105,7000,0,195,9440,11306,0.2164650981917169,0.654131829671398,0.054442932140773864,0.0,0.001516624538207272,0.07342018277270076,1.3979044510537884,0.0879331129690842
mid_low,90457,17689,65854,5161,1154,25,571,5946,0.19555147749759555,0.7280144156892225,0.05705473318814464,0.012757442762859702,0.0002763744099406348,0.006312391523044098,1.1591987544008344,0.06573288966028057
mid_low,166786,47084,99735,8358,942,1031,9634,15665,0.2823018718597484,0.5979818449989808,0.05011211972227885,0.005647956063458564,0.006181573993020997,0.05776264194836497,1.5002887701468,0.09392275131006199
mid_low,91093,9876,45904,11783,102,14932,8492,8445,0.10841667307037862,0.5039245606138781,0.1293513222750376,0.0011197347765470453,0.1639203890529459,0.09322340904350498,1.985173857539589,0.0927074528229392
mid_low,88906,9517,37190,352,0,13494,28351,7058,0.10704564371358513,0.4183069759071379,0.0039592378467145075,0.0,0.151778282680584,0.3188873641823949,1.8412838242908793,0.0793872179605426
mid_low,107103,6294,87836,6656,10,461,5842,7044,0.058765860900254895,0.8201077467484571,0.06214578489864896,9.336806625397982e-05,0.004304267854308469,0.05454562430557501,0.9880003356983981,0.06576846586930338
mid_low,147316,64804,35624,44724,2,0,2160,10246,0.43989790654104105,0.24182030465122595,0.30359227782454046,1.3576257840288903e-05,0.0,0.014662358467512016,1.6280740296112608,0.06955116891580004
mid_low,92636,11486,53802,23555,11,1156,2622,6754,0.12399067317241677,0.5807893259639881,0.2542747959756466,0.00011874433265685047,0.012478949868301741,0.028304330929660174,1.5570748380544055,0.07290902025130619
mid_low,189496,44319,103968,34345,2,2148,4711,17948,0.2338782876683413,0.5486553805885085,0.18124393127031704,1.0554312492084266e-05,0.011335331616498502,0.024860683075104487,1.6179260009148573,0.0947144003039642
mid_low,213896,1338,184082,9264,2573,15380,1256,16666,0.006255376444627296,0.8606145042450537,0.043310767849796164,0.012029210457418558,0.07190410292852602,0.00587201256685492,0.8216423711388301,0.07791637057261473
mid_low,114201,32187,64037,15867,114,0,1993,10172,0.28184516773058027,0.5607393980788259,0.1389392387106943,0.0009982399453594977,0.0,0.017451686062293675,1.4904330765258715,0.08907102389646325
mid_low,179604,37099,74933,17466,11170,0,38934,14796,0.2065599875281174,0.41721231152981003,0.09724727734348901,0.06219237878889112,0.0,0.21677690920024054,2.050491002188187,0.08238123872519543
mid_low,174507,39041,109044,19298,6512,87,522,16031,0.22372168451695348,0.6248689164331517,0.11058582177219252,0.03731655463677675,0.0004985473362100087,0.0029912840172600526,1.4660709499496054,0.09186450973313391
mid_low,121390,12272,71763,12998,2433,439,21481,10324,0.10109564214515199,0.5911771974627235,0.107076365433726,0.020042837136502182,0.0036164428700881457,0.176958563308345,1.7122175902454464,0.08504819177856496
mid_low,168546,80423,70693,7466,0,10,9951,15557,0.4771575712268461,0.4194285239637844,0.04429651252477069,0.0,5.933098382637381e-05,0.05904026200562458,1.4761338709236937,0.09230121153868974
mid_low,134061,11771,44225,39061,38937,45,19,12114,0.08780331341702657,0.32988714092838334,0.2913673626185095,0.29044241054445363,0.0003356680913912324,0.0001417265274762981,1.8780669018089535,0.09036185020251974
mid_low,118486,4130,38307,26164,4163,45229,490,8221,0.03485643873537802,0.32330401904022416,0.22081933730567324,0.03513495265263407,0.38172442313859867,0.004135509680468579,1.9094885234094172,0.06938372465945344
mid_low,101425,21325,65135,7772,101,6680,410,7735,0.21025388217894997,0.6421986689672171,0.07662805028346069,0.0009958097116095637,0.06586147399556322,0.00404239585900912,1.4678543054619004,0.07626324870594035
mid_low,149457,23085,51381,11367,14083,0,49539,10334,0.15445914209438166,0.34378449988960036,0.07605532025933881,0.09422777119840489,0.0,0.33145988478291416,2.077625227950752,0.06914363328582802
mid_low,155835,8850,82732,40108,8459,166,15517,14727,0.056790836461642125,0.5308948567395001,0.2573747874354285,0.0542817723874611,0.0010652292488850387,0.09957326659607918,1.794015468230998,0.09450380209837328
mid_low,174054,88434,67484,7978,102,0,10054,14673,0.5080836981626392,0.3877187539499236,0.0458363496386179,0.0005860250267158468,0.0,0.05776368253530514,1.4740722193925393,0.08430142369609432
mid_low,125756,25776,79673,2626,6308,0,11371,11253,0.20496835141066827,0.6335522758357454,0.020881707433442538,0.05016062851871879,0.0,0.09042113298769044,1.5324573082657929,0.08948280797735297
mid_low,98043,7882,81011,1038,6847,61,1202,9256,0.0803932968187428,0.8262803055802046,0.010587191334414492,0.0698367043032139,0.0006221759840070173,0.0122599267668268,0.9419531001382445,0.09440755586834348
mid_low,222216,62802,110605,18648,4,78,30076,15591,0.28261691327357163,0.4977364366202254,0.08391834971379199,1.8000504014112395e-05,0.0003510098282751917,0.1353457896821111,1.71104738694567,0.07016146452100659
mid_low,92127,15463,67877,800,1,2403,5581,8754,0.16784438872426108,0.7367764064823559,0.00868366494078826,1.0854581175985324e-05,0.026083558565892735,0.0605794175431741,1.198768517974762,0.09502100361457554
mid_low,114340,11219,65343,5446,19,20748,11563,7560,0.0981196431694945,0.5714797970963792,0.04762987580899073,0.00016617106874234738,0.18145880706664336,0.1011282140983033,1.7823301521507193,0.0661185936680077
mid_low,96088,17821,64276,2613,1026,727,9622,9033,0.18546540671051537,0.6689284822246274,0.027193822329531263,0.010677712097244193,0.007565981183914745,0.10013737407376572,1.435971962752633,0.09400757638831071
mid_low,101964,4421,86950,8568,2007,8,7,7313,0.04335844023380801,0.8527519516692166,0.08402965752618571,0.019683417676827117,7.845906398336668e-05,6.865168098544584e-05,0.8060686288061829,0.07172139186379506
mid_low,147024,12280,87799,30643,109,1040,15150,11231,0.0835237784307324,0.5971746109478725,0.20842175427141146,0.000741375557732071,0.0070736750462509525,0.10304440091413647,1.6109420320655108,0.0763888888888889
mid_low,117353,24781,47425,39157,0,0,5988,8395,0.2111663101923257,0.40412260444982234,0.33366850442681484,0.0,0.0,0.05102553833306349,1.7494070375697808,0.07153630499433333
mid_low,109058,11667,79087,12271,18,0,6013,8740,0.10697977223128977,0.7251829301839389,0.11251810962973831,0.00016504979001998935,0.0,0.055135799299455335,1.2683690396964842,0.08014084248748372
mid_low,153001,41939,88727,17969,0,0,4364,13902,0.2741093195469311,0.5799112424101803,0.11744367683871347,0.0,0.0,0.028522689394186965,1.476943801010469,0.09086215122776975
mid_low,94114,14931,47401,31601,3,78,96,8831,0.15864802261087618,0.5036551416367384,0.33577363622840384,3.187623520411416e-05,0.0008287821153069681,0.001020039526531653,1.4674990420815852,0.09383301102917738
mid_low,107714,40588,49694,11927,1935,1735,1831,8560,0.37681267059063817,0.4613513563696455,0.11072841042018679,0.01796423863193271,0.01610746978108695,0.016998718829492915,1.6970649979303185,0.07946970681619846
mid_low,128114,10795,108799,5547,21,0,2949,11138,0.08426089264249029,0.8492358368328208,0.04329737577470066,0.0001639165118566277,0.0,0.023018561593580716,0.8243701230780592,0.08693819566948187
mid_low,99976,23453,58522,6901,535,18,10544,9130,0.23458630071217093,0.585360486516764,0.06902656637593023,0.005351284308233976,0.00018004321037048892,0.10546531167480196,1.5940476270849024,0.09132191726014244
mid_low,95770,4415,81165,10182,2,0,4,6803,0.0461000313250496,0.8474992168737601,0.1063172183355957,2.0883366398663464e-05,0.0,4.176673279732693e-05,0.7516684086517367,0.07103477080505377
mid_low,206045,15865,97002,61506,1414,18810,11445,16217,0.07699774321143439,0.47078065471134944,0.298507607561455,0.006862578562935281,0.09129073746026353,0.0555461185663326,1.9133623443884693,0.07870610788905336
mid_low,148029,47496,68009,21913,780,54,9774,9713,0.3208560484769876,0.45943024677596955,0.14803180457883253,0.0052692377844881745,0.00036479338507995054,0.06602760269947106,1.752626737104437,0.06561552128299185
mid_low,79708,1901,60373,7056,5078,2276,3022,6010,0.02384955086064134,0.757427108947659,0.0885231093491243,0.06370753249360164,0.028554222913634766,0.03791338385105635,1.3203291330764695,0.07540021076930797
mid_low,96022,42594,39585,2434,227,7,11172,8371,0.4435858449105413,0.41224927620753576,0.025348357668034407,0.0023640415738060026,7.289996042573578e-05,0.11634833683947429,1.5643313247757957,0.08717793838911916
mid_low,150936,16988,114973,3535,986,6503,7949,10853,0.11255101499973498,0.761733449939047,0.023420522605607674,0.006532570095934701,0.043084486139820855,0.052664705570572956,1.2471666216362407,0.07190464832776806
mid_low,78129,12104,39416,24492,0,74,2040,5463,0.15492326792868205,0.5044989696527538,0.3134815497446531,0.0,0.0009471515058429008,0.026110663134047536,1.5862420188386026,0.06992281995161848
mid_low,182322,10652,137631,33606,0,373,57,15512,0.058424106800057045,0.7548787310362984,0.18432224306446837,0.0,0.002045831002292647,0.0003126336920393589,1.0172285381654154,0.08508024264762344
mid_low,125934,22844,39359,52666,2,0,11060,11927,0.18139660457064813,0.31253672558641826,0.4182031857957343,1.5881334667365444e-05,0.0,0.08782378071053092,1.8055786717128117,0.09470833928883383
mid_low,159472,28005,95178,24821,3852,3538,4076,14978,0.17561076552623658,0.5968320457509783,0.15564487809772248,0.02415471054479783,0.022185712852412963,0.025559345841276213,1.6896565661334237,0.09392244406541587
mid_low,199734,42777,51727,69229,189,5006,30803,18460,0.2141698458950404,0.2589794426587361,0.3466059859613286,0.0009462585238367028,0.025063334234531928,0.15422011274995745,2.069465119060801,0.09242292248690759
mid_low,107173,51863,28735,23378,0,0,3194,7485,0.48391852425517623,0.2681179028300038,0.21813329849868904,0.0,0.0,0.02980228229124873,1.6461424013841737,0.06984035158108852
mid_low,240884,82483,85196,65354,185,1266,6397,15622,0.3424179273011076,0.3536806097540725,0.2713090118065127,0.0007680045166968333,0.005255641719665897,0.026556350774646718,1.7571334583168476,0.06485279221534017
mid_low,146279,40938,89913,10214,2378,227,2606,11446,0.2798624546243822,0.6146678607318891,0.06982547050499388,0.01625660552779278,0.0015518290390281585,0.01781527081809419,1.428485928568796,0.0782477320736401
mid_low,153504,6285,89285,32164,801,0,24967,13736,0.04094355847404628,0.5816460808838858,0.2095319991661455,0.005218105065666041,0.0,0.1626472274338128,1.5816560553220578,0.08948301021471754
mid_low,98352,33777,25586,25688,339,10523,2436,7060,0.3434297218155198,0.2601472262892468,0.26118431755327803,0.003446803318692045,0.10699324873922239,0.024768179599804784,2.0461121169709044,0.07178298356922076
mid_low,202180,68676,120199,9077,102,27,4095,18114,0.3396775150855673,0.5945147888020575,0.0448956375506974,0.0005045009397566524,0.00013354436640617272,0.020254228904936195,1.2973487349813557,0.08959343159560787
mid_low,145671,12259,99161,25913,403,0,7933,10331,0.08415539125838362,0.680718880216378,0.17788715667497307,0.002766508090148348,0.0,0.054458334191431375,1.373486108738767,0.07092008704546547
mid_low,91143,8137,70354,9001,18,308,3321,7162,0.08927728953402894,0.77190788102213,0.09875689850015909,0.00019749185346104473,0.00337930504811121,0.03643724696356275,1.1336187970438105,0.07857981413822235
mid_low,98069,13616,64170,8022,863,0,11396,6343,0.1388410200980942,0.654335212962302,0.0817995492969236,0.008799926582304296,0.0,0.11620389725601363,1.5122478948014975,0.06467895053482751
mid_low,63552,14695,37472,4294,0,1,7088,4104,0.23122797079556898,0.5896273917421954,0.06756671701913394,0.0,1.5735146022155086e-05,0.11153071500503525,1.5537216483604,0.06457703927492447
mid_low,121664,12753,102884,3907,32,443,1643,7855,0.1048214755391899,0.8456404523934771,0.032113032614413464,0.0002630194634402946,0.003641175697001578,0.013504405576012625,0.8214327363598245,0.06456305891635981
mid_low,139149,12295,80939,35899,219,8082,1712,9544,0.08835852215969932,0.5816714457164622,0.25798963700781175,0.0015738524890584913,0.058081624733199666,0.012303358270630763,1.5994619071855525,0.06858834774234814
mid_low,231622,64289,82358,67737,354,1579,15302,20154,0.2775599899836803,0.3555707143535588,0.2924463133899198,0.0015283522290628698,0.006817141722288902,0.06606453618395489,1.884737913958189,0.08701245995630812
mid_low,158442,90595,35941,11832,671,52,19348,13227,0.5717865212506785,0.22684010552757475,0.07467716893248003,0.004234988197573876,0.00032819580666742403,0.12211408591156385,1.6337857079542828,0.08348165259211572
mid_low,124467,55405,22912,7075,0,0,39073,9452,0.4451380687250436,0.18408092104734589,0.056842375890798366,0.0,0.0,0.3139225658206593,1.7291047227945455,0.07593980733849133
mid_low,133735,33924,60572,33005,427,11,5793,11824,0.2536658316820578,0.45292556174524246,0.24679403297566083,0.003192881444647998,8.225221520170487e-05,0.04331700751486148,1.7414926232450143,0.08841365386772349
mid_low,166457,9718,96349,25357,22100,3633,9296,13635,0.05838144385637131,0.5788221582751101,0.15233363571372788,0.1327670209123077,0.02182545642418162,0.05584625458827205,1.8490241940133714,0.08191304661263869
mid_low,119943,44390,52896,16689,379,19,5569,8527,0.37009246058544476,0.4410094795027638,0.1391410920187089,0.00315983425460427,0.00015840857740760195,0.04643038776752291,1.681397332159126,0.07109210208182219
mid_low,113987,39430,51487,5173,2710,13139,2046,8288,0.3459166396167984,0.4516918595980243,0.04538236816479072,0.023774640967829663,0.11526753050786494,0.017949415284199074,1.8417992784122408,0.07271004588242519
mid_low,153942,20111,112094,13338,3791,0,4605,10801,0.13064011121071573,0.7281573579659872,0.08664302139766925,0.02462615790362604,0.0,0.029913863662937988,1.305656586772327,0.07016278858271296
mid_low,67799,22139,41247,1705,0,2267,438,5985,0.3265387395094323,0.6083718048938775,0.025147863537810292,0.0,0.033437071343235154,0.006460272275402292,1.3079774190921574,0.0882756382837505
mid_low,157532,6067,112339,29713,79,4345,4986,11404,0.03851281009572658,0.7131186044740117,0.1886156463448696,0.0005014854124876216,0.027581697686819187,0.031650712236244063,1.2887479658172387,0.072391641063403
mid_low,187486,7382,95339,33607,828,6550,43777,17450,0.03937360656262334,0.5085126356101256,0.1792507173868982,0.004416329752621529,0.03493594188366065,0.23349476760931484,1.8180085024524058,0.0930736161633402
mid_low,248128,71210,135287,27857,57,2854,10860,21062,0.2869889734330668,0.545230687387155,0.11226866778436936,0.00022972014444157853,0.011502127933969564,0.0437677327830797,1.622602787879876,0.0848836084601496
mid_low,136546,22503,83432,24316,247,0,6045,11743,0.16480160531981897,0.6110175325531323,0.17807918210712873,0.0018089142120604046,0.0,0.044270795189899376,1.5218407876145041,0.08600032223573008
mid_low,164271,19256,122603,10086,6,105,12211,13305,0.11722093370101844,0.7463459770744684,0.061398542652081015,3.652501050094052e-05,0.0006391876837664591,0.07433448387116412,1.210780831136189,0.0809942107858356
mid_low,154859,24703,113929,11743,364,24,4094,13497,0.15951930465778547,0.7356950516276096,0.07583027140818421,0.0023505253165783065,0.00015497969120296527,0.026436952324372494,1.191441913960122,0.0871567038402676
mid_low,214702,41117,65628,96643,1316,111,9884,18359,0.19150729848813705,0.3056701847211484,0.45012622146044284,0.006129425901947816,0.0005169956497843522,0.04603590092313998,1.752846452937383,0.08550921742694526
mid_low,139078,41502,64859,24692,1,3909,4112,11361,0.29840808754799464,0.4663498180876918,0.17754066063647736,7.1902098103222656e-06,0.028106530148549736,0.029566142740045154,1.771735212567461,0.08168797365507126
mid_low,193283,57883,93322,7550,264,10970,23292,17619,0.29947279377907005,0.4828257011739263,0.03906189369991153,0.0013658728393081648,0.05675615548185821,0.1205072355044158,1.826642891370323,0.09115649074155513
mid_low,154262,6314,124139,11209,10279,0,2318,12627,0.040930365222802766,0.8047283193527894,0.07266209435894777,0.06663338994697333,0.0,0.015026383684899716,1.0671780540610267,0.0818542479677432
mid_low,69582,28834,26186,13998,60,0,502,4984,0.4143887787071369,0.3763329596734788,0.20117271708200396,0.0008622919720617401,0.0,0.0072145094995832255,1.582783251517817,0.0716277198125952
mid_low,218198,28869,85118,40460,0,3756,59992,17598,0.13230643727256894,0.3900952346034336,0.1854279140963712,0.0,0.017213723315520766,0.27494294173182154,1.9796934041448182,0.08065151834572269
mid_low,73232,19209,29042,6288,16,1,18673,5354,0.2623033646493336,0.3965752676425606,0.08586410312431723,0.00021848372296263927,1.3655232685164955e-05,0.2549841599300852,1.8452881076889716,0.07311011579637317
mid_low,176379,24851,117892,23612,46,159,9816,15523,0.14089545807607481,0.6684015670799812,0.1338708122849092,0.0002608020229165604,0.0009014678618202847,0.05565288384671645,1.4193599813931776,0.08800934351595145
mid_low,104182,6006,57494,16283,14584,3571,6242,7363,0.05764911405041178,0.5518611660363595,0.1562937935535889,0.13998579409110978,0.0342765544911789,0.059914380603175214,1.9363187740404644,0.07067439672880152
mid_low,71826,6397,53728,620,0,0,11078,5159,0.08906245649207807,0.7480299612953527,0.00863197170940885,0.0,0.0,0.1542338428981149,1.0991620699636058,0.07182635814329073
mid_low,209780,78318,120332,5563,0,0,5566,14712,0.3733339689198208,0.5736104490418533,0.026518257221851464,0.0,0.0,0.026532557917818667,1.2684328305756207,0.07013061302316713
mid_low,144387,3371,72376,13037,2357,27289,25953,11429,0.023346977220940944,0.501263964207304,0.09029206230477813,0.016324184310221833,0.18899900960612798,0.17974609902553554,1.9354677595248284,0.0791553256179573
mid_low,118062,23977,67735,6430,0,10780,9136,8012,0.20308820789076926,0.5737239755382765,0.05446290931883248,0.0,0.09130795683623859,0.0773830699124189,1.756597024298992,0.0678626484389558
mid_low,179440,76220,63096,27914,17,1026,11163,17047,0.42476593847525634,0.35162728488631295,0.15556174765938474,9.473918858671423e-05,0.005717788675880517,0.06221020954079358,1.765628395497635,0.09500111457868926
mid_low,82056,19794,47961,11808,1003,8,1480,5906,0.24122550453348932,0.5844910792629424,0.14390172565077508,0.012223359656819734,9.749439407234084e-05,0.018036462903383055,1.5336416511377065,0.07197523642390563
mid_low,159002,28058,120961,5206,0,0,4774,11988,0.17646318914227493,0.7607514370888416,0.03274172651916328,0.0,0.0,0.030024779562521225,1.055090913712456,0.07539527804681702
mid_low,87392,25929,57669,1704,42,110,1934,5762,0.2966976382277554,0.6598887770047601,0.019498352251922372,0.0004805931893079458,0.001258696448187477,0.02213017209813255,1.1656825841430754,0.06593280849505676
mid_low,201860,36774,161468,900,1067,15,1633,18557,0.18217576538194788,0.7999009214306946,0.004458535618745665,0.00528584167244625,7.430892697909442e-05,0.008089765183790745,0.837224440488662,0.09193005053007035
mid_low,360343,25131,255404,77547,0,0,2259,28512,0.06974188481530098,0.7087802454883264,0.21520329241861227,0.0,0.0,0.006269027010376225,1.1427229232804494,0.07912461182817482
mid_low,203686,51613,87755,49710,9614,1022,3969,15090,0.25339493141403924,0.43083471618078806,0.24405211943874394,0.04720010211796589,0.0050175269777991615,0.019485875317891265,1.8787715634991236,0.07408462044519505
mid_low,174617,16071,110483,24755,952,0,22354,11564,0.09203571244495096,0.6327161731102928,0.14176741096227743,0.005451931942479827,0.0,0.12801731790146434,1.5547799042854793,0.06622493800718143
mid_low,137865,26480,51207,31667,3734,1091,23684,8928,0.19207195444819208,0.37142857142857144,0.22969571682442969,0.027084466688427084,0.007913538606607913,0.1717912450585718,2.1081882747408143,0.06475900337286476
mid_low,135724,40803,75742,17231,357,553,1035,11747,0.3006321652765907,0.5580590020924818,0.12695617576847132,0.0026303380389614216,0.004074445197606908,0.007625769944888156,1.4774493139986755,0.08655064690106393
mid_low,72137,14289,41245,8271,0,4824,3505,4842,0.19808142839319628,0.5717592913484065,0.11465683352509808,0.0,0.06687275600593315,0.048588103192536425,1.7550471948348654,0.06712228121491051
mid_low,150776,45915,63715,16608,0,4405,20131,10660,0.30452459277338567,0.4225805167931236,0.11015015652358466,0.0,0.029215525017244125,0.13351594418209795,1.9348295064483123,0.07070090730620258
mid_low,134916,16342,98870,9774,1,272,9654,11382,0.1211272198997895,0.7328263512111239,0.07244507693676065,7.412019330546414e-06,0.0020160692579086247,0.07155563461709508,1.2623024646752095,0.08436360402027929
mid_low,91643,21775,58247,3346,0,0,8273,5878,0.23760680030116865,0.6355859149089401,0.036511244721364425,0.0,0.0,0.09027421625219602,1.3957848384541767,0.06414019619610882
mid_low,191827,61804,63509,62136,0,4,4372,14965,0.3221861364667122,0.33107435345389336,0.3239168625897293,0.0,2.0852121964061368e-05,0.022791369306719076,1.7058984039937952,0.07801300129804459
mid_low,122559,22784,68707,25317,4786,36,926,8362,0.1859023001166785,0.5606034644538549,0.2065698969475926,0.039050579720787536,0.0002937360781337968,0.00755554467644155,1.6287371158738364,0.06822836348207802
mid_low,292032,34129,129831,40151,303,2,87613,19109,0.11686732960771422,0.44457799145299143,0.1374883574402805,0.0010375575279421433,6.8485645408722335e-06,0.30001164255971946,1.8069471401399806,0.06543460990576375
mid_low,142213,30621,79339,24777,55,231,7187,12938,0.21531786826802052,0.5578885193336756,0.17422457862502022,0.0003867438279200917,0.0016243240772643851,0.05053687075021271,1.623032918546624,0.09097621173872994
mid_low,91284,21865,47785,11717,169,2626,7120,5946,0.23952718986898033,0.523476184216292,0.1283576530388677,0.0018513649708601727,0.02876736339336576,0.07799833486700845,1.8139747122737346,0.06513737347180229
mid_low,184840,25572,109119,23359,1187,20,25580,15560,0.13834667820818006,0.5903429993507898,0.1263741614369184,0.006421770179614802,0.00010820168794633196,0.1383899588833586,1.6638493046214395,0.08418091322224627
mid_low,160782,37357,87043,10827,406,0,25146,13143,0.23234566058389622,0.5413727904864972,0.0673396275702504,0.002525158288863181,0.0,0.15639810426540285,1.6710553449825576,0.08174422509982461
mid_low,168734,32034,86951,28967,11405,41,9332,13750,0.18984911161947207,0.5153140445908946,0.17167257339955197,0.06759159386964098,0.00024298600163571066,0.05530598456742565,1.8810338267843516,0.08148920786563467
mid_low,238706,17597,78572,83042,0,79,59414,19434,0.07371829782242591,0.32915804378607993,0.3478840079428251,0.0,0.000330951044380954,0.24890032089683545,1.8381539775348237,0.08141395691771468
mid_low,134532,9498,62234,4193,4051,48405,6149,11128,0.0706003032735706,0.46259625962596257,0.031167305919781167,0.030111794963280113,0.3598028721791098,0.045706597686795705,1.8266724121677944,0.08271637974608272
mid_low,158447,19466,105473,6880,87,106,26432,11805,0.12285496096486523,0.6656673840464004,0.043421459541676394,0.0005490795029252684,0.0006689934173572235,0.16681918875081259,1.402968542216505,0.07450440841417004
mid_low,106355,21615,73142,5085,93,131,6286,8400,0.20323445066052373,0.6877156692210051,0.04781157444407879,0.000874429975083447,0.0012317239433971134,0.05910394433736073,1.3103314290095425,0.07898077194302101
mid_low,257615,29490,194243,22504,0,399,10976,24252,0.1144731479145236,0.754005007472391,0.08735516177241232,0.0,0.0015488228558119676,0.04260621470023097,1.1807549977915994,0.09414048095025522
mid_low,122291,18969,99438,1756,152,302,1671,8763,0.1551136224251989,0.8131260681489235,0.014359192418084732,0.0012429369291280634,0.002469519424978126,0.013664129003769697,0.8656358957393188,0.07165694940756065
mid_low,86478,9065,64192,5086,19,506,7608,5884,0.1048243483891857,0.7422928374846782,0.058812645990887855,0.0002197090589514096,0.005851199148916487,0.08797613265801707,1.255223312061903,0.06804042646684706
mid_low,99584,16210,44637,6665,81,84,31904,8831,0.1627771529562982,0.4482346561696658,0.06692842223650386,0.000813383676092545,0.0008435089974293059,0.3203727506426735,1.7494018068346011,0.08867890424164525
mid_low,85075,8219,64054,9130,0,131,3538,7566,0.09660887452248017,0.7529121363502792,0.1073170731707317,0.0,0.0015398178078166323,0.04158683514545989,1.1847553662723365,0.08893329415221864
mid_low,161347,6579,90078,47785,15159,91,1653,10785,0.04077547149931514,0.5582874178013846,0.2961629283469789,0.09395278499135404,0.000564001809764049,0.010244999907032669,1.5719806302524335,0.06684351119016778
mid_low,201141,12936,121354,53957,71,2063,10758,14495,0.06431309379987173,0.6033280136819446,0.2682546074644155,0.00035298621365112035,0.010256486743130441,0.053484868823362716,1.5014257592575986,0.07206387558976042
mid_low,236370,24715,127580,59179,305,61,24527,21778,0.1045606464441342,0.5397470068113551,0.25036595168591613,0.0012903498751956678,0.00025806997503913356,0.10376528324237425,1.6756308097026746,0.09213521174429919
mid_low,108812,30354,39185,20741,1626,401,16501,9704,0.27895820313935965,0.36011653126493404,0.19061316766533104,0.014943204793588943,0.003685255302723964,0.15164687718266368,2.0333117414267172,0.08918134029335
mid_low,192181,19324,101179,54539,52,286,16800,13635,0.10055104302714628,0.526477643471519,0.2837897606943454,0.0002705782569556824,0.0014881804132562532,0.08741759070875893,1.660725060511392,0.07094874103059096
mid_low,108521,37925,65215,3400,922,246,810,7538,0.3494715308557791,0.6009435961703264,0.03133034159287142,0.008496051455478663,0.002266842362307756,0.007463993144184075,1.2592081244956006,0.06946121027266612
mid_low,114304,36316,39963,10167,17,13104,14734,10267,0.31771416573348266,0.34962031075027994,0.08894701847704367,0.00014872620380739082,0.11464165733482642,0.128901875699888,2.107253795672844,0.0898218784994401
mid_low,90921,23743,48523,3781,284,8105,6482,6601,0.2611387908184028,0.5336830875155355,0.041585552292649666,0.003123590809603942,0.08914332222478855,0.07129266066145334,1.7886639085352396,0.07260148920491416
mid_low,133314,17907,43652,35656,19734,2,16361,10044,0.13432197668661955,0.327437478434373,0.26745878152332087,0.1480264638372564,1.5002175315420736e-05,0.12272529516779933,2.204943924551165,0.07534092443404293
mid_low,158472,18511,102304,24535,0,8493,4627,13152,0.1168092786107325,0.6455651471553334,0.15482230299358876,0.0,0.05359306375889747,0.029197586955424303,1.5612209405696604,0.08299257913069817
mid_low,97155,6509,52014,30884,0,184,7561,8113,0.06699603726004838,0.5353713138798827,0.31788379393752253,0.0,0.0018938809119448303,0.07782409551747207,1.5732504031026822,0.08350573825330657
mid_low,67573,19094,36250,5622,0,3062,3543,5921,0.28256848149408786,0.536456868867743,0.08319891080757107,0.0,0.04531395675787667,0.05243218445237003,1.7209541006948867,0.08762375505009397
mid_low,178861,47469,72748,18731,3169,454,36287,13526,0.26539603379160354,0.4067292478516837,0.10472377991848418,0.01771766902790435,0.0025382839187972784,0.2028782126903014,1.968563362752766,0.075622969792185
mid_low,208011,61299,123868,6081,2385,4666,9709,18824,0.2946911461413098,0.5954877386292071,0.029234030892597025,0.011465739792607121,0.022431506026123618,0.04667541620395075,1.5169436266352603,0.09049521419540313
mid_low,110689,38753,65114,5962,73,775,9,8071,0.35010705670843534,0.5882608027897984,0.05386262410899005,0.0006595054612472784,0.00700159907488549,8.130889248254117e-05,1.2656048312257273,0.07291600791406554
mid_low,325462,21615,177560,108971,809,341,16162,28746,0.0664132832711653,0.5455629228604261,0.33481942592376374,0.002485697254979076,0.0010477413645832694,0.049658639103797066,1.5122728489165878,0.0883236752677732
mid_low,171743,22446,78176,38242,5832,146,26897,12069,0.13069528306830555,0.4551917690968482,0.22266991958915355,0.03395771588943945,0.0008501074279592181,0.1566119143138294,1.9763485215846202,0.07027360649342332
mid_low,78319,22869,34980,19159,268,884,155,6051,0.2919981102925216,0.44663491617615136,0.244627740395051,0.0034219027311380382,0.011287171695246364,0.0019790855347999845,1.65368462349632,0.07726094561983682
mid_low,157656,21591,57979,59535,15997,0,2552,12444,0.1369500685035774,0.3677563809813772,0.37762597046734664,0.10146775257522708,0.0,0.01618714162480337,1.8853349311012224,0.07893134419241894
mid_low,106159,34693,57506,9147,0,0,4811,7339,0.32680224945600467,0.5416968886293202,0.08616320801816144,0.0,0.0,0.045318814231482964,1.51343075432782,0.06913215083035823
mid_low,306246,75213,182535,38436,1398,0,8661,24626,0.2455966771810897,0.5960404380791913,0.12550694539683785,0.004564957583119453,0.0,0.028281185713446053,1.4992047488873335,0.0804124788568667
mid_low,72309,15113,43566,8784,0,0,4844,4793,0.20900579457605553,0.6024976144048458,0.12147865410944696,0.0,0.0,0.06699027783540085,1.5431244523645216,0.06628497144200583
mid_low,118921,51683,43115,16722,0,0,7399,9785,0.4345994399643461,0.3625516098922814,0.14061435743056314,0.0,0.0,0.062217774825304197,1.7004174001586434,0.08228151461894871
mid_low,164942,10463,109858,21811,597,245,21966,12587,0.06343441937165792,0.666040183822192,0.13223436116938075,0.0036194541111420984,0.0014853706151253167,0.1331740854360927,1.4595221704984263,0.07631167319421372
mid_low,121370,58292,36575,9169,471,2,16859,9104,0.4802834308313422,0.3013512400098871,0.07554585152838428,0.0038806953942489906,1.647853670594051e-05,0.13890582516272554,1.738087948636678,0.07501029908544121
mid_low,117425,9558,81095,19164,337,50,7219,7707,0.08139663615073452,0.6906110283159463,0.16320204385778156,0.002869916968277624,0.0004258037044922291,0.06147753885458804,1.3665834255945952,0.06563338301043219
mid_low,165922,9526,144660,8568,2,824,2339,13106,0.0574125191354974,0.8718554501512759,0.051638721809042804,1.2053856631429226e-05,0.004966188932148841,0.01409698533045648,0.7548273447928335,0.07898892250575572
mid_low,147292,55161,59463,22660,5469,1023,3513,13892,0.3745009912283084,0.4037082801509926,0.15384406485077262,0.037130326154848875,0.006945387393748472,0.023850582516362056,1.8291636374178801,0.09431605246720799
mid_low,113596,34802,62599,8473,0,840,6880,8889,0.3063664213528645,0.5510669389767245,0.07458889397513997,0.0,0.007394626571358146,0.060565512870171485,1.5733046070262835,0.07825099475333638
mid_low,211536,40511,47696,114936,2786,298,5306,18221,0.19150877392027835,0.2254746237047122,0.5433401406852735,0.01317033507298994,0.0014087436653808336,0.02508320096815672,1.6483542077111353,0.08613663868088647
mid_low,129750,28017,80986,13856,394,46,6448,10254,0.21593063583815028,0.624169556840077,0.10678998073217727,0.0030366088631984586,0.0003545279383429672,0.04969556840077071,1.4912352118057437,0.07902890173410404
mid_low,144800,13713,103619,17296,40,1857,8271,11543,0.09470303867403315,0.7156008287292818,0.1194475138121547,0.00027624309392265195,0.012824585635359115,0.057120165745856356,1.3534433280956848,0.07971685082872929
mid_low,156790,69928,66298,16153,1041,250,3117,13768,0.4459978314943555,0.4228458447605077,0.10302315198673385,0.00663945404681421,0.0015944894444798775,0.019880094393775114,1.557660730547001,0.08781172268639581
mid_low,137266,39106,72198,21155,0,1096,3709,10842,0.2848921072953244,0.5259714714495942,0.15411682426820916,0.0,0.007984497253507788,0.02702052948290181,1.6158360062050858,0.07898532775778416
mid_low,109786,8109,59853,5801,3,2591,33426,8495,0.07386187674202539,0.5451788023973912,0.05283915982001348,2.7325888546809247e-05,0.023600459074927586,0.30446505018854864,1.6292769371697182,0.07737780773504818
mid_low,155661,35255,85435,24951,1,1380,8636,11623,0.22648576072362378,0.5488529561033271,0.16029063156474646,6.424216727375515e-06,0.008865419083778211,0.055479535657614945,1.6756567972049536,0.07466867102228561
mid_low,168518,108611,39436,12924,2,0,7544,14637,0.6445068182627375,0.2340165442267295,0.07669210410757307,1.1868168385573055e-05,0.0,0.04476673115038156,1.3837242407262833,0.0868571903298164
mid_low,115218,8928,67217,23788,1988,487,12808,7644,0.07748789251679425,0.5833897481296325,0.2064607960561718,0.017254248468121302,0.00422677012272388,0.11116318630769498,1.696099117494335,0.06634380044784668
mid_low,260043,25567,159233,57845,960,4,16431,22996,0.09831835504128164,0.6123333448698869,0.22244398041862307,0.0036916971423956806,1.538207142664867e-05,0.06318570390281607,1.5265010068763254,0.0884315286318032
mid_low,79749,6517,31627,16798,0,1960,22843,5119,0.08171889302687181,0.3965817753200667,0.2106358700422576,0.0,0.024577110684773477,0.286436193557286,1.9458161785069277,0.06418889265069154
mid_low,211657,25288,166725,6852,0,113,12676,14601,0.11947632254071446,0.7877131396551968,0.032373132001304,0.0,0.0005338826497588079,0.059889349277368574,1.0466600617739303,0.06898425282414472
mid_low,172246,18703,79327,45150,1,1714,27348,15434,0.10858307304668904,0.4605448022015025,0.2621251001474635,5.805650058637065e-06,0.009950884200503931,0.15877291780360647,1.8571248581682211,0.08960440300500447
mid_low,244135,65305,59606,119213,0,6,2,18453,0.2674954430950089,0.24415180125750097,0.48830769860937595,0.0,2.4576566244086264e-05,8.192188748028755e-06,1.51102041583335,0.0755852294836873
mid_low,107161,24186,65708,1965,6226,5265,3807,9245,0.2256977818422747,0.6131708364050354,0.01833689495245472,0.058099495152154235,0.049131680368790884,0.03552598426666418,1.6463188105466655,0.0862720579315236
mid_low,159730,29653,102656,8662,17,8433,10306,15280,0.18564452513616728,0.642684530144619,0.054229011456833405,0.00010642959994991548,0.052795342139861014,0.06452137982846053,1.5695005281698244,0.09566142866086522
mid_low,75326,14973,45190,15049,0,0,111,6646,0.1987759870429865,0.5999256564798343,0.19978493481666357,0.0,0.0,0.0014735947747125827,1.383593481580973,0.08822982768234076
mid_low,244230,44029,128856,3285,52851,0,15207,19735,0.1802767882733489,0.5276010318142734,0.013450436064365558,0.21639847684559638,0.0,0.06226507800024567,1.743163043276987,0.0808049789133194
mid_low,128065,3455,59452,59905,2370,94,2786,8245,0.026978487486823098,0.4642330066762972,0.46777027290828876,0.018506227306445945,0.0007340022644750713,0.02175457775348456,1.4015936267124385,0.0643813688361379
mid_low,340837,34013,241900,15387,119,0,49415,21857,0.0997925694686903,0.7097234161784078,0.045144746609082936,0.00034914049824402867,0.0,0.1449813253842746,1.2925840610499222,0.06412742747999776
mid_low,85467,7574,35903,35091,2645,4211,40,8045,0.08861899914586917,0.4200802648975628,0.4105795219207413,0.030947617208981246,0.04927047866427978,0.0004680168954099243,1.7370949725560225,0.09412989808932103
mid_low,86935,17376,54402,7063,4,5813,2274,7036,0.19987346868349917,0.6257778800253062,0.08124460804049002,4.601138781848507e-05,0.06686604934721344,0.026157473974808765,1.58082136775676,0.08093403117271525
mid_low,209181,75056,80409,29092,2937,31,21654,19297,0.358808878435422,0.3843991567111736,0.1390757286751665,0.014040472127009623,0.00014819701598137497,0.10351800593744173,1.8836128479106558,0.09225025217395462
mid_low,217872,13310,123527,8083,34,5,72911,18206,0.06109091576705589,0.5669705147976793,0.037099764999632814,0.00015605493133583021,2.2949254608210325e-05,0.3346506205478446,1.417672568013713,0.08356282587941544
mid_low,193241,65967,106949,15561,742,38,3980,14586,0.3413716550835485,0.5534488022728096,0.08052638932731666,0.00383976485321438,0.0001966456393829467,0.020596043282740204,1.4429497302933882,0.07548087621157001
mid_low,144798,37628,95461,3509,1955,0,6242,13104,0.2598654677550795,0.6592701556651335,0.02423376013480849,0.013501567701211343,0.0,0.0431083302255556,1.3109285525333834,0.09049848754817055
mid_low,191544,29508,114506,27637,917,378,18594,18103,0.15405337676982833,0.5978052040262289,0.1442853861253811,0.004787411769619513,0.0019734369126675855,0.09707430146598171,1.6436829229119996,0.09451092177254312
mid_low,164743,5718,123281,27203,24,273,8242,12599,0.034708606738981324,0.748323145748226,0.16512385958735729,0.00014568145535773903,0.0016571265546942815,0.05002943979410354,1.1436848541036662,0.07647669400217308
mid_low,120563,39350,58953,13402,973,2486,5395,8842,0.32638537528097344,0.48898086477609215,0.1111617992253013,0.008070469381153422,0.02061992485256671,0.04474838880917031,1.7563762666296723,0.07333925001866244
mid_low,158766,41914,84580,24279,261,0,7730,12878,0.26399858911857704,0.5327337087285691,0.1529231699482257,0.001643928800876762,0.0,0.048688006248189156,1.633027410040512,0.08111308466548253
mid_low,157287,8595,77723,63572,5569,4,1820,12758,0.054645329874687676,0.49414764093663177,0.4041783491324776,0.035406613388264764,2.543121809176855e-05,0.01157120423175469,1.5054292503188507,0.08111287010369579
mid_low,75830,24100,37068,14243,0,96,321,5699,0.3178161677436371,0.48883027825398917,0.18782803639720427,0.0,0.001265989713833575,0.004233153105631017,1.5290456233195069,0.07515495186601609
mid_low,143617,38203,53728,25322,271,0,26090,13228,0.2660061134823872,0.37410612949720434,0.17631617426906285,0.001886963242513073,0.0,0.18166373061684898,1.9444013017589896,0.0921060877194204
mid_low,115988,8095,93195,5380,8745,1,570,8194,0.0697917025899231,0.8034882918922647,0.046384108700900095,0.07539573059281994,8.621581542918233e-06,0.004914301479463393,1.046180699870963,0.070645239162672
mid_low,97782,8091,56183,25446,0,0,8060,7326,0.08274529054427195,0.5745740524840973,0.260231944529668,0.0,0.0,0.08242825877973452,1.5590240086129903,0.07492176474197705
mid_low,145226,45964,79646,11615,2329,923,4746,13345,0.31649980031123903,0.5484279674438461,0.07997879167642158,0.01603707325134618,0.006355611254183135,0.032680098604933004,1.5953385226163683,0.09189125914092518
mid_low,168204,2409,122736,12382,157,923,29594,13070,0.014321894841977599,0.729685382036099,0.07361299374568976,0.0009333904068868754,0.005487384366602459,0.17594111911726237,1.1882149997355578,0.07770326508287556
mid_low,165473,25047,78317,17757,6043,235,38070,11908,0.15136608389284054,0.47329171526472597,0.10731055821795701,0.036519553038864346,0.0014201712666114714,0.23006774519105835,1.9441699299601616,0.07196340188429533
mid_low,115625,30282,52537,29301,59,5,3437,9212,0.26189837837837837,0.45437405405405407,0.25341405405405404,0.0005102702702702703,4.324324324324324e-05,0.029725405405405407,1.6821768301834765,0.07967135135135135
mid_low,255301,18433,128761,34770,1775,3,71555,18831,0.07220104895789675,0.5043497675293085,0.136192180994199,0.006952577545720541,1.175083528854176e-05,0.2802770063572019,1.7279085527275702,0.07375999310617663
mid_low,192812,28457,121387,33000,3,1,9961,14100,0.14758936165798808,0.6295614380847665,0.17115117316349604,1.5559197560317824e-05,5.186399186772608e-06,0.051661722299441944,1.4847242996209749,0.07312822853349377
mid_low,224656,26876,88239,102548,90,3,6897,18612,0.11963179260736415,0.39277384089452316,0.4564667758706645,0.00040061249198775013,1.3353749732925005e-05,0.03070027063599459,1.5715001169891971,0.08284666334306673
mid_low,101745,13222,74828,3858,6675,140,3019,8983,0.12995233180991694,0.7354464592854686,0.03791832522482677,0.06560518944419873,0.0013759889920880633,0.029672219765099022,1.3091021979102802,0.08828935082805052
mid_low,147060,1003,118844,6801,76,12710,7623,12428,0.0068203454372365024,0.8081327349381205,0.04624643002855977,0.0005167958656330749,0.08642730858153135,0.0518359853121175,1.0347975486416374,0.08450972392220862
mid_low,137399,27131,101231,4268,2730,0,2036,11219,0.19746140801606998,0.7367666431342295,0.03106281705107024,0.019869140241195352,0.0,0.014818157337389646,1.144790769882424,0.08165270489595994
mid_low,168924,8444,41451,25642,2,51104,42278,10990,0.049986976391750135,0.24538253889323008,0.15179607397409486,1.1839643863512585e-05,0.3025265800004736,0.25027823163079255,2.148444136198658,0.06505884303000166
mid_low,89510,21386,27859,36859,14,2256,1134,6178,0.23892302536029494,0.31123896771310466,0.4117863925818344,0.0001564071053513574,0.025203887833761592,0.012668975533459949,1.760326303239394,0.06902022120433471
mid_low,111944,8536,42135,20512,147,0,40611,7570,0.07625241192024584,0.37639355391981705,0.18323447438004717,0.0013131565782891447,0.0,0.36277960408775817,1.80558614867523,0.06762309726291717
mid_low,148115,10867,116111,3936,0,0,17200,9875,0.073368666239071,0.7839246531411403,0.02657394592039969,0.0,0.0,0.11612598318873849,1.0516272667195388,0.066671167673767
mid_low,96280,5781,52202,10488,103,3243,24459,9062,0.06004362276692979,0.5421894474449522,0.10893228084752804,0.001069796427087661,0.03368300789364354,0.25404029912754467,1.748425374340488,0.09412131283755712
mid_low,150789,67537,72951,4002,3416,0,2881,10412,0.44789076126242633,0.4837952370531007,0.026540397509102122,0.022654172386579925,0.0,0.019106168221819896,1.3976317526909603,0.06905012965136714
mid_low,130013,23148,62426,35525,0,659,8251,11648,0.17804373408812965,0.4801519848015198,0.2732419065785729,0.0,0.005068723896841085,0.06346288448078269,1.754022326274146,0.08959104089591041
mid_low,83861,4625,65175,10993,0,1,3063,7873,0.055150785227936705,0.7771789031850324,0.13108596367799097,0.0,1.1924494103337667e-05,0.03652472543852327,1.0720692589734182,0.09388154207557745
mid_low,113666,26783,74643,9240,0,5,2992,7749,0.23562894797036932,0.6566871359949326,0.08129079935952703,0.0,4.398852779195186e-05,0.02632273503070399,1.3229109597554154,0.068173420371967
mid_low,75933,9100,41630,9704,57,522,14917,7114,0.11984249272384866,0.5482464804498702,0.1277968735595854,0.0007506617676109202,0.0068744814507526375,0.19644950153424728,1.7399093585799588,0.09368785639972081
mid_low,149948,32343,81663,35395,90,64,389,9747,0.2156947741883853,0.5446087977165417,0.23604849681222823,0.0006002080721316723,0.0004268146290714114,0.0025942326673246727,1.4799211652463073,0.06500253421186011
mid_low,139788,11698,102240,2585,0,820,22442,12399,0.08368386413712192,0.7313932526397116,0.01849228832231665,0.0,0.005866025696054025,0.1605431081351761,1.2031745396030809,0.08869860073826079
mid_low,116063,9766,71790,23228,0,6400,4876,8770,0.08414395629959591,0.6185433773037058,0.20013268655816238,0.0,0.05514246572981915,0.04201166607790596,1.6163193582338744,0.0755624100703928
mid_low,267287,9283,211210,15148,5546,0,26096,22612,0.03473045827144605,0.7901992988809782,0.05667316405212375,0.020749232098830096,0.0,0.09763288150938879,1.1152039218897727,0.08459820342927266
mid_low,189553,23618,72858,49371,21809,13402,8493,16650,0.12459839728202667,0.38436743285519087,0.26046013516008715,0.1150548922992514,0.07070318064077065,0.04480541062394159,2.239999965709217,0.08783822994096638
mid_low,132086,4681,24608,25888,65,2,76838,12652,0.03543903214572324,0.18630286328604093,0.19599351937374135,0.0004921036294535378,1.5141650137031934e-05,0.5817270566146299,1.5435378411335043,0.09578607876686401
mid_low,139581,37678,85511,6215,2172,8,7993,12798,0.2699364526690595,0.6126263603212472,0.04452611745151561,0.015560857136716314,5.7314390927131914e-05,0.05726424083507067,1.4735082863870548,0.09168869688567928
mid_low,257654,23193,209961,16679,0,0,7819,24093,0.09001606806026687,0.8148951694908676,0.06473410077080115,0.0,0.0,0.03034689933010937,0.9620108189806291,0.09350912464002112
mid_low,153194,6768,81673,54825,5239,45,4641,10399,0.04417927595075525,0.5331344569630664,0.35787955141846284,0.03419846730289698,0.0002937451858427876,0.030294920166586158,1.5359714129244466,0.06788124861286995
mid_low,132858,18768,87949,1637,6526,8,17968,10869,0.14126360475093708,0.661977449607852,0.012321425883273871,0.04912011320357073,6.021466528172937e-05,0.13524213822276415,1.4757439980347118,0.08180914961838956
mid_low,101065,6766,67424,16488,744,8,9632,9313,0.06694701429772919,0.6671350121209123,0.1631425320338396,0.007361598970959284,7.91569781823579e-05,0.0953050017315589,1.4539191740676853,0.09214861722653737
mid_low,139924,24059,100796,11849,2738,184,295,10737,0.17194334067064979,0.7203624824904948,0.08468168434292901,0.01956776535833738,0.001314999571195792,0.0021082873559932535,1.221616128071608,0.07673451302135445
mid_low,105991,13495,70050,18396,34,309,3704,8280,0.12732213112434074,0.6609051711937806,0.17356190619958298,0.00032078195318470436,0.002915341868649225,0.03494636337047485,1.4093382795972265,0.07811984036380447
mid_low,204133,40881,134260,23831,1789,0,3370,19365,0.2002664929237311,0.6577084547819314,0.11674251590874576,0.00876389412784802,0.0,0.016508844723783025,1.3815661920156785,0.094864622574498
mid_low,78591,5475,48335,20431,303,11,4034,5198,0.06966446539680116,0.6150195314985176,0.2599661538853049,0.0038554032904531054,0.00013996513595704343,0.05132903258642847,1.4569384760390454,0.06613988879133743
mid_low,124084,11006,60532,2140,5280,1440,43684,9061,0.08869797878856259,0.4878308242803262,0.01724638148351117,0.04255181973501821,0.011605041745914058,0.35205183585313177,1.7148465115906624,0.07302311337481061
mid_low,255928,5881,217902,1710,1929,13098,15406,16754,0.02297911912725454,0.8514191491356944,0.00668156669063174,0.00753727610890563,0.051178456440873994,0.0601966177987559,0.8876130424376723,0.0654637241724235
mid_low,119532,14827,59472,7431,1799,2043,33957,7939,0.12404209751363651,0.49754040758959944,0.06216745306696115,0.015050363082689155,0.017091657464110028,0.28408292340126495,1.8309702824436627,0.06641736104139477
mid_low,146834,14356,67235,11126,0,33779,20335,10923,0.09777027119059618,0.4578980345151668,0.0757726412138878,0.0,0.23004889875641882,0.13848972308865795,2.00870607846492,0.07439012762711633
mid_low,109567,20941,46630,34370,0,170,7454,8073,0.1911250650287039,0.42558434565151915,0.3136893407686621,0.0,0.0015515620579188989,0.06803143282192631,1.78377541443783,0.07368094407987806
mid_low,151857,4885,141721,4819,24,0,405,13298,0.0321684216071699,0.9332529945935979,0.03173380219548654,0.00015804342243031273,0.0,0.002666982753511527,0.43527126219031087,0.08756922631159578
mid_low,115995,38018,46188,16577,11420,972,2817,10867,0.3277555067028751,0.3981895771369456,0.1429113323850166,0.09845251950515109,0.008379671537566274,0.024285529548687443,1.974907719556249,0.09368507263244105
mid_low,229562,60513,152902,4393,19,8285,3448,21984,0.2636019898763733,0.6660597137156846,0.019136442442564537,8.276631149754751e-05,0.03609046793458848,0.015019907475975989,1.271824905092607,0.09576497852432023
mid_low,119999,32062,65624,11540,7,6,10757,9275,0.2671855598796657,0.546871223926866,0.09616746806223385,5.8333819448495407e-05,5.000041667013892e-05,0.08964241368678072,1.6232643763746912,0.07729231076925641
mid_low,81691,20481,40845,19896,13,364,88,5734,0.2507130528454787,0.4999938793747169,0.24355192126427636,0.0001591362573600519,0.004455815206081453,0.0010772300498218899,1.5441121329922358,0.07019133074634905
mid_low,45761,6250,26062,657,5918,2754,4117,3202,0.13657918314722142,0.5695242673892617,0.014357203732435916,0.12932409693844102,0.06018225126199165,0.0899674395227377,1.8809533158171532,0.06997224710998448
mid_low,238055,56364,128592,25730,608,0,26758,17863,0.2367688139295541,0.540177690029615,0.10808426624099472,0.0025540316313456975,0.0,0.11240259603873054,1.6954140647899518,0.07503728130053978
mid_low,57759,17177,28771,11299,0,222,287,4342,0.2973908828061428,0.49812150487369933,0.19562319292231514,0.0,0.0038435568482833842,0.004968922592150141,1.5504643633231003,0.07517443169029935
mid_low,118997,33641,49350,27234,904,103,7761,9189,0.2827046059984705,0.4147163373866568,0.22886291251039942,0.007596830172189215,0.0008655680395304083,0.06522013159995631,1.8479309102302015,0.07722043412859148
mid_low,100873,15010,59959,2919,0,331,22651,6587,0.14880096755326003,0.5944008803148514,0.028937376701396806,0.0,0.003281353781487613,0.2245496812824046,1.5139324251417283,0.06529993159715682
mid_low,87716,42462,41267,3490,63,152,278,7247,0.48408500159606,0.47046148935199966,0.039787496009849974,0.0007182270053354006,0.0017328651557298555,0.0031693191664006566,1.2532475443163413,0.08261890647088331
mid_low,123203,52666,51877,7634,17,2016,8989,11697,0.42747335697994365,0.42106929214386013,0.061962776880433106,0.00013798365299546277,0.01636323790816782,0.07296088569271852,1.672597854274486,0.0949408699463487
mid_low,253331,78198,92570,68344,672,21,13523,18571,0.30867915888698977,0.3654112603668718,0.2697814321974018,0.0026526560113053674,8.289550035329273e-05,0.05338075482274179,1.813609410541056,0.07330725414576186
mid_low,199409,43471,147695,4196,1956,105,1982,13356,0.2179991875993561,0.7406636611186055,0.02104217964083868,0.009808985552307067,0.0005265559728999192,0.009939370840834667,1.0543818092335873,0.06697791975286974
mid_low,219052,20556,150929,38577,0,0,8987,19132,0.09384073188101455,0.6890099154538648,0.1761088691269653,0.0,0.0,0.04102678815988898,1.320871029990626,0.08733999233058817
mid_low,105086,10199,83133,3819,0,198,7735,6857,0.09705384161543879,0.7910949127381383,0.03634166301886074,0.0,0.0018841710598938013,0.07360637953676037,1.0619500683743457,0.06525131796814038
mid_low,63663,3969,44544,14594,0,48,506,4763,0.06234390462277932,0.6996842750106027,0.22923833309771766,0.0,0.0007539701239338391,0.007948101723135887,1.1605049140322374,0.07481582708951824
mid_low,120822,9941,103802,4370,2,692,2011,11134,0.0822780619423615,0.8591316151032097,0.036168909635662376,1.655327672112695e-05,0.005727433745509923,0.016644319743093144,0.7991537584258052,0.09215209150651371
mid_low,317647,18680,181355,84892,1,12062,20654,24792,0.058807418297670055,0.5709325131356506,0.2672526420838226,3.148148731138654e-06,0.03797296999499444,0.06502186389293776,1.6464564355189881,0.07804890334238951
mid_low,105970,15477,57634,25879,42,648,6287,6871,0.14605076908559025,0.5438709068604322,0.24421062564876853,0.0003963385863923752,0.006114938190053789,0.05932811172973483,1.6711288487080582,0.06483910540719072
mid_low,263125,24099,124190,112247,324,0,2261,24811,0.091587648456057,0.4719809976247031,0.42659192399049883,0.001231353919239905,0.0,0.008592874109263657,1.4222915909036506,0.09429358669833729
mid_low,225781,7051,132019,57303,3701,13864,11841,21649,0.031229377139794758,0.5847214778922939,0.25379903534841286,0.016391990468639966,0.06140463546534031,0.05244462554422206,1.6783849966247517,0.0958849504608448
mid_low,92452,4461,59757,16450,1592,0,10189,7889,0.048252065936918616,0.6463570285120928,0.177930169168866,0.017219746463029463,0.0,0.1102085406481201,1.5126730904608574,0.08533076623545191
mid_low,116959,43549,54547,6240,43,1222,11355,8160,0.3723441547892851,0.4663771065074086,0.05335202934361614,0.0003676502022076112,0.01044810574645816,0.09708530339691687,1.6691070297589605,0.0697680383724211
mid_low,251818,65944,172942,9280,2,1059,2588,18905,0.2618716692214218,0.6867737810641018,0.03685201216751781,7.942244001620218e-06,0.004205418198857906,0.010277263738096561,1.1552098942713758,0.07507406142531511
mid_low,74925,19554,24272,25746,0,578,4773,5954,0.260980980980981,0.32395061728395064,0.34362362362362364,0.0,0.007714381047714381,0.0637037037037037,1.8693314009128321,0.07946613279946613
mid_low,124141,72796,21195,15345,136,53,14613,9329,0.58639772516735,0.17073327909393352,0.1236094440998542,0.0010955284716572284,0.0004269338896899493,0.11771292320828736,1.6386710597117722,0.07514841994184032
mid_low,170501,43244,71183,39757,16111,0,203,13070,0.2536290109735427,0.4174931525328297,0.23317751802042216,0.09449211441575123,0.0,0.0011906088527340016,1.8510734733821752,0.07665644189770147
mid_low,429904,103538,193335,77218,8,3627,52175,35594,0.24083981540064758,0.4497166809334177,0.17961684469090775,1.860880568685102e-05,0.00843676727827608,0.12136430458893148,1.8857205628188483,0.08279522870222189
mid_low,181715,69369,43465,49248,15894,0,3737,13357,0.3817461409349806,0.2391932421649286,0.2710178026029772,0.08746663731667721,0.0,0.020565170734391767,1.9571699680675594,0.07350521420906364
mid_low,237315,109204,57952,48126,4100,2088,15844,21654,0.4601647599182521,0.24419863893980576,0.2027937551355793,0.017276615468891556,0.008798432463181847,0.0667635842656385,1.9006988709184045,0.09124581252765313
mid_low,263703,39916,79776,112858,287,27097,3765,19388,0.1513672578620645,0.3025221556068759,0.42797389487415766,0.0010883456009222496,0.10275575173585436,0.014277425740321498,1.8936884560076124,0.07352210630899156
mid_low,66867,4566,47425,9841,0,1416,3617,4825,0.06828480416348871,0.7092437226135463,0.1471727458985748,0.0,0.02117636502310557,0.05409245218119551,1.3682143558196787,0.07215816471503134
mid_low,205417,20552,168408,11718,216,2831,1690,18684,0.10005014190646344,0.8198347751159836,0.05704493785811301,0.0010515195918546177,0.013781722058057512,0.008227167177010665,0.9555088711571702,0.09095644469542442
mid_low,151242,16085,86257,39668,1428,120,7681,9980,0.10635273270652332,0.5703243807936949,0.2622816413430132,0.009441821716189947,0.0007934303963184829,0.05078615728435223,1.6023435185775754,0.0659869612938205
mid_low,245533,62554,91120,48829,15601,3465,23960,20806,0.2547681981648088,0.37111101155445503,0.19886939841080425,0.06353932058012568,0.014112156003470003,0.09758362419715476,2.163697655960979,0.08473810037754599
mid_low,130964,45874,50681,821,266,60,33260,10827,0.3502794661128249,0.38698420940105677,0.006268898323203323,0.0020310925139733057,0.0004581411685654073,0.25396292110809077,1.6314381680416425,0.08267157386762775
mid_low,94054,28901,38742,6972,217,2844,16375,7340,0.3072809237246688,0.41191230569672743,0.07412762880898208,0.0023071852340145024,0.03023794841261403,0.17410211155293767,1.9403692399065746,0.07804027473579007
mid_low,152276,18208,90508,40143,29,515,2870,10739,0.11957235545982295,0.5943681210433687,0.26362000577898026,0.0001904436680763876,0.0033820168641151595,0.018847356116525257,1.4576540187748128,0.07052326039559746
mid_low,141937,12161,100161,27041,875,1259,437,13200,0.08567885752129466,0.7056722348647639,0.19051410132664492,0.006164706876994723,0.008870132523584408,0.0030788307488533646,1.2457574122264554,0.0929990066015204
mid_low,157483,19729,97718,27684,14,1433,10902,13543,0.12527701402691085,0.6204987204968155,0.1757904027736327,8.889848428084301e-05,0.009099394855317716,0.06922651968783933,1.5731268941465144,0.08599658375824693
mid_low,117693,4176,86239,2400,6038,3,18833,7592,0.03548214422268104,0.7327453629357735,0.020392036909586807,0.05130296619170214,2.5490046136983507e-05,0.1600180129659368,1.2574003793031103,0.0645068100906596
mid_low,144195,51161,74493,6261,267,2906,9103,13716,0.35480425812268107,0.516612920004161,0.04342036825132633,0.001851659211484448,0.02015326467630639,0.06312978952113457,1.6010820992989592,0.09512119005513367
mid_low,73875,8539,27703,25475,543,0,11612,5403,0.11558714043993232,0.3749983079526227,0.34483925549915395,0.007350253807106599,0.0,0.15718443316412858,1.8918278961571469,0.07313705583756346
mid_low,130598,7300,67411,15090,21721,18724,348,10241,0.05589672123615982,0.5161717637329821,0.1155454141717331,0.1663195454754284,0.1433712614281995,0.0026646656150936462,1.9397747210212124,0.07841620851774146
mid_low,157863,33197,82724,40887,161,1,890,13244,0.21028993494359033,0.5240239954897601,0.2590030596149826,0.0010198716608705017,6.3346065892577745e-06,0.005637799864439419,1.5187510607427375,0.08389552966812996
mid_low,97778,13833,71438,3464,7049,54,1938,8980,0.14147354210558613,0.7306142486039805,0.03542719221092679,0.07209188160935998,0.0005522714721102907,0.01982040949906932,1.292328231183651,0.09184070036204463
mid_low,161833,22374,97388,19490,0,9853,12726,14189,0.13825363183034362,0.6017808481582866,0.12043279182861345,0.0,0.06088375053295681,0.0786366192309356,1.7376716104100614,0.08767680262987153
mid_low,209629,73711,82443,44938,25,4594,3915,15054,0.35162596778117533,0.39328050985312146,0.21436919510182276,0.00011925830872636896,0.021914906811557562,0.01867585114654938,1.7656024779255608,0.07181258318267034
mid_low,220762,82237,112851,12432,0,1250,11990,17915,0.37251429140884756,0.5111885197633651,0.056314039553908735,0.0,0.005662206357978275,0.054311883385727615,1.5298027275044241,0.08115074152254464
mid_low,232972,45968,100581,37466,8654,154,40147,21830,0.19731126487303194,0.43172999330391637,0.16081760898305375,0.0371460948096767,0.0006610236423261164,0.1723254296653675,2.029765527178664,0.09370224748038392
mid_low,169033,62255,68423,14213,10,257,23873,15436,0.36830086432826725,0.40479078049848255,0.0840841729129815,5.916004567155526e-05,0.00152041317375897,0.14123277703170387,1.773124051943616,0.09131944649861269
mid_low,176680,53935,18214,37121,233,0,67174,14189,0.30526941362916005,0.10309033280507132,0.21010301109350238,0.0013187683948381254,0.0,0.3802014942268508,1.8764719534739833,0.08030903328050713
mid_low,77218,15085,52224,4104,213,421,5168,6101,0.19535600507653655,0.6763189929809111,0.05314822968737859,0.0027584242016110232,0.005452096661400192,0.06692740034706933,1.392387704338169,0.07901007537102749
mid_low,149197,26012,97909,4076,4102,483,16613,11238,0.1743466691689511,0.6562397367239288,0.027319584173944516,0.027493850412541807,0.003237330509326595,0.11134942391603048,1.5019939674520675,0.07532323035985979
mid_low,326703,134775,111605,69355,7514,578,2873,26853,0.41253064710149584,0.34160996378974173,0.21228761290836018,0.022999482710596476,0.0017691909777381902,0.008793919859933946,1.7323848909408852,0.08219391924775714
mid_low,182500,32134,90688,15278,22060,6153,16185,13630,0.17607671232876712,0.49692054794520546,0.08371506849315069,0.12087671232876712,0.03371506849315069,0.08868493150684932,2.0854431055576605,0.07468493150684931
mid_low,163404,48686,88387,14155,2511,3125,6536,13861,0.29794864262808746,0.5409108712149029,0.08662578639445791,0.015366820885657634,0.01912437884017527,0.039999020831803386,1.6932129100542452,0.08482656483317422
mid_low,103388,25643,45067,30273,0,364,2037,7973,0.24802685031144814,0.435901652029249,0.2928096103996595,0.0,0.0035207180717297944,0.019702479978334044,1.680232738849982,0.07711726699423531
mid_low,177387,51789,57176,39878,725,6210,21606,14738,0.2919548783169003,0.32232350735961485,0.2248079058781083,0.00408710897641879,0.035008202404911294,0.12180148488897156,2.100813527978006,0.0830838787509795
mid_low,209156,43886,76768,46568,399,5800,35731,18050,0.20982424601732677,0.36703704412017824,0.2226472106944099,0.001907667004532502,0.027730497810246897,0.17083420987205722,2.0821109062433347,0.08629922163361319
mid_low,166365,3222,126155,22013,1602,6262,7108,10669,0.019367054368406817,0.7583025275749106,0.13231749466534426,0.009629429266973221,0.03764012863282541,0.04272533285246296,1.2359218194528492,0.06413007543654013
mid_low,111986,37571,57026,14114,87,1,3184,7170,0.3354972943046452,0.5092243673316308,0.12603361134427518,0.0007768828246387941,8.92968763952637e-06,0.02843212544425196,1.555228379921899,0.06402586037540407
mid_low,113092,18530,80450,804,0,0,13306,8752,0.1638489017790825,0.7113677360025465,0.007109256180808546,0.0,0.0,0.11765642132069466,1.1910705970373414,0.07738832101298058
mid_low,101536,21565,17467,57440,1103,2379,1578,8493,0.21238772455089822,0.17202765521588403,0.5657106838953672,0.010863142136779073,0.023430113457295936,0.015541285849353924,1.6676290863868486,0.08364520958083832
mid_low,126677,17685,72868,26323,463,361,8974,11061,0.13960703205791106,0.5752267578171254,0.20779620609897614,0.003654964989698209,0.002849767518965558,0.07084158923877262,1.650747256252541,0.08731656101739069
mid_low,190616,64297,107720,4969,0,39,13589,12259,0.33731166323918244,0.5651152054392076,0.026068116002853907,0.0,0.00020459982372938263,0.07128992319637387,1.4054514494591601,0.06431254459226927
mid_low,178638,38958,108405,4335,618,0,26320,15779,0.21808349847176972,0.606841769388372,0.024266953279817285,0.0034595102945621874,0.0,0.1473370727392828,1.4819697750020637,0.08832947077329571
mid_low,246957,27444,209050,2804,510,900,6245,19880,0.11112865802548622,0.8465036423344955,0.011354203363338557,0.0020651368456856864,0.0036443591394453283,0.025287803139817863,0.8112110838066936,0.08049984410241459
mid_low,113266,37641,48839,4201,25,1420,21137,8868,0.332323910087758,0.43118852965585436,0.03708968269383575,0.0002207193685660304,0.012536860134550527,0.18661381173520739,1.7615901341011926,0.0782935744177423
mid_low,110517,16460,75292,18143,328,62,229,10006,0.14893636273152547,0.6812707547255173,0.16416478912746454,0.002967869196594189,0.0005609996652098773,0.0020720794085977725,1.2637741870507726,0.09053810725951664
mid_low,180347,4183,90785,61213,283,10812,13069,14451,0.02319417567245366,0.5033906857336136,0.339417899937343,0.0015691971588105153,0.059951094279361454,0.07246585748584673,1.6859556358658174,0.08012886269247617
mid_low,153436,59298,59134,34959,0,2,41,10801,0.38646732188013244,0.3853984723272244,0.22784092390312574,0.0,1.3034750645220157e-05,0.0002672123882270132,1.5497901389766564,0.07039417085951145
mid_low,208679,32879,152408,7012,932,3448,11997,15145,0.1575577801312063,0.7303466089065024,0.033601847814106835,0.00446618969805299,0.016522985063183167,0.05749021223985164,1.2852113533423197,0.0725755825933611
mid_low,76302,4626,40891,17366,4730,1742,6943,6472,0.0606275064873791,0.5359099368299651,0.2275956069303557,0.061990511388954415,0.022830332101386595,0.09099368299651385,1.9013263353619068,0.08482084349034101
mid_low,108232,8372,73105,5814,17680,1624,1633,8139,0.07735235420208442,0.6754471875230985,0.05371793924162909,0.16335279769384287,0.015004804494049818,0.015087959198758223,1.5037724125256413,0.07519957129130017
mid_low,177578,63043,65010,35113,8440,117,5853,12280,0.35501582403225623,0.3660926466116298,0.19773282726463864,0.04752841005079458,0.0006588653999932424,0.032960163984277334,1.9016352200303879,0.0691527103582651
mid_low,189584,62233,124487,1742,6,1,1113,15351,0.32826082369820236,0.6566324162376572,0.009188539117225083,3.1648240357836105e-05,5.2747067263060175e-06,0.005870748586378597,1.0322655452096678,0.08097202295552368
mid_low,192553,1803,130447,27923,22084,0,10295,15027,0.009363655720762596,0.6774602317284072,0.14501461935155516,0.11469050079718311,0.0,0.05346579902676146,1.4318819968674061,0.07804085109034915
mid_low,143586,44867,78580,14870,21,576,4670,13539,0.31247475380608136,0.547267839482958,0.1035616285710306,0.00014625381304584012,0.004011533157828757,0.032524062234479685,1.533682245017659,0.09429192261083949
mid_low,108558,18251,62335,8757,157,117,18938,8597,0.16812210983990125,0.574209178503657,0.08066655612667882,0.0014462315075812009,0.001077764881445863,0.17445052414377568,1.648748859285436,0.07919268962213748
mid_low,74159,3320,50948,5580,313,952,13043,5823,0.04476867271673027,0.6870103426421608,0.07524373306004666,0.00422066101214957,0.012837282056122655,0.17587885489286534,1.4084844479775427,0.07852047627395191
mid_low,225166,44526,156092,2704,374,10,21457,18053,0.19774743966673478,0.6932307719637956,0.01200891786504179,0.0016609967757121413,4.441167849497704e-05,0.09529413854667224,1.2446035631709373,0.08017640318698205
mid_low,97882,21410,44860,3118,915,1807,25769,8022,0.2187327598537014,0.4583069410106046,0.03185468216832513,0.00934799043746552,0.01846100406612043,0.2632659733148076,1.8301315276201957,0.0819558243599436
mid_low,74549,29311,37009,1339,3312,548,3027,6991,0.3931776415511945,0.49643858401856494,0.017961340863056514,0.044427155293833585,0.007350869897651209,0.040604166387208415,1.5745950615783877,0.09377724717970731
mid_low,158132,28388,91436,18192,490,0,19623,11394,0.17952090658437256,0.5782257860521589,0.11504312852553562,0.003098677054612602,0.0,0.12409253029114917,1.6600946609287088,0.07205372726582855
mid_low,251787,13912,107628,74879,0,1468,53898,22406,0.055253051190093216,0.42745654064745203,0.29739025446111195,0.0,0.005830324838057565,0.21406188564143502,1.7945937259175213,0.08898791438795489
mid_low,259769,19808,187143,40141,92,5790,6791,21272,0.0762523626760699,0.7204208354345591,0.15452575172557156,0.00035416081210614043,0.022289033718419057,0.02614245733709565,1.3040725084121623,0.08188813907741109
mid_low,127256,56831,40424,8626,1930,0,19444,10824,0.446587980134532,0.31765889231156097,0.06778462312189602,0.015166278996668133,0.0,0.152794367259697,1.8138998205336765,0.08505689319167661
mid_low,116561,28741,61225,20021,163,67,6341,8838,0.24657475484939217,0.5252614510856977,0.17176414066454473,0.0013984094165286846,0.0005748063245854102,0.05440070006262815,1.670449678889642,0.07582295965202769
mid_low,101831,47332,20649,12632,122,407,20686,8136,0.46480934096689613,0.20277715037660438,0.12404866887293653,0.0011980634580825093,0.003996818257701486,0.20314049749094087,1.8646427531707455,0.07989708438491226
mid_low,119502,47475,32386,25137,176,0,14325,10400,0.3972736857960536,0.2710080166022326,0.21034794396746498,0.0014727786982644642,0.0,0.11987247075362756,1.893375718947621,0.08702783217017289
mid_low,137605,9163,62752,31823,13136,13142,7586,13167,0.06658915010355729,0.456029940772501,0.2312633988590531,0.09546164746920534,0.09550525053595436,0.05512881072635442,2.142985330942869,0.09568692998074198
mid_low,97872,4306,40623,47623,895,0,4421,6531,0.0439962399869217,0.41506253065228055,0.48658451855484713,0.009144597024685303,0.0,0.04517124407389243,1.4942736737217193,0.06673001471309466
mid_low,176041,6318,142731,10207,7659,4650,4473,13293,0.035889366681625304,0.8107827153901648,0.057980811288279435,0.043506910322027255,0.026414301213921756,0.025408853619327317,1.1257066118983463,0.07551081850250795
mid_low,161946,22586,53609,31245,0,3304,51200,10444,0.13946624183369766,0.33103009645190373,0.19293468193101404,0.0,0.02040186234917812,0.31615476763859557,2.022124393582482,0.06449063268002915
mid_low,160202,49376,94145,9005,33,1532,6108,14551,0.30821088375925393,0.5876643237912136,0.056210284515798806,0.00020598993770364914,0.009562926804908802,0.03812686483314815,1.4538560172696247,0.09082907828866056
mid_low,82388,10681,34453,34223,306,105,2617,6462,0.12964266640772928,0.41817983201437103,0.41538816332475603,0.003714133126183425,0.0012744574452590183,0.03176433461183668,1.6348988234160224,0.07843375248822644
mid_low,193821,12823,98310,72529,0,18,10139,14227,0.06615898174088464,0.5072205798133329,0.374206097378509,0.0,9.286919374061635e-05,0.05231115307422828,1.510512763024518,0.0734027788526527
mid_low,167925,2288,126217,26145,0,4040,9232,12420,0.013625130266488015,0.7516272145302962,0.15569450647610542,0.0,0.024058359386630937,0.05497692422212297,1.1712568716710672,0.07396158999553372
mid_low,253991,92092,116492,10844,3721,0,30840,20866,0.3625797764487718,0.45864617250217526,0.042694426180455214,0.014650125398144028,0.0,0.1214216251756952,1.6993180683191778,0.08215251721517691
mid_low,110877,14075,64961,17787,6,183,13862,7184,0.12694246777961163,0.5858834564427248,0.16042100706187937,5.411401823642415e-05,0.0016504775562109365,0.1250214201322186,1.6444811254533551,0.06479251783507851
mid_low,100014,59342,32910,4093,102,1461,2102,6920,0.5933369328294039,0.3290539324494571,0.0409242706021157,0.0010198572199892014,0.014607954886315916,0.02101705761193433,1.3795122084046152,0.06919031335613014
mid_low,104095,11478,41235,47802,1,2,3574,9041,0.11026466208751622,0.39612853643306595,0.45921514001633124,9.606609347230894e-06,1.921321869446179e-05,0.03433402180700322,1.5630155862342872,0.08685335510831452
mid_low,114586,16506,79820,10108,229,5,7915,9956,0.14404901122301153,0.6965946974324961,0.08821321976506728,0.0019984989440245756,4.3635348122807326e-05,0.06907475607840399,1.3599021763629682,0.08688670518213394
mid_low,112005,17853,75556,416,4750,180,13246,9131,0.1593946698808089,0.6745770278112584,0.003714119905361368,0.04240882103477523,0.0016070711128967456,0.11826257756350163,1.407913488241932,0.08152314628811214
mid_low,118483,11011,66564,13418,78,23934,3476,9776,0.09293316340740866,0.5618021150713605,0.11324831410413308,0.0006583222909615726,0.20200366297274713,0.02933754209464649,1.7642147292231418,0.08250972713385042
mid_low,115265,11224,55973,37024,1321,485,9235,10213,0.0973756127185182,0.48560274150869737,0.32120765193250334,0.011460547434173426,0.004207695310805535,0.08011972411399818,1.758426537889924,0.08860452001908645
mid_low,109782,44008,37648,18687,5393,57,3986,7099,0.4008671731249203,0.3429341786449509,0.1702191616111931,0.0491246288098231,0.0005192107995846313,0.036308320125339306,1.8858981209648653,0.06466451695177716
mid_low,99195,28543,56693,3112,0,9152,1693,8915,0.2877463581833762,0.5715308231261657,0.03137254901960784,0.0,0.09226271485457936,0.01706739250970311,1.5525234476257272,0.0898734815262866
mid_low,365189,67215,132737,136169,0,12521,16545,24890,0.18405537954319545,0.3634748034579355,0.3728726768878581,0.0,0.034286355832185526,0.04530530766260758,1.8799089593288931,0.06815648883181037
mid_low,188694,40766,129441,4318,765,27,13374,13667,0.2160429054447942,0.6859836560780946,0.02288361050165877,0.004054182962892301,0.0001430888104550224,0.07087665744538776,1.279987285277319,0.07242943601810338
mid_low,251329,27454,157679,23171,16226,26741,55,18972,0.10923530511799275,0.6273808434362926,0.09219389724226014,0.0645607948147647,0.10639838617907205,0.00021883666429262043,1.6898006268749861,0.07548671263562899
mid_low,169194,65281,94410,4681,2678,2,2139,15157,0.3858351951014811,0.5579985105854818,0.027666465713914207,0.015827984443892808,1.1820750144804189e-05,0.012642292279868081,1.3175422210798486,0.08958355497239855
mid_low,128133,7915,86412,16301,6805,0,10697,10750,0.0617717527881186,0.6743930135094004,0.1272193736195984,0.05310887905535654,0.0,0.08348356785527537,1.533822487921481,0.0838972005650379
mid_low,277860,55235,159320,5792,2925,15,54570,19374,0.19878715900093571,0.5733822788454618,0.020845029871158136,0.010526884042323473,5.398402072986396e-05,0.1963938674152451,1.570907778356181,0.06972576117469229
mid_low,276884,41235,130904,45763,0,12,58967,25579,0.14892518166452376,0.4727756027795033,0.1652786004247266,0.0,4.333944901113824e-05,0.21296644081998237,1.8251648220143024,0.09238164718799208
mid_low,143962,35385,39604,49152,2,11185,8631,12264,0.24579402897986968,0.27510037370972895,0.34142343118322893,1.3892554979786333e-05,0.07769411372445506,0.059953321015267916,2.069184680291333,0.08518914713604979
mid_low,148579,35774,64678,19057,0,11737,17331,12878,0.24077426823440728,0.43531050821448525,0.1282617328155392,0.0,0.07899501275415773,0.11664501712893477,2.0478140569500574,0.08667442909159437
mid_low,201643,53707,97062,5124,15321,5545,24881,18720,0.26634695972585215,0.4813556632265935,0.02541124660910619,0.07598081758355113,0.027499094935108086,0.1233913401407438,1.9483016374242048,0.09283734124169944
mid_low,60699,1431,50378,4017,3817,64,989,4100,0.023575347205061038,0.8299642498228966,0.06617901448129293,0.0628840672828218,0.0010543831035107662,0.01629351389643981,0.9680608884201112,0.06754641756865847
mid_low,62622,7040,28693,17998,5751,0,3138,4091,0.1124205550764907,0.45819360608093,0.28740698157197153,0.09183673469387756,0.0,0.050110184919038035,1.9201455503994664,0.06532847880936413
mid_low,367921,213432,135851,14170,0,1381,3085,34321,0.580102793806279,0.36923959219506364,0.03851370266986663,0.0,0.0037535231748119843,0.008384952204413447,1.2555137441046977,0.0932836125146431
mid_low,125361,28734,71364,19069,0,1758,4432,10047,0.22921004140043555,0.5692679541484194,0.15211269852665502,0.0,0.014023500131619881,0.035353897942741366,1.619905652119,0.0801445425610836
mid_low,244288,97978,99150,38335,26,35,8762,18190,0.40107577940791195,0.40587339533665184,0.15692543227665706,0.00010643175268535499,0.00014327351323028558,0.035867500654964635,1.6513607015950884,0.07446129159025412
mid_low,128101,36743,76926,2250,65,0,12115,11198,0.28682836199561285,0.6005105346562478,0.017564265696598778,0.0005074121201239646,0.0,0.09457381285079741,1.3883627698437462,0.08741539878689472
mid_low,127088,25726,77792,12948,8,10047,564,11855,0.2024266649880398,0.6121112929623568,0.1018821603927987,6.294850812035755e-05,0.07905545763565404,0.004437869822485207,1.56064521416889,0.09328182047085484
mid_low,158219,22775,84425,18281,23315,3517,5903,12964,0.14394604946308598,0.5335958386792989,0.11554238112995278,0.14735904031753455,0.022228683027954922,0.03730904632187032,1.9519736271410837,0.0819370619205026
mid_low,122443,24709,69741,13324,11,1562,13092,8556,0.20180002123437027,0.5695793144565227,0.10881798061138652,8.983772040867996e-05,0.012756956298032553,0.10692322141731254,1.7030384252320578,0.0698774123469696
mid_low,197246,38533,95571,14783,3008,2640,42709,15693,0.1953550388854527,0.4845269359074455,0.07494702047189804,0.015249992395283048,0.013384301836285653,0.2165265708810318,1.9001612978064195,0.07956054875637529
mid_low,148189,35216,90288,19235,15,1981,1452,10977,0.237642470088873,0.6092759921451659,0.12980045752383781,0.00010122208800923145,0.013368063756419168,0.009798298119293605,1.4604864140356253,0.07407432400515558
mid_low,84012,1571,63327,18565,252,1,293,6622,0.018699709565300194,0.7537851735466362,0.22098033614245585,0.0029995714897871734,1.1903061467409417e-05,0.0034875970099509596,0.9498293374822921,0.07882207303718516
mid_low,84260,12736,46332,1459,13211,3401,7118,7125,0.15115119867078092,0.549869451697128,0.017315452171849037,0.15678851174934727,0.04036316164253501,0.08447661998575837,1.895015640141692,0.08455969617849514
mid_low,103354,16255,43319,38569,27,2267,2914,8187,0.15727499661358052,0.4191323025717437,0.37317375234630495,0.000261238074965652,0.021934322812856785,0.028194361127774445,1.745343471521179,0.07921318962014048
mid_low,227785,32274,160159,17732,177,260,17180,21558,0.14168623921680532,0.703114779287486,0.07784533661127818,0.0007770485326075027,0.0011414272230392695,0.07542199881467174,1.3438926732819692,0.09464187720877143
mid_low,148890,39985,75677,23896,1592,3284,4452,13622,0.268553966015179,0.5082745651151858,0.1604943246692189,0.01069245751897374,0.022056551816777487,0.029901269393511988,1.7720042642628442,0.09149036201222378
mid_low,133339,6845,109032,9252,2562,7,5637,9266,0.051335318248974415,0.8177052475269802,0.06938705105033036,0.01921418339720562,5.249776884482409e-05,0.04227570328261049,1.027665012229194,0.06949204658802001
mid_low,170705,38874,79823,7358,31905,3,12739,13482,0.2277261943118245,0.4676078615154799,0.043103599777393746,0.18690137957294747,1.7574177674936292e-05,0.07462581646700449,1.9263492498842165,0.0789783544711637
mid_low,64232,11503,34999,10770,2,2916,4040,5146,0.17908519118196536,0.5448841698841699,0.16767343380246605,3.113712791132146e-05,0.04539793249470669,0.06289699838086935,1.8076505850337226,0.08011583011583012
mid_low,186874,13517,89387,17792,6907,2874,56393,17874,0.07233215963697465,0.47832764322484667,0.0952085362329698,0.036960732900242946,0.01537934651155324,0.3017701766965977,1.896094068724206,0.09564733456767661
mid_low,164698,24216,108862,14497,2593,0,14527,15582,0.14703275085307654,0.6609794897327229,0.0880217124676681,0.015743967747027892,0.0,0.08820386404206487,1.5133545348006328,0.09460952774168478
mid_low,175072,45595,94932,5904,0,1690,26949,11488,0.26043570645220254,0.5422454761469567,0.03372326814110766,0.0,0.009653171266678853,0.15393095412173277,1.6293942238590648,0.06561871687077317
mid_low,84577,28099,20216,14723,13526,0,8010,6479,0.3322298024285562,0.23902479397472126,0.17407805904678578,0.15992527519301938,0.0,0.09470659872069238,2.2057171890298495,0.07660475070054507
mid_low,115563,2072,81197,28531,2083,0,1678,7925,0.017929614149857654,0.7026210811418879,0.24688697939651966,0.018024800325363653,0.0,0.014520218409006342,1.1531082081125779,0.06857731280773258
mid_low,73526,11938,29132,19283,0,1,13170,5880,0.1623643337050839,0.396213584310312,0.2622609689089574,0.0,1.3600631069281615e-05,0.17912031118243887,1.9060578998156714,0.0799717106873759
mid_low,87213,14273,36789,22562,0,3,13584,6791,0.16365679428525565,0.4218293144370679,0.25869996445484045,0.0,3.439854150184032e-05,0.15575659592033297,1.8756211553473192,0.07786683177966587
mid_low,115909,15172,68101,28560,1665,124,2284,9101,0.13089578893787368,0.5875385000301961,0.24640019325505352,0.014364717148797763,0.0010698047606311847,0.01970511349420666,1.542849601412643,0.07851849295568075
mid_low,298376,141828,129370,7542,114,5441,14078,23018,0.4753331367134086,0.43358044882966457,0.025276831916776148,0.00038206826286296485,0.018235380861731508,0.04718207898758613,1.4844361204374141,0.07714427433841864
mid_low,253131,18635,155749,9505,28,27454,41757,17747,0.07361800806696928,0.6152901067036436,0.037549727216342525,0.00011061466197344457,0.10845767606496241,0.16496201571518304,1.6638989477459365,0.07010994307295432
mid_low,87053,36881,38211,349,127,4048,7434,8254,0.4236614476238613,0.4389394966284907,0.004009051956853871,0.0014588813711187438,0.04650040779754862,0.08539625285745465,1.600977418525275,0.09481580186782765
mid_low,113878,59339,45488,1579,4470,199,2799,7693,0.5210751857250742,0.3994450201092397,0.013865715941621736,0.0392525334129507,0.0017474841497040693,0.024578935351867788,1.4352285167309184,0.06755475157624827
mid_low,276934,56162,139557,59267,0,4124,17821,19052,0.2027992229195404,0.5039359558595189,0.2140112806661515,0.0,0.014891634829959486,0.06435107281879437,1.7861438601681385,0.06879617526197578
mid_low,99790,12864,80662,5334,0,22,906,8816,0.1289107124962421,0.808317466680028,0.05345224972442129,0.0,0.0002204629722417076,0.00907906603868123,0.9192928070641433,0.08834552560376792
mid_low,177710,15809,89263,43873,64,4421,24277,13273,0.08895954082493951,0.5022958753024591,0.24687974790388836,0.00036013730234651963,0.024877609588655675,0.13661020764166337,1.8367590043702637,0.07468910021945867
mid_low,96408,12384,63352,1304,6977,6618,5770,8558,0.128454070201643,0.6571238901335988,0.013525848477304788,0.07236951290349349,0.06864575553895942,0.059849804995436066,1.644946987071321,0.08876856692390674
mid_low,133178,9682,99572,13686,2,4138,6096,11566,0.07269969514484374,0.7476610250942348,0.10276472089984832,1.501749538212017e-05,0.031071197945606633,0.04577332592470228,1.2854690648262426,0.08684617579480094
mid_low,45417,14467,14783,10633,1923,32,3575,3644,0.3185371116542264,0.32549485875333023,0.2341193826100359,0.04234097364423013,0.0007045819847193782,0.07871501860536803,2.0324064296486886,0.0802342735099192
mid_low,162445,27392,48452,23445,2640,22203,38310,13143,0.1686232263227554,0.2982671057896519,0.14432577179968606,0.016251654406106684,0.13668010711317677,0.23583366677952539,2.337190356045404,0.0809073840376743
mid_low,231995,28674,150245,16796,31908,2160,2209,19435,0.12359749132524409,0.6476217159852583,0.07239811202827647,0.1375374469277355,0.009310545485894092,0.009521756934416691,1.5733540940050554,0.08377335718442208
mid_low,159263,27261,52026,19986,3295,431,56262,11514,0.17116970043261776,0.32666721083993144,0.12549054080357647,0.020689048931641373,0.0027062155051706927,0.35326472564249073,2.0080730127742634,0.0722955111984579
mid_low,103524,23823,55038,2098,11,12403,10148,9830,0.2301205517561145,0.5316448359800626,0.020265832077585873,0.00010625555426760945,0.1198079672346509,0.09802557860979097,1.7829298858227869,0.09495382713187281
mid_low,158139,52587,62612,10046,32731,0,160,11228,0.3325365659325024,0.39593016270496206,0.06352639133926483,0.20697614124283067,0.0,0.0010117681280392566,1.7904633155504746,0.07100082838515483
mid_low,227158,30448,142851,26439,197,16198,11023,19356,0.1340388628179505,0.6288618494616082,0.1163903538506238,0.0008672377816321679,0.07130719587247643,0.04852569577122531,1.6629024308686484,0.08520941371204184
mid_low,91429,11521,62823,6413,2516,2,8151,5902,0.12601034682649925,0.6871233416093362,0.0701418587100373,0.02751862100646403,2.187489746141815e-05,0.08915114460400966,1.4713461742342098,0.06455282240864496
mid_low,119058,3780,77581,19389,1638,740,15927,8809,0.031749231467016074,0.6516235784239615,0.16285339918359118,0.013758000302373632,0.0062154580120613485,0.1337751348082447,1.5059231599629437,0.07398914814628164
mid_low,102108,22008,59015,15075,0,5130,878,9766,0.2155364907744741,0.5779664668782074,0.14763779527559054,0.0,0.05024092137736514,0.008598738590512007,1.6175864331286347,0.0956438281035766
mid_low,309419,14510,241397,15248,19964,1020,17276,22311,0.04689434068366843,0.7801621749149212,0.049279456012720615,0.06452092470081022,0.0032965008612916465,0.05583367537222989,1.215165493462282,0.07210610854537051
mid_low,167615,45869,66188,13382,5,3,42166,13108,0.27365689228291024,0.39488112639083617,0.07983772335411508,2.9830265787668168e-05,1.78981594726009e-05,0.2515645974405632,1.8337065802355506,0.07820302478895087
mid_low,158107,30120,92179,21490,6804,9,7501,10322,0.19050389925809735,0.5830165647314793,0.13592061072564782,0.043034147760693704,5.692347587393348e-05,0.04744255472559722,1.7056031428535192,0.06528490199674904
mid,149737,16299,64810,28639,2823,36212,950,15712,0.10885085182686978,0.43282555413825574,0.19126201272898483,0.01885305569097818,0.24183735482879984,0.006344457281767365,1.977197974916192,0.10493064506434616
mid,96112,32978,56836,1220,0,2668,2408,8852,0.34312052605293825,0.5913517562843349,0.012693524221741302,0.0,0.02775928083902114,0.025054103545863158,1.3344645423781447,0.0921008823039787
mid,102088,22102,59709,20245,0,11,18,11812,0.21649949063553012,0.5848777525272314,0.19830930177885744,0.0,0.00010775017631847034,0.0001763184703393151,1.3970184057190789,0.11570409842488834
mid,174818,17428,146217,7137,23,276,3734,20345,0.09969225136999622,0.8363955656740153,0.04082531547094693,0.00013156539944399317,0.001578784793327918,0.02135935658799437,0.8704852936702007,0.11637817616034962
mid,81377,19545,52669,266,0,3356,5538,8826,0.24017842879437679,0.6472221880875432,0.003268736866682232,0.0,0.04124015385182545,0.06805362694618873,1.3810276644267838,0.1084581638546518
mid,206284,50472,128305,9850,202,4,17448,18412,0.24467239339939112,0.6219823156425123,0.047749704291171396,0.0009792325143976265,1.9390742859358942e-05,0.08458242035252371,1.4440846508453855,0.08925558938162921
mid,69872,19467,42047,4194,635,0,3527,7411,0.27860945729333636,0.6017718113121135,0.060024043966109455,0.009088046713991299,0.0,0.050478016945271355,1.4772923325208234,0.10606537668880238
mid,114824,29658,63239,10241,7252,4,4428,12069,0.25829094962725563,0.5507472305441371,0.08918867135790427,0.06315752804291785,3.483592280359507e-05,0.03856336654357974,1.7226737992055765,0.10510868807914722
mid,139270,51879,50449,28409,0,419,8111,16454,0.3725066417749695,0.36223881668701086,0.20398506498169025,0.0,0.003008544553744525,0.05823939111079199,1.793295309758243,0.11814461118690314
mid,81477,19588,43971,11444,2299,0,4173,10254,0.24041140444542633,0.5396737729666041,0.14045681603397278,0.02821655191035507,0.0,0.05121690783902205,1.737175332616666,0.12585146728524615
mid,109580,8951,78620,16751,4,60,5191,9956,0.08168461398065341,0.7174666910020077,0.1528654864026282,3.650301149844862e-05,0.0005475451724767294,0.0473717831721117,1.267982031671546,0.09085599561963863
mid,124769,14106,79589,28804,2195,34,39,11030,0.11305692920517116,0.6378908222394986,0.23085862674221963,0.01759251096025455,0.0002725035866280887,0.0003125776434851606,1.3669565567359956,0.08840336942670055
mid,100353,3254,62480,11004,1,0,23612,12924,0.03242553785138461,0.6226022141839307,0.1096529251741353,9.964824170677509e-06,0.0,0.23528942831803734,1.4270336114121154,0.1287853875818361
mid,72799,3065,40581,25163,904,0,3083,7053,0.0421022266789379,0.5574389758101073,0.3456503523400047,0.012417752991112516,0.0,0.042349482822566245,1.4639390914002153,0.09688319894504045
mid,61965,1852,38070,7182,0,443,14416,5585,0.0298878399096264,0.6143790849673203,0.1159041394335512,0.0,0.007149197127410635,0.2326474622770919,1.4838906175925621,0.09013152586137335
mid,103157,7211,75472,3727,143,15751,849,11376,0.06990315732330331,0.7316226722374632,0.03612939499985459,0.0013862365132758805,0.15268958965460414,0.008230173424973584,1.2553897663810005,0.11027850751766724
mid,89166,21845,48229,16080,2321,0,688,10110,0.2449924859251284,0.5408900253459838,0.1803377969181078,0.02603010115963484,0.0,0.007715945539779737,1.6135052125733043,0.11338402530112375
mid,167551,7033,88400,6856,847,153,64260,18435,0.041975279168730714,0.5276005514738796,0.04091888439937691,0.0050551772296196385,0.0009131548006278685,0.3835250162637048,1.4454363850876653,0.11002620097761279
mid,161732,3753,149114,1148,1420,0,6295,20130,0.023205055276630474,0.921982044369698,0.007098162392105458,0.00877995696584473,0.0,0.038922414859149705,0.5269700604854419,0.12446516459327776
mid,157824,24833,97350,3050,19,7,32563,20629,0.15734615774533658,0.6168263381995134,0.019325324412003245,0.00012038726682887267,4.4353203568532033e-05,0.20632476682887266,1.431803333108003,0.1307088909164639
mid,176045,67216,91229,15995,1,423,1179,22916,0.3818114686585816,0.5182140929875884,0.09085745121985855,5.680365815558522e-06,0.002402794739981255,0.006697151296543497,1.405589664606472,0.1301712630293391
mid,82996,8147,61530,8917,517,3774,107,7554,0.0981613571738397,0.7413610294472023,0.10743891271868523,0.006229215865824859,0.045472070943177983,0.0012892187575304834,1.2553493239867524,0.09101643452696516
mid,156141,47546,77600,2223,452,2318,25999,19946,0.30450682396039475,0.49698669792046934,0.014237131823159836,0.0028948194260315996,0.01484555626004701,0.16650975720662733,1.656248609404447,0.1277435138752794
mid,153655,38063,106249,5317,528,1707,1788,17185,0.24771728873124857,0.6914776609937848,0.03460349484234161,0.003436269564934431,0.011109303309361883,0.01163645829943705,1.2096920793537096,0.11184146301779961
mid,168483,15748,131708,9813,115,0,11097,18587,0.09346937079705371,0.7817287204050261,0.05824326489912929,0.0006825614453683755,0.0,0.06586421181959011,1.1018761366629217,0.11031973552227821
mid,201170,14865,148779,26540,2,106,10875,24133,0.07389272754386837,0.7395685241338171,0.13192821991350598,9.94184023462743e-06,0.0005269175324352538,0.05405875627578665,1.218584927882798,0.11996321519113187
mid,353779,7583,283032,50491,282,450,11938,31723,0.021434285245873836,0.8000248742859243,0.14271904211386205,0.0007971077989366242,0.0012719805302180175,0.03374423015498376,0.9626292441234031,0.08966897413356927
mid,146137,19365,72551,44626,4,141,9446,15482,0.13251264224665896,0.4964588023566927,0.30537098749803265,2.7371575986916385e-05,0.0009648480535388027,0.06463797669310305,1.6760263368899384,0.10594168485735987
mid,157592,21177,47906,22965,3,1521,64017,19617,0.13437864866236865,0.3039875120564496,0.14572440225392153,1.9036499314686025e-05,0.009651505152545814,0.4062198588760851,1.9091236900863704,0.12447966901873192
mid,161577,84307,53417,22481,5,319,1045,18452,0.5217759953458723,0.33059779547831686,0.1391349016258502,3.0944998359915084e-05,0.0019742908953625828,0.006467504657222253,1.478738314044173,0.11419942194743064
mid,173750,17860,86610,14163,38295,16720,99,22516,0.10279136690647482,0.4984748201438849,0.0815136690647482,0.22040287769784173,0.09623021582733814,0.0005697841726618705,1.9448914874452319,0.12958848920863308
mid,115702,16732,47498,23303,22558,747,4862,13462,0.14461288482480855,0.4105201292976785,0.2014053343935282,0.1949663791464279,0.006456241032998565,0.04202174551866,2.0953393626303405,0.11635062488116023
mid,128959,25336,70596,15685,0,46,17293,16437,0.19646554331221552,0.547429803270807,0.1216278041858265,0.0,0.0003567025178545119,0.1340968835056103,1.6995560985656601,0.12745911491249157
mid,70242,7177,36094,18205,35,0,8728,8413,0.10217533669314655,0.5138521112724581,0.25917542211212663,0.0004982773839013696,0.0,0.12425614304831867,1.7140187043952593,0.11977164659320634
mid,182917,21214,113665,26533,0,303,21200,20182,0.11597609844902333,0.6214020566705117,0.1450548609478616,0.0,0.0016564890086760663,0.1158995610030779,1.5666619530421166,0.11033419529076029
mid,82914,8825,33701,28628,1150,4369,6239,9120,0.10643558385797332,0.4064572930988735,0.3452734158284487,0.013869792797356296,0.052693151940564925,0.07524664109800516,1.9918140761368848,0.10999348722772993
mid,81314,31519,43397,4411,16,0,1968,8667,0.3876208279017143,0.5336965344221167,0.05424650121750252,0.00019676808421674005,0.0,0.024202474358659024,1.37389548526526,0.10658681161915537
mid,87784,22688,45140,11305,0,81,8566,8056,0.25845256538777,0.5142167137519366,0.12878201038913697,0.0,0.0009227194021689601,0.09758042467875695,1.715638262258428,0.09177070992435979
mid,163989,34805,74537,26096,21334,1568,5645,17539,0.21223984535548115,0.4545243888309582,0.159132624749221,0.13009409167688077,0.009561616937721432,0.03442304056979432,2.0278851191254375,0.10695229558080115
mid,116851,15250,68075,33384,52,2,85,10753,0.1305080829432354,0.5825795243515246,0.2856971699001292,0.00044501116806873714,1.7115814156489887e-05,0.0007274221016508203,1.3667001778540822,0.09202317481236788
mid,67444,28638,31040,5482,49,40,2191,6156,0.42461894312318366,0.4602336753454718,0.08128224897692901,0.0007265286756420141,0.0005930846331771544,0.03248621078227863,1.508848549298775,0.09127572504596405
mid,160244,36099,59081,6255,0,3,58802,16320,0.22527520531189935,0.3686939916627144,0.039034222810214424,0.0,1.8721449789071666e-05,0.3669528968323307,1.7288080690930614,0.10184468685254987
mid,82128,3425,38382,40191,92,34,1,10441,0.04170319501266316,0.467343658679135,0.48937025131502043,0.0011202026105591272,0.0004139879212935905,1.2176115332164426e-05,1.2244115266161604,0.12713082018312877
mid,81945,11973,48431,16066,1,3384,2087,9871,0.14611019586307888,0.5910183659771798,0.19605833180791996,1.2203307096223076e-05,0.04129599121361889,0.02546830190981756,1.639651742882123,0.12045884434681799
mid,154668,53204,68883,26697,33,0,5848,15529,0.3439884138929837,0.44536038482426876,0.17260842578943286,0.00021336022965319265,0.0,0.037810018879147596,1.6680296664329293,0.10040215170558875
mid,82577,13092,19962,31955,3903,6699,6963,9974,0.15854293568427044,0.2417380142170338,0.3869721593179699,0.04726497693062233,0.0811242840015985,0.0843213001198881,2.249427250198914,0.12078423774174407
mid,73087,4967,53709,8887,46,0,5476,9152,0.06796010234378207,0.7348639292897505,0.12159481166281282,0.0006293868950702587,0.0,0.07492440516097254,1.2466608801582435,0.12522062747136975
mid,218150,42748,122214,40107,5352,6216,1510,27195,0.19595691038276417,0.5602292000916801,0.1838505615402246,0.024533577813431125,0.02849415539766216,0.006921842768737108,1.7054526887322545,0.12466192986477194
mid,127042,40635,53621,22686,24,2104,7969,16759,0.3198548511515877,0.422073015223312,0.17857086632767116,0.00018891390248894067,0.01656145211819713,0.062727287038932,1.8459685181861678,0.13191700382550653
mid,163161,15173,90454,46741,0,2174,8616,20079,0.09299403656511053,0.554384932673862,0.28647164457192587,0.0,0.01332426253822911,0.052806736904039565,1.614203540882576,0.12306249655248497
mid,152841,35407,103171,7754,1,1507,4998,19577,0.23165904436636767,0.6750217546339006,0.050732460530878494,6.542747037771279e-06,0.009859919785921318,0.03270064969478085,1.3168980052931347,0.12808735875844832
mid,42481,9640,23558,4289,2,125,4865,3948,0.22692497822555965,0.5545538005225865,0.10096278336197359,4.707987100115346e-05,0.002942491937572091,0.11452178621030579,1.674703088780067,0.09293566535627693
mid,134480,46226,62810,848,400,116,24077,17591,0.3437388459250446,0.4670582986317668,0.006305770374776918,0.00297441998810232,0.0008625817965496729,0.1790377751338489,1.5666975974825208,0.13080755502676977
mid,208383,11293,127608,40985,19438,3661,5396,24718,0.054193480274302604,0.6123724104173565,0.1966811112230844,0.09328016200937697,0.017568611642984313,0.025894626720989716,1.6807833827668666,0.11861812143984873
mid,102813,17583,46084,21479,0,108,17556,9335,0.171019229085816,0.4482312548024083,0.20891326972270044,0.0,0.0010504508184762628,0.17075661638119694,1.8723892613771862,0.09079591102292511
mid,226085,11862,121893,35312,1658,22,55336,23792,0.052466992502819734,0.5391467810779131,0.15618904394364952,0.0073335250016586685,9.730853440077847e-05,0.24475750270915805,1.6723004070871341,0.10523475683924188
mid,86590,15588,38072,7869,66,0,24993,9674,0.18002078761981752,0.4396812564961312,0.09087654463563923,0.0007622127266427994,0.0,0.28863610116641647,1.8063118986150537,0.11172190784155214
mid,116869,2908,100214,4070,3031,219,6425,12304,0.02488256081595633,0.857490010182341,0.03482531723553722,0.025935021263123668,0.001873892991297949,0.054976084333741196,0.8751798652356599,0.10528027107273956
mid,462066,62823,144873,141463,1299,22717,88889,60402,0.1359610964667385,0.3135331316305463,0.30615323352075247,0.002811286699302697,0.04916397224638904,0.19237295105028285,2.133814693577763,0.1307215852280843
mid,137637,26529,85249,8742,2,1223,15888,17544,0.19274613657664727,0.6193756039437069,0.06351489788356329,1.45309764089598e-05,0.008885692074078917,0.11543407659277666,1.5588022630692593,0.12746572505939538
mid,79971,6136,43914,10760,6646,0,12512,8408,0.07672781383251429,0.5491240574708331,0.13454877393054981,0.08310512560803292,0.0,0.15645671555939028,1.8654068148307006,0.1051381125658051
mid,52970,9606,29905,2368,192,34,10861,4931,0.1813479327921465,0.5645648480271852,0.04470454974513876,0.0036246932225788182,0.000641872758164999,0.20504058901264866,1.61768973688912,0.09309042854445913
mid,81641,41468,28117,5195,1495,3825,1538,8074,0.507931064048701,0.34439803530089047,0.06363224360309158,0.018311877610514324,0.04685145943827244,0.018838573755833466,1.6994247084937755,0.09889638784434292
mid,152080,49555,62184,10248,21,11650,18419,16036,0.32584823776959493,0.40889005786428195,0.06738558653340347,0.00013808521830615465,0.0766044187269858,0.12111388742766965,1.9714747043344587,0.1054445028932141
mid,150902,25869,114849,6680,1888,7,1607,15854,0.17142913944149182,0.761083352109316,0.04426714026321719,0.012511431260023062,4.638772183271262e-05,0.010649295569309884,1.0845708389427133,0.10506156313368942
mid,74823,13646,48270,8240,0,8,4657,9205,0.18237707656736565,0.6451224890742151,0.11012656536091843,0.0,0.00010691899549603731,0.062240220253130724,1.456935134561395,0.12302366919262793
mid,121675,23663,70064,26193,441,769,541,13030,0.1944770906102322,0.5758290528046024,0.21527018697349495,0.0036244092870351347,0.006320115060612287,0.0044462708033696325,1.5052355284389096,0.10708855557838504
mid,171093,22617,113578,13393,6299,0,15201,20684,0.13219126440006312,0.6638377958186483,0.07827906460229232,0.03681623444559392,0.0,0.08884641686100542,1.5516669597430337,0.12089331533142794
mid,118805,39739,66903,6385,2245,752,2777,11011,0.3344892891713312,0.5631328647784184,0.05374352931273936,0.018896511089600606,0.00632969992845419,0.02337443710281554,1.5027795972853737,0.09268128445772485
mid,134208,23423,59065,24113,0,42,27562,13099,0.1745275989508822,0.4401004411063424,0.17966887219837863,0.0,0.00031294706723891273,0.2053677873152122,1.878275004781557,0.09760222937529804
mid,140801,9904,55537,25375,12,25804,24167,16960,0.07034040951413698,0.3944361190616544,0.1802188904908346,8.522666742423704e-05,0.18326574385125105,0.17163940597012806,2.130475315212819,0.12045368995958836
mid,91767,8811,70720,3101,459,3144,5529,8733,0.0960149073196247,0.7706474004816546,0.033792103915350834,0.005001798031972277,0.03426068194448985,0.060250416816502665,1.2285644254351553,0.09516492856909346
mid,99803,2787,69615,11424,156,0,15818,9161,0.027925012274180136,0.6975241225213671,0.11446549702914742,0.001563079266154324,0.0,0.1584922296924942,1.3003511292077325,0.09179082793102412
mid,135258,8019,88556,28477,5580,2,4620,14685,0.059286696535509914,0.654719129367579,0.2105383785062621,0.04125449141640421,1.4786556063227314e-05,0.034156944506055095,1.4713672099457762,0.10857028789424655
mid,95411,7667,53665,23192,9158,110,1615,9119,0.08035761075766945,0.5624613514165033,0.24307469788598798,0.09598473970506545,0.0011529068975275388,0.01692676945006341,1.6906248643217263,0.09557598180503296
mid,103510,9136,80162,11397,1785,67,960,10666,0.08826200367114288,0.7744372524393779,0.11010530383537823,0.017244710655975267,0.0006472804559945899,0.009274466235146363,1.1156632200429113,0.1030431842334074
mid,132956,37107,43536,29680,33,407,22190,15936,0.2790923312975721,0.3274466740876681,0.22323174584072927,0.0002482024128283041,0.003061163091549084,0.16689731941394145,1.9838338813787582,0.11985920154035921
mid,90899,21753,40613,25913,2,2139,477,9253,0.23930956336153314,0.44679259397793153,0.28507464328540466,2.200244227109209e-05,0.02353161200893299,0.0052475824816554635,1.6965524836352952,0.10179429916720756
mid,122924,10502,57319,16831,2932,1036,34301,13125,0.08543490286681202,0.46629624808824965,0.13692200058572776,0.023852136279327064,0.00842797175490547,0.27904233510136345,1.9096968852546294,0.10677329081383619
mid,101574,47783,41564,4323,2007,245,5650,10783,0.47042550258924526,0.40919920452084196,0.04256010396361273,0.01975899344320397,0.0024120345757772657,0.05562447082914919,1.597834439542958,0.10615905645145411
mid,107466,11934,79118,8142,0,121,8149,11393,0.11104907598682374,0.7362142445052389,0.07576349729216683,0.0,0.001125937505815793,0.07582863417266857,1.2525815857831064,0.10601492565090354
mid,84826,18853,60167,1597,0,1842,2364,10565,0.22225496899535518,0.7092990356730248,0.018826774809610262,0.0,0.0217150401999387,0.027868813807087448,1.2055360364118008,0.12454907693395893
mid,79868,32539,31553,4084,19,8052,3617,7681,0.40740972604797915,0.39506435618770974,0.05113437171332699,0.00023789252266239296,0.10081634697250463,0.04528722391946712,1.8152272256081934,0.09617118245104422
mid,53421,7491,39507,5629,10,0,781,5457,0.14022575391699893,0.7395406300892907,0.10537054716310065,0.00018719230265251493,0.0,0.014619718837161415,1.1528655051173986,0.10215083955747739
mid,113804,10796,66604,28281,2,0,8118,10967,0.09486485536536501,0.5852518364908088,0.24850620364837792,1.7574074724965732e-05,0.0,0.0713331693086359,1.5458399111911512,0.09636743875434958
mid,232859,110812,62067,30724,4460,8,24785,29166,0.47587595927149046,0.2665432729677616,0.13194250598001367,0.01915322147737472,3.4355554219506224e-05,0.10643780141630772,1.8576125458247734,0.12525176179576483
mid,126335,10169,72276,5589,1707,34058,2533,12356,0.08049234178968616,0.5720979934301659,0.04423952190604345,0.013511695096370761,0.26958483397316657,0.02004986741599715,1.6593474291068808,0.09780345905726838
mid,95170,16101,37576,26183,0,12256,3051,8988,0.1691814647472943,0.394830303667122,0.27511820951980664,0.0,0.12878007775559525,0.03205842177156667,2.015171642979685,0.09444152569086897
mid,97898,12684,79206,2589,0,21,3395,10507,0.12956342315471206,0.8090665795011134,0.02644589266379293,0.0,0.00021450897873296696,0.03467895156182966,0.9386929699971212,0.10732599235939447
mid,140094,39661,73427,6220,0,23,20761,12416,0.28310277385184235,0.5241266578154667,0.044398760832012794,0.0,0.0001641754821762531,0.14819335588961696,1.6136636615605044,0.08862620811740689
mid,250990,28670,208311,4925,8,106,8967,25768,0.1142276584724491,0.8299573688194749,0.01962229570899239,3.187377983186581e-05,0.000422327582772222,0.03572652296904259,0.8689300514323987,0.10266544483843978
mid,150572,74526,40184,18044,6014,10989,812,15596,0.4949525808251202,0.2668756475307494,0.11983635735727759,0.03994102489174614,0.07298169646415004,0.005392768907897883,1.8794021944794976,0.10357835454134899
mid,358312,7902,214589,25094,115,0,110609,35107,0.022053405970215902,0.5988886780236219,0.07003393690415058,0.00032094934023979105,0.0,0.3086946571702873,1.3601481239299593,0.09797885641563776
mid,169626,35510,70884,45437,5089,11175,1529,18952,0.20934290733731858,0.41788405079409996,0.26786577529388184,0.03000129697098322,0.0658802306250221,0.009013948333392287,1.9789137323737287,0.11172815488191669
mid,106567,8920,62700,30482,1,2944,1517,13828,0.0837032101870185,0.5883622509782578,0.2860360149014235,9.38376795818593e-06,0.02762581286889938,0.014235175992568056,1.496793761183257,0.12975874332579504
mid,162002,31739,94806,13256,7774,7,14418,18597,0.19591733435389685,0.5852149973457118,0.0818261502944408,0.047987061888124835,4.3209343094529694e-05,0.08899890124813274,1.7300625200230577,0.11479487907556697
mid,321185,97602,115578,23100,0,76926,7977,29154,0.3038809408907639,0.359848685337111,0.0719211669287171,0.0,0.23950682628391737,0.024836153618631007,1.952164110634628,0.09077011691081464
mid,186932,26742,117032,16548,43,742,25822,23247,0.14305736845483918,0.6260672330045151,0.08852416921661353,0.0002300301713992254,0.0039693578413540756,0.13813579269466972,1.562876881643606,0.12436073010506495
mid,155549,17722,104586,10458,0,0,22780,16644,0.11393194427479444,0.6723669068910761,0.0672328333836926,0.0,0.0,0.14644902892336176,1.4098244164967888,0.1070016522124861
mid,274937,77016,140681,11080,20,1137,44999,35324,0.28012235530321494,0.5116844949933985,0.04030014148695883,7.274393770209175e-05,0.004135492858363916,0.16367022263282133,1.656722750250325,0.12848034276943446
mid,113191,12631,76644,7735,0,3958,12220,14664,0.11159014409272822,0.6771209725154826,0.06833582175261284,0.0,0.03496744440812432,0.10795911335706902,1.5143443443178861,0.12955093602848283
mid,92807,33347,38944,14879,1,375,5258,11409,0.35931556886872756,0.419623519777603,0.16032195847296002,1.0775049295850528e-05,0.004040643485943948,0.05665520919758208,1.7466658426880601,0.12293253741635868
mid,83674,1349,42278,27888,128,0,12028,9088,0.016122092884289025,0.5052704543824844,0.33329349618758514,0.0015297463967301672,0.0,0.1437483567177379,1.53851598776226,0.10861199416784187
mid,136845,39789,87896,7424,1,6,1725,12591,0.29075961854653076,0.6423033358909715,0.05425116007161387,7.3075377251635064e-06,4.3845226350981034e-05,0.012605502575907049,1.2367655716690575,0.0920092074975337
mid,120746,4807,84655,26160,0,35,5086,12535,0.03981084259519984,0.7010998293939343,0.21665313964851837,0.0,0.00028986467460619813,0.042121478144203535,1.2182535670302355,0.10381296274824839
mid,104082,17878,55468,18587,2,141,12004,10077,0.1717684133663842,0.5329259622220941,0.17858035010856824,1.9215618454679963e-05,0.0013547011010549375,0.11533214196498914,1.736870415879469,0.096817893583905
mid,175174,20570,96748,52601,46,4569,637,20985,0.11742610204710745,0.5522965736924429,0.30027858015458914,0.0002625960473586263,0.026082637834381816,0.003636384394944455,1.5268772048348205,0.11979517508306027
mid,114675,34224,36435,31659,0,100,12254,11131,0.2984434270765206,0.31772400261608896,0.2760758665794637,0.0,0.0008720296490080662,0.10685851318944845,1.9124378440520786,0.09706562023108786
mid,89469,8940,23551,37410,18843,6,715,11097,0.09992287831539416,0.26323083973219774,0.41813365523253865,0.21060926130838614,6.706233443986185e-05,0.007991594854083538,1.8948463549775947,0.1240317875465245
mid,61776,16477,28875,7910,0,0,8511,8058,0.2667217042217042,0.4674145299145299,0.12804325304325304,0.0,0.0,0.13777195027195027,1.7950541020490998,0.13043900543900544
mid,122370,12037,36453,73198,71,49,560,11520,0.0983656124867206,0.29789164010786956,0.5981694859851271,0.0005802075672141864,0.00040042494075345265,0.004576285037182316,1.3393500012560726,0.09414072076489335
mid,121971,7895,74537,38316,30,1155,34,15790,0.06472850103713178,0.6111042788859647,0.3141402464520255,0.00024596010527092504,0.009469464052930615,0.0002787547859737151,1.2845141672638836,0.12945700207426356
mid,202223,32667,150498,15008,33,133,3881,25451,0.16153948858438458,0.7442180167438917,0.07421509917269549,0.000163186185547638,0.000657689778116238,0.019191684427587365,1.1389714268188396,0.1258561093446344
mid,386171,74476,223344,19233,129,35105,33881,50363,0.1928575682793374,0.5783551846202848,0.04980436128036543,0.00033404890579561905,0.09090532432523415,0.08773574400977806,1.7566934818775617,0.1304163181595718
mid,83316,26229,36868,14927,4007,25,1257,8935,0.3148134812040905,0.44250804167266794,0.179161265543233,0.04809400355273897,0.0003000624129819002,0.015087138124729943,1.79521056885979,0.10724230639973115
mid,111546,35930,58829,14073,465,31,2214,10273,0.3221092643393757,0.5273967690459541,0.12616319724597924,0.0041686837717174975,0.00027791225144783315,0.019848313700177506,1.5385403713144428,0.0920965341652771
mid,175676,15057,83150,49234,37,3614,24581,17069,0.08570891869122703,0.47331451080398007,0.28025455953004397,0.00021061499578770007,0.020571962020993192,0.13992235706641773,1.8437179745635617,0.09716182062433115
mid,101428,24746,57514,4388,273,8,14496,10978,0.2439760224001262,0.5670426312260914,0.04326221556177781,0.0026915644595180816,7.887368379540166e-05,0.1429191150372678,1.581844471999443,0.10823441258823993
mid,97046,3604,92050,1224,0,0,166,10251,0.03713702780124889,0.9485192589081467,0.012612575479669435,0.0,0.0,0.0017105290274715083,0.34405822484386156,0.10563031964223152
mid,158301,96379,32042,14118,26,4463,11270,15886,0.6088338039557551,0.20241186094844632,0.08918452820891845,0.00016424406668309106,0.028193125754101364,0.07119348582763217,1.631944064029791,0.10035312474336865
mid,170085,30194,113063,13692,3723,371,9039,18227,0.17752300320428022,0.6647440985389658,0.08050092600758445,0.021889055472263868,0.0021812623100214597,0.05314401622718053,1.491938724184019,0.10716406502631037
mid,82432,15491,45385,3675,3728,13996,154,9982,0.18792459239130435,0.5505750194099379,0.04458220108695652,0.045225155279503104,0.16978843167701863,0.0018682065217391305,1.780621654139926,0.12109375
mid,154256,49714,40364,5482,386,11,58295,18757,0.3222824395809563,0.2616689140130692,0.03553832589980292,0.0025023337828026138,7.131003007986723e-05,0.37791074577326006,1.7568472931798036,0.12159656674618816
mid,125427,37147,58299,10246,10894,12,8825,14220,0.2961643027418339,0.4648042287545744,0.0816889505449385,0.08685530228738629,9.567318041569998e-05,0.07035965143071268,1.9057544743829267,0.11337271879260447
mid,58313,13931,36904,3295,3592,265,322,6712,0.2389004167166841,0.6328605971224255,0.05650541045735942,0.061598614374153274,0.004544441205220105,0.005521924785210845,1.4698748113735778,0.11510297875259376
mid,243842,33570,193445,15451,648,3,722,28065,0.1376711149022728,0.7933210849648543,0.06336480179788552,0.002657458518220815,1.2303048695466737e-05,0.0029609337193756613,0.9588349161739924,0.11509502054609132
mid,188219,15557,115003,43558,667,0,13431,24081,0.0826537172123962,0.6110063277352445,0.2314219074588644,0.003543744255362105,0.0,0.07135836445842343,1.5208146316014095,0.12794138742634908
mid,104745,35222,66433,505,0,75,2507,13481,0.3362642608239057,0.6342355243687049,0.004821232517065253,0.0,0.0007160246312473149,0.02393431667382691,1.1188223447556291,0.12870304071793404
mid,309415,52344,152468,71024,4,44,33527,27747,0.16917085467737505,0.4927621479243088,0.22954284698544028,1.2927621479243088e-05,0.00014220383627167396,0.10835609133364575,1.773578908712965,0.08967567829613948
mid,102833,24498,37966,17620,5,0,22742,11381,0.23823091809049624,0.36920054846206957,0.17134577421644803,4.8622523897970494e-05,0.0,0.221154687697529,1.9419695431312756,0.11067458889656044
mid,179812,36528,108649,27863,1035,33,5701,17802,0.20314550753008698,0.6042366471648166,0.1549562876782417,0.005756011834582787,0.00018352501501568304,0.03170533668498209,1.5260981334207318,0.09900340355482393
mid,184368,77664,61203,20452,2648,18327,4072,17083,0.421244467586566,0.3319610778443114,0.11093031328647053,0.014362579189447193,0.09940445196563395,0.02208626225809251,1.9459109099310383,0.09265707715004773
mid,173174,29338,44984,77261,18935,1499,1154,22803,0.1694134223382263,0.25976185801563745,0.44614665018998234,0.10934089412960375,0.008656033815699817,0.0066638178941411524,1.9152220040111012,0.13167681060667305
mid,140187,68599,49474,14062,3,7832,213,16217,0.4893392397297895,0.3529143215847404,0.10030887314800944,2.1399987160007705e-05,0.05586823314572678,0.001519399088360547,1.6146904986918773,0.11568119725794831
mid,246771,93804,87492,19041,8679,8219,29532,32497,0.3801257035875366,0.3545473333576474,0.07716060639216116,0.03517025906609772,0.03330618265517423,0.11967370558128791,2.04587994805974,0.13168889375169693
mid,96384,7374,51442,22812,1049,9,13696,12493,0.07650647410358566,0.5337192895086321,0.23667828685258965,0.01088354913678619,9.337649402390438e-05,0.14209827357237717,1.7314708177727236,0.12961694887118194
mid,164167,20127,62171,54546,24563,3,2754,15184,0.12260076629286032,0.3787058300389238,0.3322592238391394,0.1496220312243021,1.8274074570406963e-05,0.01677560045563359,1.939182543965584,0.09249118275901978
mid,106071,23745,62045,6211,3459,946,9662,12893,0.22385949034137512,0.5849383903234626,0.058555118741220505,0.03261023276861725,0.008918554553082369,0.09108993032968483,1.7122806020227843,0.12155065946394396
mid,117041,15390,61830,35923,3612,0,283,13601,0.1314923830110816,0.5282764159568014,0.3069266325475688,0.03086098034022266,0.0,0.002417956100853547,1.57011428293791,0.11620714108731128
mid,191489,36880,125703,11686,0,57,17160,23980,0.19259591934784764,0.6564502399615644,0.061027004162118974,0.0,0.000297667228926988,0.0896135026032827,1.4178622226692423,0.1252291254327925
mid,101961,31062,64012,2518,1,3,4362,12396,0.3046458940183011,0.627808671943194,0.024695716989829444,9.807671560694776e-06,2.9423014682084327e-05,0.04278106334775061,1.2710352021143514,0.12157589666637243
mid,164454,11119,109845,30840,574,581,11491,21419,0.06761161175769516,0.6679375387646393,0.1875296435477398,0.0034903377236187626,0.0035329028178092354,0.06987364247753171,1.4300271131655367,0.130243107495105
mid,191342,41739,67330,80077,69,1286,838,17002,0.21813820279917634,0.35188301575189973,0.41850194938905205,0.00036061084341127407,0.006720949922128963,0.004379592562009386,1.6222828597059264,0.0888566023141809
mid,246697,77925,83161,47482,0,13205,24921,23820,0.3158733182811303,0.3370977352784995,0.19247092587262918,0.0,0.053527201384694585,0.10101865851631758,2.071726150029505,0.09655569382684022
mid,109418,15936,29795,62297,0,482,907,12140,0.1456433128004533,0.27230437405180136,0.5693487360397741,0.0,0.004405125299310899,0.008289312544553912,1.4703051959649753,0.11095066625235336
mid,103637,29028,48117,9278,0,4585,12626,10188,0.2800930169727028,0.4642839912386503,0.08952401169466503,0.0,0.04424095641517991,0.12182907648812683,1.9088877639926234,0.09830465953279234
mid,129625,40683,52775,26374,1821,0,7969,12411,0.31385149469623913,0.40713596914175504,0.20346383799421408,0.01404821600771456,0.0,0.061477338476374155,1.8537355170915732,0.09574541947926711
mid,93485,16355,58804,13038,1216,2170,1900,12045,0.17494785259667325,0.629020698507782,0.13946622452799914,0.013007434347756324,0.023212280044926994,0.020324116168369256,1.578800203149882,0.1288441996042146
mid,77148,18940,45854,9690,0,338,2324,9729,0.24550215170840461,0.5943640794317416,0.12560273759527144,0.0,0.004381189402188002,0.030123917664748277,1.5060284539796656,0.12610825944937004
mid,152797,32809,98206,19890,0,103,1785,13875,0.21472280214925685,0.6427220429720479,0.13017271281504217,0.0,0.0006740970045223401,0.011682166534683272,1.3514511025883964,0.09080675667715989
mid,79555,5771,47398,11279,15,127,14962,10052,0.07254100936459053,0.5957890767393627,0.14177612972157627,0.00018854880271510275,0.00159637986298787,0.1880711457482245,1.5898097926950543,0.12635283765948085
mid,165050,52174,91403,13377,3,2085,6005,19651,0.3161102696152681,0.5537897606785822,0.08104816722205392,1.8176310209027567e-05,0.01263253559527416,0.03638291426840352,1.5450665212810382,0.11906089063920024
mid,141982,42570,93612,4971,5,107,713,15228,0.29982673860066766,0.6593230127762674,0.03501148032849234,3.521573157160767e-05,0.0007536166556324041,0.005021763322111254,1.1332635089395673,0.10725303207448832
mid,131748,21178,67119,36677,26,6680,65,14486,0.16074627318820778,0.5094498588213863,0.2783875277044054,0.00019734644928196254,0.05070285696936576,0.0004933661232049063,1.6591394782225448,0.10995233324225036
mid,99114,15025,78368,4370,49,276,1023,12786,0.15159311499889017,0.7906854732933793,0.044090643097846924,0.0004943802086486268,0.00278467219565349,0.01032144802954174,0.9762245213080669,0.12900296628125188
mid,107229,31655,59597,6619,214,701,8440,12025,0.2952093183746934,0.5557918100513853,0.061727704259109006,0.00199572876740434,0.006537410588553469,0.07871005045276931,1.5926072186743887,0.11214317022447286
mid,70199,14576,51868,2226,7,1177,342,9132,0.20763828544566162,0.7388709240872378,0.03170985341671534,9.971652017835012e-05,0.016766620607131157,0.00487186427157082,1.0890115911028653,0.1300873231812419
mid,76956,4539,37109,20908,91,167,14140,7114,0.058981755808513954,0.4822106138572691,0.27168771765684285,0.0011824938926139612,0.0021700712095223244,0.18374135869847705,1.7388470142830639,0.09244243463797494
mid,106457,16089,68854,10653,568,1,10290,10000,0.15113144274214002,0.6467775721652874,0.10006857228740243,0.00533548756775036,9.393464027729506e-06,0.09665874484533661,1.5171999574335324,0.09393464027729506
mid,78064,2788,42131,31810,172,34,1126,8590,0.03571428571428571,0.5396981963517115,0.4074861651977864,0.0022033203525312563,0.00043554006968641115,0.014424062307849969,1.2921861530864345,0.11003791760606682
mid,199547,62305,98172,9625,679,16,28747,24921,0.3122322059464688,0.4919743218389653,0.04823425057755817,0.0034027071316531945,8.018161134970709e-05,0.14406129884187685,1.6704374394071937,0.12488787102787814
mid,69530,19628,39846,6927,0,331,2794,7512,0.2822954120523515,0.5730763699122681,0.09962606069322595,0.0,0.004760535020854308,0.040184093197181074,1.529964043321173,0.10803969509564217
mid,150884,4222,76520,65660,0,828,3652,17568,0.027981760822883804,0.5071445613849049,0.4351687388987567,0.0,0.005487659393971528,0.02420402428355558,1.334640305072569,0.11643381670687415
mid,106482,24128,22740,33397,356,4549,21308,12324,0.22659228789842414,0.2135572209387502,0.3136398640145752,0.003343288067466802,0.04272083544636652,0.20010893859995116,2.1719537291722326,0.11573787118949681
mid,131732,45970,49432,3531,4027,8696,20073,15839,0.34896608265265844,0.37524671302341117,0.026804421097379526,0.030569641393131508,0.06601281389487748,0.15237755442868856,2.0268699195164372,0.12023654085567667
mid,212556,21671,152984,8916,14,380,28588,23225,0.10195430851163928,0.7197350345320762,0.04194659289787162,6.586499557763602e-05,0.0017877641656786917,0.13449632096953273,1.2757573428726574,0.10926532302075688
mid,68317,3199,53678,7718,95,736,2888,8731,0.04682582666100678,0.785719513444677,0.11297334484828081,0.001390576284087416,0.01077330679040356,0.042273519036257444,1.1121352285754111,0.12780127933018137
mid,170923,25638,126012,7717,3366,4353,3834,15178,0.1499973672355388,0.7372442561855338,0.0451489852155649,0.019693078169702147,0.025467608221245823,0.022431153209339878,1.305874798076495,0.0888002199820972
mid,206992,19045,148169,29468,43,0,10266,19010,0.09200838679755739,0.7158199350699544,0.14236298987400478,0.00020773749710133725,0.0,0.04959611965679833,1.2798111783868937,0.09183929813712607
mid,149541,34337,70391,21251,1861,2621,19077,14881,0.2296159581653192,0.4707137173082967,0.14210818437752856,0.012444747594305241,0.017526965848830754,0.1275703653178727,1.9591119320958996,0.09951117084946604
mid,106535,29798,49666,24512,1265,0,1291,12189,0.27970150654714415,0.46619420847608767,0.23008400994978176,0.011874032008260196,0.0,0.012118083259022857,1.6682045820797495,0.11441310367484864
mid,67665,13076,42773,8301,534,0,2978,6478,0.1932461390674647,0.632128870169216,0.12267789847040568,0.007891819995566393,0.0,0.0440109362299564,1.5013598239080088,0.0957363481859159
mid,125787,29003,76452,7998,6272,1131,4928,14171,0.23057231669409398,0.607789358200768,0.06358367716854683,0.049862068417245026,0.008991390207255121,0.03917733947069252,1.6373459311792686,0.11265870081963955
mid,172255,7754,94332,28356,17985,7771,16053,16209,0.04501465850047894,0.547629967199791,0.1646164117151897,0.104409160837131,0.045113349394792605,0.09319323096571942,1.966648937906705,0.09409886505471539
mid,212663,55165,101081,12248,36251,145,7770,27416,0.2594010241555889,0.4753107028491087,0.05759346947988132,0.17046218665212096,0.0006818299375067595,0.036536680099500146,1.868907184489982,0.12891758321851945
mid,75216,10188,42655,13848,293,382,7847,9849,0.135449904275686,0.5671000850882791,0.18410976388002553,0.0038954477770687087,0.005078706658157839,0.10432620718995958,1.7142862384615776,0.13094288449266114
mid,140176,25266,89729,10301,1379,0,13497,14526,0.18024483506449035,0.6401167104211848,0.07348618879123388,0.009837632690332153,0.0,0.09628609747745691,1.5250166309507764,0.10362686907887228
mid,82722,10284,39527,18948,2413,151,11395,9951,0.12432001160513527,0.477829356156766,0.22905635743816638,0.029169991054374893,0.0018253910688813134,0.1377505379463746,1.9293627216630846,0.12029448030753609
mid,105681,10436,47166,17165,3,1,30908,9682,0.09875001182804856,0.4463053907514123,0.16242276284289514,2.8387316546966815e-05,9.462438848988938e-06,0.29246505994455013,1.7945080935755064,0.0916153329359109
mid,190207,62813,73500,20129,32190,0,1572,17231,0.3302349545495171,0.3864211096331891,0.10582680973886345,0.16923667372914772,0.0,0.008264680059093515,1.8917525854049604,0.09059077741618342
mid,77787,11384,57967,2759,13,0,5662,9259,0.14634836155141603,0.7452016403769267,0.03546865157417049,0.00016712304112512374,0.0,0.07278851221926542,1.1700525559126669,0.11903017213673237
mid,146905,53730,68276,5242,1531,14697,3427,14216,0.3657465709131752,0.46476294203737106,0.035682924338858446,0.010421701099349921,0.10004424628161057,0.02332800108913924,1.743453729069524,0.09677002144242879
mid,120183,19777,66417,6346,6550,1953,19138,13037,0.1645573833237646,0.5526322358403435,0.052802809049532794,0.05450022049707529,0.016250218416914205,0.15924049158366824,1.8727436203280325,0.10847624040005659
mid,137492,37705,65495,31742,200,476,1871,14519,0.27423413725889506,0.4763549879265703,0.23086434119803334,0.0014546300875687313,0.0034620196084135806,0.013608064469205481,1.6361333814350518,0.10559887120705205
mid,290529,59624,181277,38943,550,1023,9110,28504,0.20522564012542638,0.6239549236048725,0.13404169635389238,0.0018930984514454667,0.003521163119688568,0.03135659435030582,1.4845437894517644,0.09811068774545742
mid,87151,4252,56886,1207,0,2539,22264,7911,0.04878888366169063,0.652729171208592,0.013849525536138427,0.0,0.02913334327775929,0.2554646533028881,1.3513877129435765,0.09077348510057257
mid,142007,35702,41942,38967,165,58,25170,12572,0.2514101417535755,0.2953516375953298,0.2744019661002627,0.0011619145535079257,0.0004084305703239981,0.17724478370784538,1.9907458105536713,0.08853084707091904
mid,137603,20733,89843,11196,2265,590,12972,16160,0.15067258708022355,0.652914544014302,0.08136450513433574,0.016460396939020225,0.004287697215903723,0.09427120048254761,1.5599094578473014,0.11743930001526129
mid,103357,10505,60134,25790,1554,541,4829,9827,0.10163801193920102,0.5818086825275501,0.24952349623150827,0.0150352661164701,0.005234285050843194,0.046721557320742665,1.6268100217650199,0.09507822401966001
mid,85208,12651,57877,12100,0,0,2577,9460,0.14847197446249177,0.6792437329828185,0.1420054454980753,0.0,0.0,0.030243639094920664,1.3401042418802749,0.11102243920758614
mid,193894,79678,85229,12658,538,9503,6285,24352,0.41093587217758154,0.439564916913365,0.06528309282391409,0.002774711956017205,0.04901131546102509,0.032414618296595046,1.7026892011892758,0.12559439693853341
mid,231295,122800,84839,3351,15144,3640,1518,26556,0.530923712142502,0.36679997405910203,0.014487991525973324,0.06547482652024471,0.015737478112367323,0.006563047190816922,1.503561282666277,0.11481441449231501
mid,170051,55357,104906,6441,1,2298,1045,15573,0.3255317522390342,0.6169090449335788,0.037876872232447914,5.880588764547107e-06,0.01351359298092925,0.006145215258951726,1.2650175754810415,0.09157840883029209
mid,120512,26481,55607,23107,0,671,14643,15650,0.21973745353159851,0.4614229288369623,0.19174024163568773,0.0,0.005567910249601699,0.12150657195963888,1.863310406072113,0.1298625862984599
mid,140219,57525,48901,26009,2563,23,5194,15956,0.41025110719659963,0.34874731669745185,0.18548841455152298,0.018278549982527332,0.00016402912586739314,0.03704205564153217,1.791921600696348,0.11379342314522282
mid,160265,15521,66088,68402,3289,0,6962,19173,0.09684584906249025,0.41236701712788193,0.42680560321966743,0.02052226000686363,0.0,0.043440551586434964,1.6890856964004444,0.11963310766542913
mid,112600,32216,45156,20364,0,4559,10303,13608,0.2861101243339254,0.4010301953818828,0.1808525754884547,0.0,0.04048845470692718,0.09150088809946715,1.9943579934643902,0.12085257548845471
mid,148985,35023,75189,28401,561,755,9053,19099,0.23507735678088398,0.5046749672785851,0.1906299291875021,0.0037654797462831828,0.005067624257475585,0.06076450649394234,1.7592401391335286,0.1281941135013592
mid,189907,54998,82135,7732,5055,161,39823,18740,0.2896049118779192,0.43250117162611174,0.04071466559947764,0.026618292111401896,0.0008477833887113166,0.2096973781903774,1.8492723008687313,0.09867988015186381
mid,138445,18571,81278,15767,15420,0,7406,13961,0.13413991115605475,0.5870779009715049,0.11388638087327098,0.11137997038535158,0.0,0.05349416735887898,1.7754799236611087,0.10084148940012279
mid,73258,1416,27250,32200,2,974,11413,8911,0.019328947009200362,0.3719730268366595,0.43954243905102514,2.7300772611864917e-05,0.013295476261978214,0.15579185890960714,1.6631765830843115,0.12163859237216414
mid,118844,14734,47914,16010,48,2969,37166,14351,0.12397765137491165,0.4031671771397799,0.13471441553633334,0.00040389081484971896,0.024982329776850325,0.312729292181347,1.9533541807551835,0.12075493924808993
mid,99343,8737,41866,11061,35527,1242,907,11299,0.08794781715873287,0.42142878713145365,0.11134151374530667,0.35761956051256755,0.012502139053582034,0.009129983994846139,1.857853728182181,0.1137372537571847
mid,93562,21230,67359,3785,0,0,1186,12004,0.226908360231718,0.7199397191167354,0.04045445800645561,0.0,0.0,0.012676086445351745,1.093918342439539,0.1282999508347406
mid,142355,5112,77882,55445,56,1372,2484,17879,0.035910224438902745,0.5470970461171016,0.38948403638790347,0.00039338274033226794,0.009637877138140565,0.01744933441045274,1.3491474783053197,0.12559446454286818
mid,63836,20644,32170,5450,84,12,5473,6532,0.3233911899241807,0.5039476157653988,0.08537502349771289,0.0013158719217996116,0.0001879817031142302,0.08573532176201516,1.646767604579559,0.10232470706184597
mid,164976,28593,30440,95188,3027,5,7720,18951,0.17331611870817573,0.18451168654834643,0.5769808941906701,0.018348123363398312,3.0307438657744158e-05,0.04679468528755698,1.6588993113565713,0.1148712540005819
mid,49948,3038,39012,7265,20,103,507,6439,0.06082325618643389,0.7810522943861616,0.1454512693200929,0.000400416433090414,0.002062144630415632,0.010150556578841995,1.0188253698223124,0.1289140706334588
mid,91840,33191,38752,6609,2630,0,10656,8411,0.3614002613240418,0.4219512195121951,0.07196210801393728,0.028636759581881534,0.0,0.11602787456445993,1.836477774661059,0.09158318815331011
mid,155413,55232,71570,8408,5,2528,17666,14764,0.3553885453597833,0.4605148861420859,0.05410100828116052,3.217234079517157e-05,0.01626633550603875,0.1136713144975002,1.7269931037498085,0.09499848789998262
mid,70377,4124,29626,22308,10401,941,2975,7418,0.05859868991289768,0.42096139363712576,0.31697855833581995,0.14778976085937168,0.013370845588757691,0.04227233329070577,1.9745380926579252,0.10540375406737996
mid,117812,10727,79538,3311,27,2,24205,12133,0.09105184531287136,0.6751264726852952,0.028104098054527554,0.00022917869147455269,1.6976199368485383e-05,0.20545445285709435,1.31436077439697,0.10298611346891658
mid,51312,6986,25618,13026,4797,1,880,5035,0.1361474898659183,0.499259432491425,0.25385874649204865,0.0934869036482694,1.948861864671032e-05,0.017149984409105083,1.8146391924699903,0.09812519488618647
mid,86807,23424,29635,26225,0,46,7475,9476,0.2698399898625687,0.3413895192783992,0.3021069729399703,0.0,0.0005299111822779269,0.08611056712016311,1.871373645054117,0.10916170354925293
mid,86378,9641,64703,3533,25,3774,4699,9185,0.11161406839704555,0.7490680497348862,0.04090161846766538,0.0002894255481719882,0.04369168075204335,0.05440042603440691,1.2831720879638515,0.10633494639838847
mid,76527,8647,51447,2858,7134,349,6087,7095,0.1129927999268232,0.6722725312634756,0.037346296078508236,0.0932220000784037,0.004560481921413357,0.07954055431416363,1.562779840561477,0.09271237602414834
mid,84674,10307,47632,21815,1124,647,3147,10953,0.12172567730354064,0.5625339537520372,0.25763516545810994,0.013274440796466449,0.007641070458464227,0.037166072229964334,1.6538583959617639,0.12935493776129628
mid,287599,66470,125341,45850,2694,751,46491,35729,0.2311204141878101,0.4358186224569626,0.1594233637808198,0.00936720920448263,0.002611274726268172,0.16165216151655604,1.943458240492151,0.12423200358832959
mid,136890,27435,59893,33889,277,0,15394,13273,0.20041639272408504,0.4375264811162247,0.24756373730732706,0.0020235225363430492,0.0,0.11245525604499963,1.85778396530999,0.0969610636277303
mid,98687,16178,61620,5914,14510,43,419,12961,0.16393243284323164,0.6243983503399637,0.05992683940133959,0.14703051060423358,0.00043572101695258747,0.00424574665356126,1.5402468765859745,0.13133442094703457
mid,163110,17345,78777,47036,2,1009,18937,14475,0.10633928024032861,0.4829685488320765,0.288369811783459,1.2261663907792288e-05,0.006186009441481209,0.11609956471093127,1.7745323279334184,0.08874379253264668
mid,104870,14701,80309,3652,17,0,6189,9720,0.14018308381806047,0.7657957471154763,0.03482406789358253,0.00016210546390769525,0.0,0.05901592447792505,1.1038406284195366,0.09268618289310575
mid,131070,35257,52220,14977,847,13019,14749,15025,0.26899366750591286,0.39841306172274354,0.11426718547341115,0.006462195773250934,0.09932860303654535,0.11252765697718776,2.128709085824525,0.11463340199893186
mid,95374,13269,66281,8474,0,3905,3442,9127,0.13912596724474174,0.6949587938012456,0.0888502107492608,0.0,0.04094407280810284,0.03608950028309602,1.4327608108679355,0.09569694046595509
mid,148975,8830,80198,13345,307,37666,8626,15083,0.05927168988085249,0.5383319348884041,0.08957878838731331,0.0020607484477261286,0.252834368182581,0.05790233260614197,1.7923175980683501,0.10124517536499412
mid,160150,5377,61553,4983,6758,14546,66930,18092,0.033574773649703404,0.38434592569466125,0.0311145800811739,0.042197939431782704,0.09082734935997502,0.41792069934436465,1.8834497752422799,0.11296909147674056
mid,100163,21672,51262,18606,873,230,7517,8899,0.21636732126633587,0.5117857891636632,0.1857572157383465,0.008715793256991105,0.0022962571009254914,0.07504767229416053,1.783679000540562,0.08884518235276499
mid,112805,16777,79157,8354,2,7263,1249,14775,0.1487256770533221,0.7017153494969195,0.07405700101945836,1.772971056247507e-05,0.06438544390762821,0.01107220424626568,1.372590187405924,0.13097823678028456
mid,85217,21209,53927,5140,5,553,4380,10547,0.2488822652757079,0.6328197425396341,0.060316603494607886,5.867373880798432e-05,0.006489315512163066,0.05139819519579426,1.4295611663106091,0.12376638464156213
mid,131567,17248,101015,2353,5560,3564,1823,15501,0.13109670358068512,0.7677837147613004,0.017884423905690637,0.042259837193217145,0.027088859668457897,0.013856058130078211,1.2002708289774124,0.11781829790144945
mid,149897,6502,87533,32572,2928,1028,19331,15990,0.043376451830256776,0.5839543152965035,0.2172958765018646,0.019533412943554575,0.006858042522532139,0.12896188716251827,1.6693820675088469,0.10667324896428881
mid,158286,35926,83245,24506,7,41,14558,15202,0.22696890438825923,0.5259151156766865,0.15482102017866395,4.4223746888543525e-05,0.00025902480320432635,0.09197275817191666,1.7101895843235324,0.09604134288566266
mid,98195,2161,83265,10621,2,103,2041,11878,0.022007230510718467,0.8479555985538979,0.10816233005753857,2.036763582667142e-05,0.0010489332450735781,0.02078517236111818,0.7968472232742059,0.12096338917460156
mid,129933,9607,85680,20197,11289,555,2601,16672,0.07393810656261304,0.6594167763385745,0.15544165069689764,0.0868832398236014,0.0042714321996721386,0.020018009281706727,1.544226384377821,0.12831228402330433
mid,108746,4206,60920,23718,35,2111,17752,9667,0.03867728468173542,0.5602045132694536,0.2181045739613411,0.00032185091865447925,0.01941220826513159,0.16324278594155187,1.6699545307807742,0.08889522373236716
mid,80803,31460,31650,17244,207,0,240,7947,0.38934197987698477,0.3916933777211242,0.2134079180228457,0.002561786072299296,0.0,0.0029701867504919374,1.5820296003783614,0.09835030877566427
mid,120732,42574,70362,5497,331,963,1003,13616,0.3526322764470066,0.5827949508001192,0.04553059669350296,0.002741609515290064,0.007976344299771395,0.008307656627903124,1.323514291767068,0.11277871649604082
mid,73305,21873,34338,6557,140,3941,6454,8321,0.29838346633926743,0.46842643748721097,0.08944819589386808,0.0019098287974899392,0.05376168064934179,0.0880431075642862,1.8972723412343113,0.11351203874224132
mid,140643,65565,43819,24823,361,1476,4596,13864,0.4661803289178985,0.31156189785485233,0.17649651955660786,0.0025667825629430542,0.010494656683944455,0.03267848382073761,1.7314714025724924,0.0985758267386219
mid,292807,39607,104628,30051,91349,55,27115,29812,0.13526657491111893,0.35732752290758074,0.10263074311748012,0.31197683115499286,0.0001878370394150413,0.09260366043161536,2.1024878602802657,0.1018145058007493
mid,113709,7771,47171,57593,327,1,843,14931,0.0683411163584237,0.414839634505624,0.5064946486206017,0.002875761813049099,8.794378633177674e-06,0.007413661187768778,1.365087021359691,0.13130886737197583
mid,235454,40260,102951,39875,1,47501,4862,24908,0.17098881310149752,0.4372446422655805,0.16935367417839578,4.247114085978578e-06,0.20174216619806842,0.020649468686027843,1.9729680754447538,0.1057871176535544
mid,49126,5851,34481,8299,37,40,415,5971,0.11910190123356268,0.7018890200708382,0.16893294792981314,0.0007531653299678378,0.0008142327891544192,0.0084476651874771,1.2317996391938382,0.12154459960102593
mid,137380,28416,85921,10954,2209,2590,7287,13274,0.2068423351288397,0.6254258261755714,0.07973504149075557,0.01607948755277333,0.018852817003930704,0.053042655408356384,1.613175444685521,0.09662250691512593
mid,86791,12214,52661,6114,770,408,14620,8959,0.14072887741816548,0.6067564609233677,0.07044509223306564,0.00887188763811916,0.0047009482550033985,0.16845064580428845,1.6347767104065734,0.1032249887661163
mid,108032,18882,54189,17897,704,0,16358,12663,0.1747815462085308,0.5016013773696683,0.16566387736966826,0.006516587677725118,0.0,0.15141809834123224,1.8284725021576271,0.11721526954976304
mid,95261,35117,23640,8452,1225,2009,24814,11530,0.36863984211797063,0.2481603174436548,0.08872466171885661,0.012859407312541335,0.021089427992567786,0.2604843535129801,2.0434642983224487,0.12103589086824619
mid,205000,44866,88122,31724,563,152,39568,25763,0.21885853658536586,0.42986341463414635,0.15475121951219512,0.002746341463414634,0.0007414634146341464,0.19301463414634146,1.909045918734858,0.1256731707317073
mid,119275,26785,63786,21779,5,6,6911,14095,0.2245650806958709,0.5347809683504506,0.18259484384824984,4.1919932928107315e-05,5.030391951372878e-05,0.05794173129322993,1.6541699008911868,0.11817229092433452
mid,93922,33500,34945,7821,0,153,17499,10344,0.35667894635974534,0.3720640531504866,0.08327122505909158,0.0,0.0016290113072549562,0.18631417559251293,1.82655539312779,0.11013394092970763
mid,79400,9083,47053,14590,231,194,8247,7544,0.11439546599496221,0.5926070528967254,0.18375314861460956,0.0029093198992443327,0.002443324937027708,0.10386649874055416,1.6393343888061063,0.0950125944584383
mid,165788,53754,91365,17163,2895,40,568,14902,0.3242333582647719,0.5510953748160301,0.10352377735421141,0.0174620599802157,0.00024127198590971602,0.0034260621999179677,1.472235784568434,0.08988587835066471
mid,149242,8074,114688,22390,102,9,3976,17412,0.05410005226410796,0.768470001742137,0.15002479194864715,0.0006834537194623497,6.030473995256027e-05,0.02664129400570885,1.0775848450396084,0.11666957022821994
mid,95435,15925,41261,12954,0,2967,22326,10227,0.1668675014407712,0.43234662335621105,0.13573636506522765,0.0,0.031089223031382618,0.23393933043432702,1.9911220841804123,0.10716194268350186
mid,225767,49467,116060,47700,2615,1814,8107,29769,0.21910642387948637,0.5140698153405945,0.21127977073708734,0.011582737955502798,0.00803483237142718,0.03590870233470791,1.7500110195376792,0.1318571801901961
mid,147685,37404,74168,24416,910,1926,8857,13054,0.2532687815282527,0.5022040153028405,0.16532484680231574,0.006161763212242272,0.013041270271185294,0.059972238209703085,1.8004466414113165,0.08839083183803366
mid,85035,15644,55515,4569,54,1922,7328,11133,0.1839713059328512,0.6528488269536074,0.05373081672252602,0.00063503263362145,0.022602457811489386,0.08617628035514788,1.5126903053496017,0.13092256129828894
mid,114073,32621,60556,8883,0,1127,10884,14435,0.28596600422536445,0.5308530502397587,0.07787118774819633,0.0,0.00987963847711553,0.09541258667695247,1.6774850640723546,0.1265417758803573
mid,127216,32997,80072,10056,25,11,4051,14743,0.25937775122626083,0.6294176833102755,0.07904666079738398,0.00019651616148912086,8.646711105521319e-05,0.03184347880769715,1.376711965589917,0.11588951075336436
mid,92132,6509,85005,244,13,1,357,9407,0.07064863456779404,0.9226435983154604,0.0026483740719836757,0.00014110189727781878,1.0853992098293753e-05,0.0038748751790908696,0.43297258407369865,0.10210350366864933
mid,123907,22453,63074,27832,320,0,10225,15304,0.1812084870104191,0.509043072627051,0.22462007796169708,0.0025825820978637205,0.0,0.08252156859580169,1.7455626824898345,0.12351198883033243
mid,174922,10605,127060,31243,0,5,6006,16367,0.060627022329952776,0.7263809012016784,0.17861103806267936,0.0,2.8584168943872126e-05,0.0343353037353792,1.1914890327363865,0.09356741862087102
mid,105726,11839,55169,32830,13,12,5860,13915,0.1119781321529236,0.5218110966082137,0.3105196451204056,0.00012295934774795225,0.00011350093638272516,0.055426290600230785,1.6016909761178642,0.13161379414713506
mid,57393,15597,34828,4339,1,4,2621,6852,0.27175787988082173,0.606833585977384,0.0756015541965048,1.7423727632289652e-05,6.969491052915861e-05,0.045667590124231175,1.43432889334276,0.1193873817364487
mid,102210,14524,65672,4216,3783,0,14012,11422,0.1420995988650817,0.6425203013403776,0.04124841013599452,0.037012034047549165,0.0,0.1370903042755112,1.5688191172579948,0.11175031797280109
mid,108195,1626,72942,9645,536,0,23444,10554,0.015028420906696243,0.6741716345487314,0.08914460002772771,0.004954018207865428,0.0,0.2166828411664125,1.3014125428289385,0.09754609732427562
mid,121795,6746,96592,1872,404,5876,10303,12860,0.05538815222299766,0.7930703230838705,0.015370089084116753,0.0033170491399482738,0.04824500184736648,0.08459296358635413,1.1288053666291746,0.10558725727657128
mid,119175,25288,76205,6889,377,6834,3578,12368,0.21219215439479758,0.639437801552339,0.057805747849800714,0.0031634151457940003,0.057344241661422275,0.03002307530941892,1.539450681560857,0.10378015523389973
mid,190632,21545,135555,17658,170,171,15529,23082,0.11301880062109194,0.7110820848545889,0.09262872969910613,0.0008917705317050652,0.000897016240715095,0.0814606152167527,1.3360328433625885,0.12108145536950775
mid,104706,6072,69061,18794,0,4732,6045,12488,0.05799094607758868,0.6595706072240368,0.17949305674937444,0.0,0.045193207648081296,0.05773308119878517,1.5184714111091488,0.11926728172215537
mid,195727,55378,90354,13157,0,1412,35424,18378,0.28293490422884937,0.461632784439551,0.0672211805218493,0.0,0.007214129884992873,0.18098678261047274,1.7896308368093061,0.09389608996203896
mid,70547,12086,48685,5670,147,2978,978,9236,0.1713184118389159,0.6901073043502913,0.08037195061448396,0.002083717238153288,0.04221299275660198,0.013863098359958609,1.3945373183757601,0.1309198123236991
mid,203150,50983,29969,60124,512,39,61522,25034,0.25096234309623433,0.1475215358109771,0.2959586512429239,0.00252030519320699,0.0001919763721388137,0.30284026581343837,1.9737341425385648,0.12322914102879645
mid,171981,33479,95054,17695,3094,2225,20432,20292,0.19466685273373222,0.5527005890185543,0.10288927265221158,0.017990359400166297,0.012937475651380094,0.11880382135235869,1.8205090217056117,0.11798977794058646
mid,183338,15356,53593,90305,0,0,24082,18325,0.08375786798154229,0.29231801372328703,0.4925601893769977,0.0,0.0,0.1313530201049428,1.7062186024703263,0.09995200122178709
mid,96676,3198,72751,3429,677,7879,8739,9449,0.033079564731681076,0.7525238942446936,0.03546898920104266,0.007002772146137614,0.08149902768008606,0.09039472050974388,1.3005926547092026,0.09773883900864744
mid,118366,45274,63683,7990,315,1085,16,12614,0.38249159386986126,0.5380176739942213,0.06750249226973962,0.002661237179595492,0.009166483618606695,0.00013517395197945356,1.360524106920996,0.1065677643918017
mid,90487,14560,47185,11563,613,193,16371,9787,0.16090709162642147,0.5214561207687292,0.12778631184590053,0.006774453788942058,0.002132903068949131,0.18092101627858145,1.807237858156684,0.10815918308707329
mid,97437,45920,31921,18909,169,12,504,10483,0.4712788776337531,0.32760655603107647,0.1940638566458327,0.00173445405749356,0.00012315650112380307,0.005172573047199729,1.5547657133935846,0.10758746677340231
mid,133163,36498,60152,3584,0,1,32927,12059,0.27408514377116766,0.4517170685550791,0.026914383124441475,0.0,7.509593505703536e-06,0.24726838536230034,1.6686530911583959,0.09055818808527895
mid,112058,37587,55544,17052,307,14,1551,12723,0.3354245123061272,0.49567188420282354,0.15217119705866605,0.0027396526798622142,0.0001249353013617948,0.013841046600867407,1.5542366739516404,0.11353941708757964
mid,88322,22416,48713,10894,6067,220,9,8855,0.2537986005751681,0.5515386879826091,0.12334412717103327,0.06869183215959783,0.002490885623061072,0.00010189986639795294,1.6362592509970693,0.10025814632820815
mid,152139,22631,75163,7922,0,0,46421,17775,0.1487521279882213,0.49404163298036663,0.05207080367295697,0.0,0.0,0.3051222894852733,1.656040554991998,0.11683394790290458
mid,248161,6556,182777,45861,2,2488,10473,29375,0.026418333259456563,0.7365258844056882,0.18480341391274213,8.059284093793948e-06,0.010025749412679672,0.04220244115715201,1.1730394303023077,0.11837073512759862
mid,85845,8838,54219,15601,128,203,6852,8158,0.1029529966800629,0.6315918224707321,0.18173452152134661,0.0014910594676451744,0.002364727124468519,0.07981827712738074,1.5292074481593536,0.09503174325819791
mid,104292,7288,60485,36422,15,0,79,13637,0.06988071951827561,0.5799581943006175,0.3492310052544778,0.00014382694741686802,0.0,0.0007574885897288383,1.2638368117476877,0.1307578721282553
mid,53362,7804,35415,4543,599,106,4892,4898,0.14624639256399685,0.6636745249428432,0.08513548967430007,0.011225216446160188,0.0019864322926427046,0.09167572429818972,1.5073014020887014,0.09178816386192422
mid,108123,17701,83717,1219,6,3515,1963,11480,0.16371169871350222,0.7742755935369903,0.011274196979366092,5.5492355927970924e-05,0.032509271847802966,0.018155249114434488,1.0526158214132286,0.10617537434218437
mid,115754,5338,60869,36884,3,3124,9533,11927,0.04611503706135425,0.5258479188624151,0.3186412564576602,2.5917030944934948e-05,0.026988268223992258,0.08235568533268829,1.6557421772972771,0.10303747602674637
mid,125755,30470,42833,47475,0,1577,3398,12177,0.24229652896505108,0.3406067353186752,0.37751978052562524,0.0,0.01254025684863425,0.02702079440181305,1.7753259225181492,0.09683113991491392
mid,98973,10276,50694,27264,12,529,10194,12392,0.10382629606054176,0.5122002970507108,0.2754690673213907,0.00012124518808159801,0.005344892041263779,0.10299778727531751,1.7257286364085216,0.12520586422559687
mid,85261,10849,46961,3832,15048,8,8560,10394,0.12724457841216968,0.550791100268587,0.04494434735693928,0.17649335569603922,9.382953519194004e-05,0.10039760265537584,1.8293740896857118,0.1219080235981281
mid,143460,14359,112271,7248,7,1130,8443,18097,0.10009061759375436,0.7825944514150286,0.050522793810121286,4.8794088944653564e-05,0.007876760072494075,0.058852641851387145,1.1229947138260683,0.12614666109019937
mid,212756,26458,123812,30538,24387,14,7545,24730,0.12435841997405478,0.5819436349621162,0.1435353174528568,0.11462426441557465,6.580307958412453e-05,0.03546315967587283,1.7604603846029452,0.1162364398653857
mid,100602,20427,51946,11052,128,7053,9993,9760,0.20304765312816841,0.516351563587205,0.10985865092145286,0.0012723405101290233,0.07010795014015626,0.09933202123218227,1.9214373362090291,0.09701596389733802
mid,245592,3795,184913,3741,564,5,52571,30877,0.015452457734779634,0.7529276197921756,0.015232580865826248,0.0022964917424020325,2.035896934753575e-05,0.2140582755138604,0.9896766207323167,0.12572477930877227
mid,119063,16980,38384,30898,22471,8482,1845,15696,0.14261357432619706,0.3223839479939192,0.25950967135046155,0.1887320158235556,0.07123959584421692,0.015495997917069114,2.250940543796771,0.13182936764570016
mid,68366,11432,39951,5031,10671,49,1228,6512,0.16721762279495656,0.5843694233975953,0.07358921101132142,0.15608635871632098,0.0007167305385718047,0.01796214492584033,1.691279780050511,0.095252025860808
mid,173576,46218,56926,3998,97,34,66300,20467,0.26626953034981793,0.3279600866479237,0.023033138221873993,0.0005588330183896391,0.00019587961469327557,0.38196524865188736,1.6999213980069947,0.11791376688021385
mid,78698,7188,54065,16109,5,786,542,9531,0.0913365015629368,0.686993316221505,0.20469389311037128,6.353401611222648e-05,0.009987547332842003,0.006887087346565351,1.2726075767315297,0.12110854151312613
mid,269045,16437,206567,30704,857,50,14427,23745,0.06109386905536249,0.7677786243936888,0.11412217287070936,0.003185340742255013,0.00018584251705105093,0.05362299986991024,1.151510069790111,0.08825661134754409
mid,117163,23597,32634,23770,0,20875,16284,10413,0.20140317335677646,0.2785350323907718,0.20287974872613368,0.0,0.1781705828631906,0.1389858573099016,2.2852369202219056,0.08887618104691754
mid,200225,62931,112755,15205,206,4896,4229,23810,0.3143014109127232,0.5631414658509177,0.07593956798601573,0.001028842552128855,0.024452490947683855,0.021121238606567613,1.5324269768142031,0.11891621925333999
mid,116892,24896,31929,13159,14394,30711,1801,11015,0.21298292440885605,0.27314957396571193,0.11257399993156075,0.12313930807925265,0.26272969920952677,0.015407384594326386,2.3128057799705015,0.09423228279095233
mid,101760,18573,51569,17674,7490,124,6325,9991,0.18251768867924528,0.5067708333333333,0.17368317610062894,0.07360455974842767,0.0012185534591194968,0.062156053459119495,1.9214145272461438,0.09818199685534591
mid,196416,30342,132950,30215,2139,625,142,21546,0.15447825024437928,0.6768796839361355,0.1538316634082763,0.010890151515151516,0.0031820218312153797,0.0007229553600521342,1.3177356934872488,0.10969574780058651
mid,157765,57559,20230,27515,48898,871,2690,14231,0.36484011029062213,0.12822869457737773,0.17440496941653724,0.30994200234526037,0.00552086964789402,0.017050676639305297,2.01544694086899,0.09020378410927646
mid,90466,18293,35273,7572,1597,2729,24998,11379,0.20220856454358543,0.38990338911856387,0.0836999535737183,0.017653040921451153,0.030166029226449717,0.2763248071098534,2.063561091339052,0.1257820617690624
mid,136210,21886,88231,16691,2080,3751,3567,15848,0.1606783642904339,0.6477571397107408,0.1225387269657147,0.015270538139637324,0.027538359885470962,0.026187504588503045,1.5732239918532342,0.1163497540562367
mid,95059,8686,75859,761,38,6323,3390,11539,0.09137483036850798,0.7980201769427409,0.008005554445134075,0.0003997517331341588,0.06651658443703384,0.035662062508547324,1.0670635637736876,0.12138776970092259
mid,101156,40248,21760,11969,0,0,27176,12642,0.3978805014037724,0.2151132903633991,0.118322195420934,0.0,0.0,0.268654355648701,1.8796437484294424,0.12497528569733876
mid,88075,15214,46177,9594,3,2,17083,11143,0.17273914277604316,0.5242917967641215,0.108929889298893,3.4061879080329267e-05,2.2707919386886177e-05,0.19395969344308828,1.734227062963366,0.12651717286403633
mid,77230,9840,24341,31964,1435,101,9545,9636,0.12741162760585265,0.31517544995468083,0.4138806163408002,0.018580862359186844,0.0013077819500194226,0.12359186844490483,1.9226475393616769,0.12477016703353619
mid,82235,19466,28370,33483,0,36,877,8416,0.23671186234571653,0.34498692770718065,0.4071624004377698,0.0,0.0004377698060436554,0.010664558886119049,1.6243265243325258,0.10234085243509454
mid,217494,52508,147038,5961,95,1755,10134,22874,0.2414227518920062,0.6760554314141999,0.027407652624899997,0.00043679365867564163,0.00806918811553422,0.04659438881072581,1.2861605625162211,0.10517071735312239
mid,211315,8091,59024,59587,6401,1726,76482,19220,0.03828881054350141,0.27931760641696046,0.28198187539928543,0.03029127132479947,0.00816790100087547,0.36193360622766957,1.949301339593247,0.09095426259375813
mid,90812,8140,45085,23763,71,0,13750,9185,0.08963573096066599,0.49646522486015066,0.26167246619389506,0.0007818349997797648,0.0,0.1514117077038277,1.7400091833700289,0.1011430207461569
mid,75657,23971,31156,2451,9830,0,8247,7250,0.3168378339082967,0.4118059135308035,0.03239620920734367,0.1299284930673963,0.0,0.10900511519092748,1.943853448385049,0.09582722021756084
mid,132898,10989,97938,10710,5290,104,7865,15939,0.08268747460458396,0.7369411127330735,0.08058812021249379,0.03980496320486388,0.0007825550422128249,0.05918072506734488,1.3492797302746056,0.119934084786829
mid,101245,20024,60391,15361,3504,0,1963,10828,0.1977776680329893,0.5964837769766408,0.15172107264556275,0.03460911649958023,0.0,0.01938861178329794,1.5980607056309877,0.10694849128352017
mid,105723,3744,63794,29935,7614,0,633,11717,0.03541329701200306,0.6034070164486441,0.2831455785401474,0.07201838767344854,0.0,0.005987344286484493,1.443426288274848,0.11082735071838673
mid,185827,65420,93906,11216,0,452,14831,16524,0.3520478724835465,0.5053409891996319,0.060357213967830295,0.0,0.002432369892426827,0.07981079175792538,1.5845133669488929,0.08892141615588693
mid,86714,30544,48214,4297,11,10,3636,8680,0.352238392877736,0.5560117166778145,0.04955370528403718,0.00012685379523491016,0.0001153216320317365,0.041930945406739396,1.410917617993112,0.1000991766035473
mid,86372,9554,39915,27376,5686,1981,1858,9508,0.110614551011902,0.462128930671977,0.3169545686101978,0.06583151947390357,0.022935673597925255,0.021511600981799658,1.8938516086585524,0.11008197100912333
mid,132908,9374,119203,3709,3,280,337,12951,0.07052999067023806,0.8968835585517801,0.027906521804556536,2.2572004694976975e-05,0.002106720438197851,0.0025355885274024135,0.5956710658171297,0.0974433442682156
mid,153219,24408,90018,33088,43,1274,4385,17618,0.15930139212499755,0.5875119926379888,0.21595232967190753,0.00028064404545128215,0.008314895672207756,0.02861916603032261,1.5579912593909482,0.11498573936652765
mid,95043,6728,48682,893,1249,176,37311,10166,0.0707890112896268,0.5122102627231885,0.009395747188114853,0.013141420199278222,0.0018517933987773955,0.3925696789874057,1.4565947677608628,0.10696211188619888
mid,75770,2933,53145,13878,221,0,5590,7307,0.03870925168272403,0.7013989705688267,0.18315956183185958,0.0029167216576481457,0.0,0.07377590075227662,1.2910313693074595,0.09643658440015837
mid,110963,6342,38824,37097,0,26860,1838,11820,0.05715418653064535,0.34988239323017584,0.33431864675612594,0.0,0.2420626695384948,0.016564079918531403,1.8879230111868615,0.10652199381775908
mid,46020,9795,24129,10139,18,136,1801,5086,0.21284224250325945,0.5243155149934811,0.22031725336810082,0.0003911342894393742,0.0029552368535419385,0.03913515862668405,1.6565302280325944,0.11051716644936983
mid,118419,5034,79895,9350,23586,0,552,14328,0.04251007017454969,0.6746805833523337,0.07895692414224069,0.19917411901806298,0.0,0.004661414131178274,1.3656724713057848,0.12099409723101867
mid,119992,38129,74085,7256,220,0,299,10974,0.3177628508567238,0.6174161610774052,0.06047069804653644,0.001833455563704247,0.0,0.0024918327888525903,1.2380812746903944,0.0914560970731382
mid,83997,11916,45273,11972,0,2271,12563,9092,0.14186220936462016,0.5389835351262545,0.142528899841661,0.0,0.027036679881424337,0.14956486541185995,1.8317078630862207,0.10824196102241747
mid,100536,17513,33550,31585,5,799,17080,11289,0.17419630779024428,0.33371130739237687,0.3141660698655208,4.973342882151667e-05,0.007947401925678364,0.16988939285430094,1.9829538203610628,0.11228813559322035
mid,120716,9544,95339,4408,511,699,10212,13793,0.07906159912521953,0.7897793167434308,0.03651545776864707,0.004233075979986083,0.005790450313131648,0.0845952483515027,1.1105575627838353,0.11425991583551476
mid,89310,25520,38036,16499,8,550,8693,11444,0.28574627701265254,0.42588735863845034,0.18473855111409695,8.957563542716382e-05,0.006158324935617512,0.09733512484604187,1.8645251601116608,0.12813794647855783
mid,120383,7737,106607,3529,1257,35,1216,12378,0.06426987199189255,0.885565237616607,0.029314770357940906,0.010441673658240782,0.0002907387255675635,0.010101094008290207,0.6981346440532223,0.10282182700215146
mid,145326,10483,78896,16881,380,168,38516,18269,0.07213437375280404,0.5428897788420517,0.11615953098550845,0.0026148108390790363,0.0011560216341191527,0.2650317217841267,1.6542698635955935,0.1257104716293024
mid,136966,19507,97981,5137,1595,932,11812,12603,0.1424222069710731,0.7153673174364441,0.03750565833856578,0.01164522582246689,0.006804608442971248,0.08624038082443818,1.3525086990987476,0.09201553670253931
mid,114394,17814,78334,8039,2216,668,7321,12809,0.1557249506092977,0.6847736769410984,0.0702746647551445,0.0193716453660157,0.00583946710491809,0.06399811178907985,1.4684599580352127,0.11197265590852667
mid,139183,33001,56011,12833,0,9117,28217,17521,0.23710510622705358,0.40242702054130175,0.09220235229877212,0.0,0.06550368938735333,0.2027330924035263,2.0622223178532337,0.12588462671446943
mid,174691,9896,110171,14851,2,34519,5248,20335,0.05664859666496843,0.6306621405796521,0.08501296575095454,1.1448786714827895e-05,0.19760033430457208,0.0300416163397084,1.5707376360500698,0.11640553892301263
mid,71425,2466,14027,17860,2197,1405,33467,9117,0.03452572628631432,0.19638781939096955,0.25005250262513123,0.030759537976898847,0.01967098354917746,0.46856142807140355,1.9073064129929365,0.12764438221911095
mid,46758,9327,34030,273,268,41,2817,4505,0.1994738868215065,0.7277898969160358,0.0058385730784036955,0.005731639505539159,0.0008768552974891997,0.06024637495187989,1.1366333798434636,0.09634714915094743
mid,158047,20807,75677,52167,0,39,9354,14340,0.13165071149721286,0.4788259188722342,0.3300726998930698,0.0,0.00024676203914025574,0.05918492600302442,1.6660082713829703,0.09073250362234019
mid,100911,8354,55716,8957,1,465,27415,10999,0.08278582116914905,0.5521300948360437,0.08876138379363994,9.909722428674773e-06,0.00460802092933377,0.27167504038211887,1.627520233444727,0.10899703699299383
mid,58087,18035,36425,843,163,29,2588,5853,0.3104825520340179,0.6270766264396509,0.014512713688088557,0.002806135624149982,0.0004992511233150275,0.044553858866872104,1.2639730517210133,0.10076264912975365
mid,127066,6059,55443,26224,175,101,39061,11516,0.047683880817842694,0.43633229974973636,0.2063809358915839,0.001377237026427211,0.0007948625123951333,0.3074071742244188,1.7456842445057683,0.09063006626477578
mid,90937,4517,62125,16503,923,73,6792,9151,0.04967175077251284,0.6831652682626433,0.18147728647305278,0.010149883985616415,0.0008027535546587198,0.0746890704553702,1.3925327170694008,0.10063010655728691
mid,193151,13590,108251,24231,0,0,47077,19126,0.07035945969733524,0.5604475255111286,0.12545107195924432,0.0,0.0,0.24373158823925323,1.6096769394884902,0.0990209732281997
mid,244914,41680,179278,9198,0,565,14190,29280,0.1701821864001241,0.7320038870787297,0.037556040079374804,0.0,0.002306932229272316,0.057938705014821526,1.2003658206328442,0.1195521693329087
mid,148182,4688,81573,22548,386,3015,35969,19213,0.031636770997826996,0.550491962586549,0.15216423047333685,0.0026049047792579398,0.020346600801716807,0.2427352849873804,1.677521702083464,0.12965812311886735
mid,101753,18659,58946,7089,5241,0,11815,13187,0.18337542873428794,0.5793047870824447,0.06966870755653395,0.05150708087230843,0.0,0.11611451259422327,1.7538666262084952,0.1295981445264513
mid,77044,4452,53380,16271,10,450,2479,9508,0.057785161725767094,0.6928508384819064,0.21119100773583926,0.00012979596074970146,0.005840818233736566,0.03217641866985099,1.2827831376663896,0.12340999948081616
mid,207440,50909,121808,24951,3,154,9613,19133,0.2454155418434246,0.5871962977246433,0.12028056305437716,1.4462013112225222e-05,0.0007423833397608948,0.04634111068260702,1.529234626955031,0.09223389895873506
mid,107554,60373,29970,14631,0,7,2571,11377,0.5613273332465553,0.27865072428733473,0.1360339922271603,0.0,6.508358591963106e-05,0.023904271342767354,1.502486234265244,0.10577942242966323
mid,96847,11569,58495,24650,320,1350,460,11451,0.1194564622548969,0.6039939285677409,0.25452517889041476,0.0033041808212954456,0.01393951283984016,0.004749759930612203,1.4578140332663043,0.1182380455770442
mid,211444,70717,107045,22352,7526,106,3695,21971,0.3344478916403398,0.5062569758423034,0.10571120485802388,0.03559334859348102,0.0005013147689222679,0.01747507614309226,1.6471537818575601,0.10390930932067119
mid,170309,29779,59596,24000,27423,1544,27964,21464,0.1748527676165088,0.34992865908437015,0.14092032717002625,0.16101908883265123,0.00906587438127169,0.16419566787427559,2.2821058681934177,0.12602974593239347
mid,91243,11922,50480,1981,1,9018,17838,9453,0.13066207818681982,0.5532479203884133,0.021711254561993798,1.0959744857139726e-05,0.09883497912168605,0.19549992876165842,1.7666034112942701,0.10360246813454183
mid,87338,12898,44537,20449,3,489,8959,10827,0.14767913164945384,0.5099384002381552,0.23413634385948842,3.4349309578877466e-05,0.005598937461357026,0.10257848817238774,1.7727746441292433,0.12396665827016877
mid,113590,21830,43083,43873,0,2399,2402,10205,0.19218241042345277,0.37928514834052296,0.386239985914253,0.0,0.0211198168852892,0.02114622766088564,1.7530450574530865,0.08984065498723479
mid,80117,8895,20484,18497,1030,0,31208,7837,0.11102512575358538,0.2556760737421521,0.2308748455384001,0.01285619781070185,0.0,0.3895303119188187,1.953985465250875,0.0978194390703596
mid,130923,17771,58937,27341,0,0,26873,15588,0.135736272465495,0.4501653643744797,0.20883267263964314,0.0,0.0,0.20525805244303905,1.8502101031202334,0.11906234962535231
mid,131522,16482,60715,49150,2143,2140,889,14421,0.12531743738690104,0.4616337951065221,0.373701738112255,0.016293851979136572,0.01627104210702392,0.0067593254360487215,1.663150254186956,0.10964705524551026
mid,69603,17337,28156,13105,6998,2,4003,7917,0.2490840912029654,0.40452279355774895,0.18828211427668348,0.10054164331997184,2.873439363245837e-05,0.05751188885536543,2.0518439162491875,0.11374509719408646
mid,37235,5895,16087,15227,0,0,24,4795,0.15831878608835773,0.4320397475493487,0.4089431986034645,0.0,0.0,0.0006445548543037464,1.478462918371696,0.128776688599436
mid,108077,10276,62720,12420,0,625,22033,9988,0.0950803593734097,0.5803269890911109,0.11491806767397318,0.0,0.005782914033513144,0.20386391184063213,1.6477786962645242,0.09241559258676685
mid,69696,6047,49836,13175,0,52,582,9135,0.08676251147842057,0.7150482093663911,0.18903523875114783,0.0,0.0007460973370064279,0.008350550964187327,1.1717010834644594,0.13106921487603307
mid,75675,14401,31891,26790,61,310,2219,8946,0.19030062768417574,0.42142054839775356,0.35401387512388505,0.0008060786257020152,0.004096465147010241,0.029322761810373306,1.7013212849372865,0.11821605550049553
mid,119333,34594,54290,24851,156,2939,2499,11988,0.28989466451023604,0.4549454048754326,0.20824918505358953,0.0013072662214140263,0.024628560414973227,0.020941399277651613,1.7671153436053266,0.10045838116866249
mid,135918,8302,82144,30837,2513,3812,8307,16329,0.06108094586441825,0.6043643961800498,0.22687944201650995,0.018489089009549875,0.028046322047116642,0.06111773275062905,1.6684426046808285,0.12013861298724231
mid,165555,77492,61424,17995,94,67,8481,18047,0.4680740539397783,0.3710186946936064,0.10869499562079067,0.0005677871402253028,0.00040469934462867326,0.051227688683519075,1.6216447678281818,0.10900909063453233
mid,156848,17984,96370,20908,386,217,20980,17344,0.11465877792512497,0.6144165051514843,0.1333010302968479,0.002460981332245231,0.0013835050494746507,0.13376007344690402,1.6002333509850448,0.11057839436907069
mid,144505,36891,76022,10199,2964,0,18426,16450,0.2552922044219923,0.5260856025743054,0.07057887270336667,0.020511400989585135,0.0,0.1275111587834331,1.7541841997834173,0.11383689145704301
mid,82790,2557,59229,19444,0,1,1556,9886,0.03088537262954463,0.7154124894310907,0.23485928252204372,0.0,1.2078753472641623e-05,0.018794540403430367,1.0994467814798905,0.11941055683053509
mid,110010,29617,46174,17824,2785,1583,12024,12903,0.2692209799109172,0.41972547950186345,0.162021634396873,0.025315880374511407,0.014389600945368603,0.10929915462230706,2.032178862900722,0.11728933733296973
mid,92305,5614,71797,6086,3,1211,7591,11736,0.06082010725312822,0.7778235198526624,0.06593358972970045,3.250094794431504e-05,0.013119549320188505,0.08223823194843183,1.1651680121628771,0.12714370835816044
mid,120508,29076,73804,15019,26,0,2580,15295,0.2412785873137053,0.6124406678394796,0.12463072991004746,0.00021575331098350317,0.0,0.02140936701297839,1.4239120071071085,0.12692103428818005
mid,134477,83973,34007,13207,850,2209,227,16983,0.6244413542836321,0.25288339269912324,0.09821010284286533,0.006320783479702849,0.01642660083136893,0.0016880209998735842,1.41370972385806,0.1262892539244629
mid,160493,36390,96226,22664,9,5199,2,20181,0.22673886088489842,0.5995650900662334,0.1412148816459285,5.607721209024693e-05,0.03239393618413264,1.246160268672154e-05,1.4879908240775226,0.1257438019103637
mid,143038,9723,109788,18532,139,0,4853,14065,0.0679749437212489,0.7675442889302143,0.1295599770690306,0.0009717697395097806,0.0,0.03392804709238104,1.1139425940788288,0.0983305135698206
mid,150542,41059,94428,13213,0,0,1841,15480,0.2727411619348753,0.6272535239335202,0.08776952611231417,0.0,0.0,0.01222914535478471,1.3190720968111287,0.10282844654647873
mid,95738,12980,64427,12965,1028,524,3811,10779,0.13557834924481396,0.6729511792600639,0.1354216716455326,0.0107376381374167,0.005473270801562598,0.03980655539075393,1.4625009961860118,0.11258852284359397
mid,141279,31385,92222,16855,6,2,806,12879,0.22214908089666546,0.6527650960156852,0.1193029395734681,4.246915677489223e-05,1.4156385591630744e-05,0.00570502339342719,1.2931458410503165,0.09116004501730618
mid,138146,14837,109758,8175,127,294,4953,13616,0.10740086575072749,0.7945072604346126,0.05917652338829934,0.000919317244075109,0.002128183226441591,0.03585337251892925,1.0510796297219482,0.09856239051438333
mid,233294,78759,106811,37287,8686,0,1748,30496,0.33759548038097853,0.4578386070794791,0.1598283710682658,0.03723199053554742,0.0,0.00749269162515967,1.697376186335628,0.13071917837578334
mid,95108,18193,42920,4708,40,20201,9044,10996,0.19128779913361652,0.45127644362198766,0.04950161921184338,0.0004205745047735206,0.21240063927324726,0.09509189552929301,1.9913880318803652,0.11561593136224083
mid,81165,29876,46554,4429,12,0,291,7590,0.36808969383354895,0.5735723526150435,0.05456785560278445,0.00014784697837737942,0.0,0.003585289225651451,1.2506786222667652,0.09351321382369247
mid,85028,23168,51166,1419,297,4444,4532,10925,0.2724749494284236,0.6017547160935222,0.016688620219221902,0.00349296702262784,0.05226513619043139,0.05330008938232112,1.5270901510294626,0.12848708660676483
mid,151045,5787,93586,15632,14229,21331,476,19712,0.0383130855043199,0.6195901883544639,0.10349233672084478,0.09420371412492966,0.14122281439306167,0.0031513787281935847,1.6929156479669087,0.13050415439107552
mid,104021,12086,71957,10522,347,0,9106,11572,0.11618807740744658,0.6917545495621077,0.10115265186837273,0.0033358648734390173,0.0,0.0875400159583161,1.3980057855252106,0.11124676747964353
mid,113763,22997,73000,6322,100,8774,2568,13506,0.2021483259056108,0.6416849063403743,0.055571670929915704,0.0008790204196443483,0.07712525161959512,0.022573244376466864,1.5261706376936484,0.11872049787716568
mid,262286,67079,159057,23780,10711,1484,172,24882,0.255747542758668,0.606425809993671,0.09066438925447794,0.040837101484638906,0.005657945906377008,0.0006557727061299498,1.4922986587485698,0.09486590973212447
mid,66627,8171,23100,33986,4,0,1363,6182,0.12263796959190719,0.3467062902426944,0.5100935056358533,6.0035721254146214e-05,0.0,0.02045717201735032,1.5121485161007133,0.09278520719828298
mid,169497,39627,103452,2830,19533,569,3482,16427,0.2337917485265226,0.610347085789129,0.016696460704319252,0.11524097771641977,0.0033569915691723158,0.020543136456692448,1.5254983323921145,0.09691616960772167
mid,144466,9049,73795,26945,22596,1685,10394,15802,0.06263757562333006,0.5108122326360528,0.1865144739938809,0.15641050489388506,0.011663644040812372,0.07194772472415654,1.963982904074555,0.1093821383578143
mid,68274,10221,47725,1016,0,2491,6817,8714,0.14970559803146147,0.6990215894776928,0.014881213932097138,0.0,0.0364853384890295,0.0998476726132935,1.367786131117893,0.12763277382312446
mid,94587,12334,59983,13732,0,138,8397,11457,0.1303984691342362,0.6341569137407889,0.14517851290346453,0.0,0.0014589742776491485,0.0887754131117384,1.52802887825045,0.12112658187700212
mid,87730,635,43302,20257,56,0,23477,10297,0.0072381169497321325,0.49358258292488316,0.23090163000113986,0.0006383221247007865,0.0,0.2676051521714351,1.5582338092648733,0.11737148067935711
mid,122211,29709,60832,16649,1,14835,183,13596,0.24309595699241476,0.49776206724435607,0.1362315994468583,8.182569490471398e-06,0.12138841839114319,0.0014974102167562657,1.7722695399171322,0.11125021479244912
mid,82712,20416,40201,9798,879,0,11416,8112,0.24683238224199633,0.48603588354773186,0.11845923203404585,0.010627236676661185,0.0,0.13802108521133571,1.8326709888305401,0.09807524905696875
mid,147984,10129,72502,47047,6291,3067,8946,16165,0.06844658882041302,0.4899313439290734,0.31791950481133097,0.04251135257865715,0.02072521353659855,0.06045248134933506,1.849029382730776,0.10923478213860958
mid,133813,48296,30407,49335,2,116,5655,16470,0.36092158459940366,0.22723502200832504,0.3686861515697279,1.4946230934214164e-05,0.0008668813941844216,0.04226046796649055,1.7491062461262263,0.12308221174325365
mid,55562,7201,37141,8853,911,27,1425,5066,0.12960296605593752,0.6684604585868039,0.15933551708001872,0.016396098052625895,0.0004859436305388575,0.02564702494510637,1.4308292528863866,0.09117742341888341
mid,134277,9163,58693,28439,29558,2639,5781,13358,0.06823953469320881,0.4371038971677949,0.21179353128234918,0.22012705079797731,0.01965340303998451,0.0430527938515159,2.0478995174801686,0.09948092376207392
mid,94162,15794,38514,37745,63,63,1980,10526,0.16773220619782928,0.40901850003185997,0.40085172362524163,0.0006690597056137295,0.0006690597056137295,0.02102759074786007,1.6195108898111397,0.11178607081412884
mid,215243,20507,93697,71310,23079,1226,5420,24434,0.09527371389545769,0.4353080007247622,0.3312999725891202,0.10722299912192267,0.005695887903439369,0.025180842117978285,1.8951077341775293,0.11351820965141723
mid,76428,3718,45583,4579,705,13110,8731,8436,0.04864709268854347,0.596417543308735,0.05991259747736432,0.009224368032658189,0.1715339927775161,0.11423823729523211,1.7563688163773887,0.11037839535248861
mid,57242,1005,37995,14197,38,1,4003,5685,0.017557038538136335,0.6637608748820796,0.24801719017504628,0.000663848223332518,1.7469690087697843e-05,0.06993116942105447,1.2694056234144464,0.09931518814856224
mid,160865,16621,110574,2504,3,0,31160,19282,0.10332266185932304,0.6873713983775215,0.015565847138905292,1.864917788207503e-05,0.0,0.193702794268486,1.2625924658750676,0.1198644826407236
mid,304262,51727,236580,8957,22,812,6161,33119,0.17000808513715154,0.7775535558170261,0.029438444498491433,7.230610460721353e-05,0.002668752588229881,0.020248995931138294,1.0042978436312022,0.10885026720392293
mid,135219,47229,63159,9198,1882,9857,3892,16142,0.34927783817362945,0.46708672597785816,0.068022984935549,0.013918162388421746,0.0728965603946191,0.028782937309105968,1.815366595574641,0.11937671481078843
mid,91377,20950,46523,21990,8,0,1902,11617,0.22926994757980673,0.509132495047988,0.2406513674119308,8.75493833240312e-05,0.0,0.02081486588528842,1.5950003974185867,0.12713264825940881
mid,102315,25865,53927,10089,1,765,11665,12312,0.25279773249279186,0.5270683672970727,0.09860724233983287,9.77373796608513e-06,0.007476909544055124,0.11401065337438303,1.7282191941230538,0.1203342618384401
mid,82618,13139,26191,17080,16538,1928,7739,8229,0.15903314047786196,0.31701324166646494,0.206734609891307,0.2001742961582222,0.023336318961969547,0.09367208114454477,2.3284670277358757,0.09960299208404948
mid,62422,720,43372,9635,9,7262,1422,6644,0.011534394924866234,0.6948191342795809,0.15435263208484187,0.00014417993656082792,0.11633718881163692,0.02278042997661081,1.3425245562385504,0.10643683316779341
mid,142755,66697,60424,3912,8220,59,3441,13880,0.4672130573359952,0.4232706385065322,0.027403593569402123,0.05758117053693391,0.0004132955062869952,0.024104234527687295,1.551471874167398,0.0972295191061609
mid,206843,51673,94934,56157,0,159,3918,20531,0.24981749442814116,0.4589664624860401,0.271495772155693,0.0,0.0007686989649154189,0.018941902795840324,1.642591375342825,0.0992588581677891
mid,64910,26852,22072,1674,3110,0,11199,6869,0.4136804806655369,0.3400400554614081,0.025789554768140502,0.04791249422276999,0.0,0.17253119704205824,1.839457956184999,0.10582344785087043
mid,62628,13965,42750,4165,55,1347,342,7610,0.22298333013987354,0.6826020310404292,0.06650380021715527,0.000878201443443827,0.02150795171488791,0.005460816248323433,1.287944954187764,0.12151114517468226
mid,98329,23964,48828,24967,0,11,556,9578,0.24371243478526172,0.4965778152935553,0.25391288429659614,0.0,0.00011186933661483388,0.00565448646889524,1.543702621898029,0.09740768237244353
mid,120683,21581,83877,4464,4273,0,6486,14869,0.17882386085861307,0.6950191824863485,0.036989468276393524,0.03540680957549945,0.0,0.05374410646072769,1.3821708933213928,0.12320707970468085
mid,191232,84944,47155,43489,0,161,15481,18521,0.4441934404283802,0.24658529953145916,0.22741486780455153,0.0,0.0008419093038821954,0.08095402443105756,1.8061927425538848,0.09685094544846051
mid,59509,31185,17751,9493,1,0,1077,6239,0.5240383807491303,0.29829101480448333,0.15952208909576704,1.6804180880202994e-05,0.0,0.018098102807978626,1.5365780443315837,0.10484128451158649
mid,128454,7236,84036,34492,838,861,988,12774,0.056331449390443274,0.6542108459059274,0.2685163560496365,0.006523736123437184,0.00670278854687281,0.007691469319756489,1.2933915480304699,0.09944415899855201
mid,125278,28835,66307,12482,0,137,17514,15324,0.2301681061319625,0.5292788837625122,0.09963441306534268,0.0,0.001093567904979326,0.1398010823927585,1.7127012701584148,0.12231996040805249
mid,109352,16899,88530,667,64,858,2330,9724,0.15453763991513644,0.809587387519204,0.006099568366376472,0.0005852659302070379,0.007846221376838101,0.02130733777159997,0.8873782916157403,0.0889238422708318
mid,105427,10790,64914,4885,0,0,24836,12630,0.10234569891963159,0.6157246246217762,0.04633537898261356,0.0,0.0,0.23557532700351902,1.4640441102090371,0.11979853358247887
mid,179390,32035,109871,16176,0,1012,20292,23051,0.1785774011929316,0.6124700373487931,0.09017225040414739,0.0,0.0056413400969953734,0.11311667317018786,1.5878204932742939,0.12849657171525727
mid,209171,70945,114428,9589,38,0,14168,26080,0.339172256192302,0.5470548020519097,0.04584287496832735,0.0001816695431010991,0.0,0.06773405491200979,1.4743540389436804,0.12468267589675433
mid,67194,38303,21753,3793,1343,0,1999,7517,0.5700360151203977,0.32373426198767746,0.056448492424918895,0.01998690359258267,0.0,0.029749680030955145,1.4867514634224077,0.11187010745006995
mid,101523,2973,81828,11559,4527,102,531,11930,0.029284004609792854,0.8060045506929464,0.11385597352324103,0.04459088088413463,0.0010046984427174138,0.005230341892970066,1.0065819481446008,0.11751031785900731
mid,83065,14647,34393,7147,22910,0,3964,9267,0.17633178835851443,0.414049238548125,0.0860410521880455,0.2758081020887257,0.0,0.0477216637572985,1.994662528705648,0.11156323361223139
mid,214742,69002,106329,34377,94,3865,1072,26981,0.3213251250337614,0.49514766557077794,0.16008512540630151,0.0004377345838261728,0.017998342196682532,0.004992036955975077,1.598902057971107,0.12564379581078688
mid,148128,36807,82640,13032,1429,6453,7764,17026,0.24848104342190538,0.5578958738388421,0.08797796500324044,0.009647062000432059,0.04356367465975373,0.05241412832145172,1.7618687726142743,0.11494113199395117
mid,107423,10843,75229,16578,83,1,4686,9690,0.10093741563724715,0.70030626588347,0.15432449289258351,0.0007726464537389572,9.308993418541654e-06,0.043621943159286185,1.3151798622751674,0.09020414622566862
mid,94658,15555,52367,22135,0,271,4328,9402,0.16432842443322276,0.5532231824040229,0.23384183059012445,0.0,0.002862938156310085,0.045722495721439285,1.6185422121302078,0.0993259946333115
mid,181587,7751,145007,26884,0,999,943,23754,0.04268477368974651,0.7985538612345597,0.14805024588764615,0.0,0.005501495151084604,0.005193103030503285,0.9420912513542222,0.1308133291480117
mid,158615,22927,82167,28105,4411,33,20969,14583,0.1445449673738297,0.51802792926268,0.17719005138227784,0.027809475774674526,0.00020805094095766477,0.13220061154367493,1.8694652395769245,0.0919396021813826
mid,109681,28162,57346,9872,3625,875,9799,9757,0.2567627939205514,0.5228435189321761,0.09000647331807697,0.03305039159015691,0.007977680728658565,0.08934090681157174,1.8349463826150039,0.08895797813659613
mid,101877,23531,46569,19545,42,20,12168,9865,0.2309746066334894,0.4571100444653847,0.19184899437557054,0.0004122618451662299,0.00019631516436487137,0.11943814599958774,1.83476541320409,0.0968324548229728
mid,147650,22964,107046,13442,537,1081,2578,18523,0.15552996952251946,0.7249983068066373,0.09103962072468676,0.0036369793430409752,0.007321368100237047,0.017460209955976972,1.252046882095826,0.1254520826278361
mid,221977,16059,122912,76618,1695,2,4687,24136,0.07234533307504831,0.5537150245295683,0.345161886141357,0.007635926244610928,9.009942471517319e-06,0.021114800182000838,1.4473881379583684,0.108731985746271
mid,146247,35266,73574,17614,2786,7103,9902,16731,0.2411399891963596,0.5030804050681381,0.12044007740329717,0.01904996341805302,0.04856851764480639,0.06770737177514752,1.9450430215651242,0.11440234671480441
mid,78896,3977,51831,7281,166,3906,11732,7791,0.05040813222470087,0.6569534577164875,0.09228604745487731,0.002104035692557291,0.04950821334414926,0.148702088825796,1.5749728431697263,0.09875025349827621
mid,104928,9449,53081,9526,21618,1255,9996,11683,0.0900522262885026,0.5058802226288502,0.09078606282403172,0.20602698993595608,0.011960582494663008,0.09526532479414455,1.9934136638170392,0.11134301616346447
mid,220403,93453,87432,27753,24,0,11738,19526,0.4240096550409931,0.3966915150882701,0.12591933866598912,0.00010889143977169094,0.0,0.053256988335004515,1.6571878615524214,0.08859226054091823
mid,108689,44320,47136,3266,1319,4967,7678,12598,0.40776895546007413,0.433677741077754,0.030049039001186873,0.012135542695212947,0.045699196790843596,0.07064192328570508,1.7531468848297558,0.11590869361204906
mid,102828,7364,51689,38550,53,1,5169,10737,0.07161473528610884,0.5026743688489517,0.3748978877348582,0.0005154238145252266,9.724977632551445e-06,0.05026840938265842,1.5245009586855705,0.10441708484070486
mid,207519,38438,112750,37788,2850,1,15690,26016,0.1852264130031467,0.5433237438499607,0.18209416969048617,0.013733682217050005,4.818835865631581e-06,0.0756075347317595,1.7429327600823943,0.1253668338802712
mid,241744,58949,151282,25539,1265,44,4663,26749,0.24384886491495136,0.625794228605467,0.10564481434906348,0.005232808259977497,0.00018201072208617381,0.019288999933814284,1.414012029575926,0.11065010920643326
mid,91562,15141,47370,562,6606,1190,20690,11347,0.16536336034599505,0.5173543609794456,0.006137917476682467,0.07214783425438501,0.012996658002227999,0.2259671042572246,1.8062869366868906,0.12392695659771522
mid,80658,4197,47179,7378,66,0,21835,8149,0.05203451610503608,0.584926479704431,0.09147263755610106,0.0008182697314587518,0.0,0.27071090282427035,1.508793749544974,0.10103151578268739
mid,79078,2743,60864,6500,2737,0,6231,8388,0.034687270795923014,0.7696704519588254,0.082197324160955,0.03461139634285136,0.0,0.07879561951490933,1.2120107932345698,0.10607248539416779
mid,112909,13077,83771,4100,362,290,11306,10069,0.11581893383166975,0.7419337696729225,0.03631242859293768,0.0032061217440593755,0.0025684400712077866,0.10013373601750082,1.2345124594719044,0.0891780106103145
mid,101356,9853,79550,8783,307,116,2745,10285,0.09721180788507834,0.784857334543589,0.08665495875922491,0.0030289277398476656,0.0011444808398121474,0.02708275780417538,1.08450243985416,0.10147401239196495
mid,101805,8440,85943,1783,3,0,5633,10108,0.08290359019694514,0.8441923284710967,0.017513874564117675,2.946810078090467e-05,0.0,0.05533127056627867,0.8378018351763767,0.09928785423112814
mid,94999,1272,60835,11943,13127,565,7255,8779,0.013389614627522394,0.6403751618438089,0.1257171128117138,0.13818040189896735,0.005947431025589743,0.07636922493920989,1.5931272061930417,0.09241149906841124
mid,139385,20155,82863,17064,0,0,19300,14115,0.1445994906195071,0.5944900814291352,0.12242350324640384,0.0,0.0,0.13846540158553647,1.6153525122200492,0.10126627685905944
mid,126058,32018,83935,6427,44,10,3621,14111,0.2539941931491853,0.6658442938964604,0.0509844674673563,0.0003490456773865998,7.932856304240905e-05,0.02872487267765632,1.2639820405328752,0.11194053530914341
mid,159978,4604,135486,8390,0,1,11494,18001,0.02877895710660216,0.8469039492930278,0.05244471114778282,0.0,6.250859493180312e-06,0.0718473790146145,0.8464439957620484,0.1125217217367388
mid,74147,7094,50710,9910,0,451,5980,7921,0.09567480815137497,0.6839116889422364,0.13365341820977247,0.0,0.006082511767165226,0.08065059948480721,1.4245565460018808,0.10682832751156486
mid,162970,15535,83079,16380,37,44985,2953,15582,0.09532429281462845,0.5097809412775357,0.10050929618948273,0.0002270356507332638,0.2760323986009695,0.018119899367981838,1.7721389677734494,0.09561268945204639
mid,151643,12844,79793,18554,1945,22,38483,16256,0.08469893104198677,0.5261898010458775,0.12235315840493792,0.012826177271618208,0.00014507758353501316,0.2537736657808142,1.7444484052440612,0.10719914536114426
mid,91198,12587,65676,3556,1452,334,7589,10993,0.1380183775959999,0.7201473716528871,0.038992083159718416,0.015921401785126868,0.0036623610166889625,0.08321454417860041,1.3411533463384329,0.120539924121143
mid,119377,29375,46071,29679,1614,10952,1683,13754,0.24606917580438442,0.385928612714342,0.24861572999824086,0.01352019233185622,0.09174296556288063,0.014098193119277583,2.013890695957916,0.1152148236259916
mid,159185,38031,113402,2533,1666,1149,2401,19523,0.23891070138518075,0.7123912428934888,0.01591230329490844,0.010465810220812263,0.007218016772937149,0.015083079435876496,1.1485213383118096,0.12264346515061092
mid,55514,6172,25466,16797,135,1410,5530,5610,0.11117916201318587,0.45873113088590267,0.3025723240984256,0.002431819000612458,0.025398998450841228,0.09961451165471773,1.8770801352284798,0.10105558958100659
mid,187355,51244,76230,39601,19787,0,491,18796,0.2735128499372848,0.40687464972912385,0.21136879186570948,0.10561234020976222,0.0,0.002620693336179979,1.8783277986074385,0.10032291638867391
mid,99998,16297,45419,3560,0,0,34719,9787,0.1629732594651893,0.45419908398167963,0.03560071201424028,0.0,0.0,0.3471969439388788,1.6448930695784576,0.09787195743914878
mid,125023,29091,34300,57301,48,561,3719,11849,0.23268518592578966,0.27434951968837734,0.4583236684450061,0.0003839293569983123,0.004487174359917775,0.029746526639098405,1.7074532669659463,0.09477456148068755
mid,107089,22392,36754,15117,27129,327,5366,10989,0.20909710614535573,0.34320985348635247,0.1411629579135112,0.25333134122085366,0.003053534910214868,0.0501078542147186,2.1440757848748184,0.10261558143226662
mid,65604,15486,26069,17338,287,269,6152,7038,0.23605267971465155,0.3973690628620206,0.2642826656911164,0.0043747332479726845,0.004100359734162551,0.09377476983110786,1.9151212099668116,0.10728004389976221
mid,96711,11083,70760,2243,3843,417,8362,9239,0.11459916658911602,0.7316644435483037,0.02319281157262359,0.039736948227192356,0.004311815615596985,0.08646379419094001,1.338056619097432,0.09553204909472553
mid,55391,6333,29281,16343,1,133,3296,6949,0.11433265331913127,0.5286237836471629,0.2950479319745085,1.8053474391146576e-05,0.0024011120940224946,0.059504251593219114,1.626865760655344,0.12545359354407756
mid,147645,6271,114789,15393,9,1,11180,15529,0.04247350062650276,0.7774662196484812,0.10425683226658539,6.09570252971655e-05,6.773002810796166e-06,0.07572217142470114,1.0988571612404807,0.10517796064885367
mid,146124,39399,58162,5672,4794,33,38061,14882,0.2696271659686294,0.3980318086009143,0.03881634775943719,0.03280775231994744,0.00022583559168925022,0.26047055925104706,1.890791391095405,0.1018450083490734
mid,94917,3325,84408,4189,3,495,2493,10145,0.03503060568707397,0.8892822149878314,0.04413329540545951,3.1606561522172003e-05,0.005215082651158381,0.026265052624924935,0.69654188114908,0.10688285554747833
mid,107478,41528,36595,22467,970,144,5772,12018,0.3863860510988295,0.34048828597480413,0.20903812873332217,0.009025102811738217,0.001339809077206498,0.053704013844693796,1.8319997434326514,0.11181823256852565
mid,133922,23780,83946,23033,47,0,3113,13392,0.1775660459073192,0.6268275563387643,0.17198817221965024,0.00035095055330714895,0.0,0.0232448738818118,1.432128154411265,0.09999850659339019
mid,84599,5861,38220,25037,0,41,15438,10478,0.06927977872078867,0.45177838981548246,0.2959491246941453,0.0,0.00048463929833685975,0.1824844265298644,1.7577443013752316,0.12385489190179554
mid,319971,63902,233857,9336,2255,0,10618,41305,0.19971184888630533,0.7308693600357532,0.0291776442240078,0.007047513680927334,0.0,0.03318425732331993,1.1569178663610933,0.12908982376527872
mid,134548,21075,97702,11187,11,0,4570,16998,0.15663555013824063,0.726149775544787,0.08314504860718851,8.175521003656688e-05,0.0,0.033965573624282784,1.2193572834516688,0.12633409638196033
mid,70260,24381,21120,12101,120,12204,330,8022,0.34701110162254484,0.300597779675491,0.17223171078849986,0.0017079419299743809,0.17369769427839454,0.004696840307429547,1.978858512822301,0.11417591801878736
mid,78957,1427,22636,25148,7239,52,22452,8297,0.01807312841166711,0.2866876907683929,0.31850247603125753,0.09168281469660701,0.0006585863191357321,0.2843573084083742,1.9860081967635663,0.10508251326671479
mid,93367,50205,28193,14016,0,6,945,10868,0.5377167521715381,0.30195893624085596,0.15011727912431588,0.0,6.426253387171057e-05,0.010121349084794413,1.4816174661336963,0.11640086968629174
mid,185066,72701,88992,5300,0,0,18071,20349,0.392838230685269,0.48086628554137445,0.02863843169463867,0.0,0.0,0.0976462451233614,1.5120055755798398,0.10995536727437778
mid,108696,10284,49899,3945,10031,269,34266,13541,0.09461249724000884,0.45906933097814084,0.03629388385957165,0.092284904688305,0.002474792080665342,0.3152461912121881,1.8748318111153752,0.12457680135423567
mid,135404,17914,50367,55101,0,0,12019,14632,0.1323003751735547,0.3719757171132315,0.40693775663939025,0.0,0.0,0.08876399515523914,1.7547502157810204,0.10806180024223805
mid,149878,22329,98280,9781,2105,6496,10884,18045,0.1489811713527002,0.6557333297748835,0.06525974459226838,0.014044756401873524,0.04334191809338262,0.07261906350498405,1.6228549010088897,0.12039792364456424
mid,98380,8534,44716,21055,6832,5879,11362,8694,0.08674527342955886,0.4545232770888392,0.2140170766415938,0.06944500914820086,0.05975808091075422,0.11549095344582232,2.168807138170461,0.0883716202480179
mid,117240,4256,61207,25036,23321,559,2858,14063,0.03630160354827704,0.522065847833504,0.21354486523370864,0.1989167519617878,0.004767997270556124,0.024377345615830773,1.769670279880108,0.11995052882975094
mid,121145,13335,72271,5892,3020,66,26559,10795,0.1100747038672665,0.5965660984770317,0.04863593214742664,0.02492880432539519,0.0005448016839324776,0.2192331503570102,1.6258284637240792,0.08910809360683479
mid,137806,10739,97484,13387,5840,2695,7657,17515,0.07792839208742726,0.70740025833418,0.09714381086454871,0.04237841603413494,0.01955647794725919,0.05556361842009782,1.5029111579136594,0.12709896521196465
mid,96829,7520,73726,9471,0,965,5144,11270,0.07766268370013116,0.7614041247973231,0.09781160602711997,0.0,0.009966022575881193,0.05312458044594078,1.2050101339689498,0.11639075070485082
mid,137881,10349,95946,15242,86,662,15593,16410,0.07505747709981796,0.6958609235500177,0.11054460005366946,0.0006237262566996177,0.004801241650408686,0.11309027349671093,1.3948913993074086,0.1190156729353573
mid,124413,48906,59029,12032,0,1,4441,12692,0.39309396927973767,0.47446006446271694,0.09671015086847838,0.0,8.037745251701992e-06,0.03569562666280855,1.5375636276072764,0.10201506273460169
mid,91908,31361,22491,24227,0,35,13792,8766,0.3412216564390477,0.2447121034077556,0.26360055707881797,0.0,0.00038081559820690253,0.15006310658484573,1.948288645358949,0.0953779866823345
mid,163212,11768,132309,9021,636,347,9128,21338,0.07210254147979316,0.8106573046099551,0.055271671200647014,0.0038967722961546947,0.002126069161581256,0.05592726025047178,1.0326631073564279,0.13073793593608313
mid,65921,17902,42689,3651,50,3,1624,6813,0.271567482289407,0.6475781617390513,0.05538447535686655,0.0007584836395078959,4.550901837047375e-05,0.024635548611216456,1.2880081553333969,0.10335098071934588
mid,162250,7211,119305,25040,595,6359,3738,15474,0.04444375963020031,0.7353158705701078,0.15432973805855163,0.003667180277349769,0.039192604006163326,0.023038520801232667,1.2800093590135213,0.0953713405238829
mid,175241,3098,161757,4572,0,517,5294,20037,0.017678511307285396,0.923054536324262,0.02608978492476076,0.0,0.0029502228359801646,0.030209825326264973,0.5241088589532302,0.11433968078246529
mid,245070,69123,121696,47682,1,4748,1817,23154,0.2820541069898396,0.4965764883502673,0.19456481821520383,4.080466805402538e-06,0.01937405639205125,0.007414208185416412,1.6387817297741898,0.09447912841229036
mid,107127,3295,77970,19598,5929,0,333,12167,0.03075788550038739,0.7278277185023383,0.18294174204448926,0.05534552447095503,0.0,0.003108460052087709,1.1933679157341968,0.11357547583709056
mid,151278,16927,71035,23988,15,13194,26116,14156,0.11189333544864422,0.4695659646478668,0.15856899218657042,9.915519771546425e-05,0.08721691191052235,0.17263580956913763,2.0327083904906953,0.09357606525734079
mid,197431,51817,100245,5351,6,16710,23299,24652,0.2624562505381627,0.507747010347919,0.027103139831130878,3.0390364228515277e-05,0.08463716437641505,0.11801084936002958,1.8098782627028138,0.12486387649355978
mid,106677,44182,36732,16701,3,4390,4666,12979,0.4141661276563833,0.3443291431142608,0.1565567085688574,2.8122275654545965e-05,0.0411522633744856,0.04373951273470383,1.8624809206341442,0.1216663385734507
mid,66787,13805,38766,9906,305,23,3978,6020,0.20670190306496775,0.5804423016455298,0.1483222782876907,0.004566757003608487,0.00034437839699342685,0.059562489706080524,1.6158477252388135,0.0901373021695839
mid,236152,51142,126497,49253,1168,3,8086,25591,0.21656390799146313,0.5356592364239982,0.20856482265659407,0.004945967004302314,1.2703682374064162e-05,0.03424065855889427,1.636841428118252,0.10836664521155866
mid,112329,49101,49742,8942,7,25,4509,14149,0.43711775231685496,0.4428242039010407,0.07960544472041949,6.231694397706736e-05,0.00022256051420381203,0.040141014341799536,1.522696834537185,0.12596034861878944
mid,129511,29108,80964,12294,2706,4,4432,13593,0.2247531097744593,0.6251515315301402,0.09492629969655088,0.020893978117688845,3.088540741713059e-05,0.0342210314181807,1.5138621466463789,0.10495633575526403
mid,94760,11590,61620,17126,2698,184,1539,8899,0.12230899113550021,0.6502743773744196,0.18073026593499367,0.028471929084001688,0.001941747572815534,0.016241029970451668,1.4807838996042348,0.09391093288307302
mid,92859,30538,44795,15262,0,397,1865,10221,0.3288641919469303,0.4823980443468054,0.1643567128657427,0.0,0.004275299109402427,0.02008421370034138,1.610023110297324,0.1100701062901819
mid,100139,39258,40569,12205,15,7107,981,12171,0.39203507125096115,0.40512687364563255,0.12188058598548018,0.00014979178941271632,0.07097134982374499,0.009796383027591648,1.7659585478486866,0.12154105792947803
mid,141196,5042,106405,29451,33,0,263,13051,0.03570922689028018,0.7535978356327375,0.20858239610187257,0.00023371766905578062,0.0,0.001862658998838494,0.970622881755373,0.09243179693475737
mid,141035,35128,78264,17591,4902,36,5110,13975,0.24907292516042118,0.5549260821781827,0.12472790442088844,0.03475732974084447,0.00025525578757046123,0.03623214095791825,1.6904676042966371,0.09908887864714433
mid,123319,2159,71030,18891,1,177,31057,14666,0.017507440053844095,0.5759858578159084,0.15318807320850802,8.109050511275634e-06,0.0014353019404957873,0.2518427817286874,1.489928054392271,0.11892733479836846
mid,108709,34498,33834,38706,195,1,1473,12775,0.3173426303249961,0.3112345803935277,0.3560514768786393,0.0017937797238499113,9.198870378717493e-06,0.013549936067850868,1.6806431508581294,0.11751556908811597
mid,78779,20388,49108,9078,0,0,204,8377,0.25879993399256146,0.623364094492187,0.11523375518856548,0.0,0.0,0.0025895225885070893,1.311203752826985,0.1063354447251171
mid,127647,1697,69492,43515,64,313,12564,13723,0.013294476172569665,0.5444076241509789,0.34090107875625747,0.0005013827195312072,0.00245207486270731,0.0984276951279701,1.4456959893369707,0.10750742281448056
mid,51014,23594,20020,3168,233,1963,2033,5029,0.46250049006155175,0.3924412906261026,0.06210059983533932,0.004567373662131963,0.038479633041910065,0.039851805386756575,1.694709777837023,0.09858078174618733
mid,123303,14601,79779,22765,341,13,5801,12342,0.11841561032578282,0.647015887691297,0.1846264892176184,0.00276554503945565,0.00010543133581502478,0.04704670608176605,1.4532529890541213,0.10009488820223353
mid,151033,20515,45162,52010,368,24451,8525,15978,0.13583124217886158,0.2990207438109552,0.344361828209729,0.0024365536008686844,0.16189177199684837,0.056444618063601994,2.12213976568214,0.10579144955076043
mid,124053,9678,82557,17266,1103,1599,11847,12355,0.07801504195787284,0.6654978114193127,0.13918244621250594,0.008891360950561453,0.012889652003579116,0.09549950424415371,1.539130594741604,0.09959452814522825
mid,63574,16222,41361,1591,61,335,4002,7150,0.2551672067197282,0.6505961556611193,0.025025954006354798,0.0009595117500865133,0.005269449775065278,0.06295026268600372,1.3400780599431203,0.11246736087079624
mid,126688,10394,65243,34840,6286,0,9923,12637,0.08204407678706745,0.5149895807021975,0.2750063147259409,0.0496179590805759,0.0,0.078326281889366,1.803996131430431,0.09974898964384946
mid,99845,11572,63793,9028,4516,694,10239,11327,0.11589964444889579,0.6389203265060844,0.09042015123441334,0.04523010666533126,0.006950773699233813,0.10254895087385447,1.67556033170101,0.11344584105363313
mid,33006,6874,14994,9766,21,0,1348,3092,0.20826516390959218,0.4542810398109435,0.2958855965582015,0.0006362479549172878,0.0,0.040841059201357326,1.703564952546611,0.09367993698115494
mid,114027,50708,40695,11172,663,0,10786,10147,0.4447016934585668,0.35688915783104,0.09797679496961247,0.005814412376016207,0.0,0.09459163180650197,1.7437490320170257,0.0889876958965859
mid,253893,95542,110405,4949,42512,386,98,23168,0.37630812980271217,0.4348485385575813,0.019492463360549522,0.16744061474715727,0.0015203254914471845,0.0003859893734762282,1.6140864332839449,0.09125103882344138
mid,193145,40186,106324,9835,162,16996,19639,18173,0.20806130109503224,0.550487975355303,0.05092029304408605,0.000838748090812602,0.08799606513241347,0.10168008491030055,1.8165180232151024,0.09408993243418157
mid,62611,24609,26278,5843,4237,0,1641,5837,0.3930459503921036,0.41970260816789384,0.0933222596668317,0.0676718148568143,0.0,0.026209452013224513,1.7751648096129684,0.09322642986056763
mid,111875,18069,68981,24010,0,782,31,10150,0.16151061452513968,0.6165899441340782,0.2146145251396648,0.0,0.006989944134078213,0.0002770949720670391,1.3847736906877146,0.09072625698324022
mid,143649,18892,59092,16518,646,30468,18030,13145,0.13151501228689375,0.4113638103989586,0.11498861808992754,0.004497072725880445,0.21210032788254704,0.1255142743771276,2.156256968487011,0.09150777241748985
mid,205122,60282,91372,38596,2202,0,12668,22255,0.2938836399801094,0.4454519749222414,0.18816119187605426,0.010735074736010765,0.0,0.061758368190637764,1.8106709971090629,0.10849640701631225
mid,77832,14140,50522,2015,18,5,11129,10195,0.18167334772330146,0.6491160448144722,0.025889094459862268,0.00023126734505087883,6.424092918079967e-05,0.14298746017062391,1.3931055618272459,0.13098725459965052
mid,117551,30746,68314,11334,0,4899,2255,15109,0.2615545592976665,0.5811435036707472,0.09641772507252172,0.0,0.04167552806866807,0.019183163052632474,1.5869711019851211,0.12853144592559826
mid,101347,30324,51762,9551,239,1169,8299,8972,0.2992096460674712,0.5107403277847395,0.09424057939554205,0.0023582345802046433,0.011534628553385893,0.08188698234777546,1.7275328239423082,0.08852753411546468
mid,61277,13003,30008,14357,1223,322,2360,6411,0.21220033617833772,0.4897106581588524,0.2342967181813731,0.01995854888457333,0.005254826443853322,0.03851363480588149,1.8029581370882264,0.104623268110384
mid,121439,17195,60428,18604,2,3601,21606,12755,0.14159372195093833,0.49759961791516727,0.15319625490987246,1.6469173823895125e-05,0.02965274746992317,0.17791648481953903,1.9089170774531876,0.10503215606189116
mid,217981,34089,116344,11817,42029,16,13683,19591,0.1563851895348677,0.5337345915469697,0.05421114684307348,0.19281038255627783,7.340089273835792e-05,0.06277152595868447,1.8396249216004656,0.08987480560232314
mid,132288,18515,103279,9659,266,187,379,15334,0.1399597847121432,0.7807132922109338,0.07301493710691824,0.0020107643928398643,0.0014135824866956942,0.0028649612965650703,1.0071494562232786,0.11591376390904692
mid,218404,26769,115905,32268,47,4612,38800,24210,0.1225664365121518,0.5306908298382813,0.14774454680317212,0.00021519752385487444,0.021116829362099594,0.17765242394827935,1.826869279299058,0.11084961813886192
mid,85689,2329,71816,5480,656,1756,3649,10800,0.027179684673645392,0.8381005730023691,0.06395219923210681,0.007655591732894537,0.020492712016711597,0.042584229014225865,0.9712724680327807,0.12603718096838568
mid,90096,11792,59835,3966,1301,35,13164,8694,0.130882614100515,0.6641249334043686,0.04401971230687267,0.014440152725981176,0.0003884745160717457,0.14611081513052743,1.4725753726224853,0.09649706979222163
mid,148073,30178,75565,30798,391,3033,8104,18766,0.20380488002539288,0.5103226111445031,0.20799200394400058,0.0026405894389929293,0.020483140072801928,0.054729761671607924,1.8010581912148251,0.12673478622031026
mid,65742,9027,40155,3763,6898,0,5896,7340,0.1373094825225883,0.610796750935475,0.05723890359283259,0.10492531410665937,0.0,0.08968391591372334,1.7172473915935649,0.11164856560494052
mid,100045,30698,58705,7559,5,0,3075,9752,0.306841921135489,0.5867859463241542,0.07555599980008997,4.99775101204458e-05,0.0,0.030736168724074166,1.4109599457790645,0.09747613573891749
mid,82884,9146,45493,13388,0,6049,8805,10707,0.11034699097533902,0.5488755368949375,0.16152695333236813,0.0,0.07298151633608417,0.10623280729694513,1.8699877802220677,0.12918054147965832
mid,73052,2146,50999,15958,0,12,3934,8733,0.029376334665717572,0.6981191480041614,0.21844713354870504,0.0,0.00016426654985489788,0.05385205059409735,1.2199026890937534,0.11954498165690193
mid,161360,18640,93089,32604,231,0,16793,16905,0.11551809618244918,0.5769025780862668,0.20205751115518097,0.0014315815567674764,0.0,0.10407164105106594,1.6369630668188617,0.10476574119980168
mid,125796,2914,88938,9872,2,1363,22703,12151,0.023164488536996406,0.7070018124582658,0.07847626315622118,1.589875671722471e-05,0.010835002702788641,0.18047473687557633,1.2843962221170644,0.09659289643549875
mid,110504,21935,66018,20565,13,1602,368,14396,0.19849960182436835,0.5974263375081446,0.18610186056613334,0.00011764280026062405,0.01449721277057844,0.00333019619199305,1.4759923679003688,0.1302758271193803
mid,68383,7391,51175,2304,264,3,7243,7379,0.10808241814486057,0.7483585101560329,0.033692584414255,0.0038606086308000526,4.387055262272787e-05,0.105918137548806,1.199341692396174,0.10790693593436965
mid,85202,33217,41875,2858,940,0,6310,9064,0.3898617403347339,0.49147907326119106,0.0335438135255041,0.011032604868430319,0.0,0.07405929438276097,1.5476072436450239,0.10638247928452384
mid,90207,11781,54018,17369,0,3699,3337,10942,0.13059962087199442,0.5988227077721241,0.19254603301295908,0.0,0.04100568692008381,0.03699269458024322,1.6490950275208098,0.12129879055949094
mid,91574,17112,59757,13822,363,117,400,9551,0.18686526743398782,0.6525542184462839,0.15093803918142704,0.003964007250966431,0.0012776552296503375,0.004368052067180641,1.3439677351990285,0.10429816323410575
mid,61509,20453,27250,6336,0,0,7467,7350,0.33252044416264287,0.4430245980263051,0.10300931570989612,0.0,0.0,0.1213968687509145,1.7556509563065452,0.1194947080914988
mid,155858,38056,92205,5164,3,382,20046,15396,0.24417097614495245,0.5915961965378742,0.03313272337640673,1.924829011022854e-05,0.0024509489407024345,0.1286170745165471,1.509660048707386,0.09878222484569288
mid,191382,19740,64532,65793,29293,0,12022,23738,0.1031444963476189,0.33718949535484005,0.3437784117628617,0.15306037140378928,0.0,0.06281677482730873,2.061711992990443,0.12403465320667566
mid,148019,13148,115437,6479,1534,0,11417,18579,0.08882643444422675,0.7798796100500611,0.04377140772468399,0.010363534411122897,0.0,0.07713198981211872,1.141002296271445,0.12551767002884764
mid,122948,20815,81072,16692,29,0,4337,15260,0.1692992159286853,0.6594007222565638,0.13576471353743047,0.00023587207599960958,0.0,0.03527507564173472,1.3941195994315319,0.12411751309496698
mid,143667,15821,106498,908,11550,8220,666,13560,0.11012271433244934,0.7412836629149352,0.0063201709508794645,0.08039424502495354,0.05721564451126564,0.004635720102737581,1.2813066528838097,0.0943849318215039
mid,129396,25418,70620,14688,1196,27,17445,13440,0.19643574762743826,0.5457664842808124,0.11351200964481127,0.00924294414046802,0.00020866178243531485,0.1348186960957062,1.7490932877789125,0.10386719836780117
mid,127715,10552,97912,9540,0,444,9264,15798,0.08262146184864738,0.7666444818541284,0.0746975688055436,0.0,0.0034764906236542303,0.0725365070665153,1.1736619183713723,0.1236972947578593
mid,128240,35965,72078,6998,732,0,12463,16084,0.2804507174048659,0.5620555208983157,0.05456955708047411,0.005708047411104179,0.0,0.0971849656893325,1.57993317621259,0.12542108546475358
mid,181303,43788,111773,16662,114,25,8938,22833,0.24151834222268798,0.6164983480692542,0.09190140262433606,0.0006287816528132463,0.00013789071333623822,0.049298687831971895,1.4642876605689787,0.1259383463042531
mid,104829,37085,47448,9743,2940,0,7612,12795,0.353766610384531,0.4526228429156054,0.0929418386133608,0.028045674383996796,0.0,0.07261349435747741,1.785878359845389,0.12205591964055748
mid,100017,15985,57645,9318,6011,0,11055,12326,0.1598228301188798,0.5763520201565734,0.09316416209244428,0.06009978303688373,0.0,0.11053120969435196,1.7949974144817593,0.12323904936160852
mid,108474,26809,65679,4421,1550,761,9251,14158,0.24714678171727789,0.6054814978704575,0.0407563102678983,0.014289138411047808,0.007015506019875731,0.08528310931651824,1.5654922682129953,0.13051975588620315
mid,128810,34992,59858,23735,5443,144,4635,14088,0.27165592733483424,0.4646999456563931,0.18426364412700877,0.04225603602204798,0.001117925626892322,0.03598323111559661,1.8506129368443374,0.10937039049763217
mid,48019,7903,18893,10470,0,0,10751,4802,0.16458068681147045,0.39344842666444535,0.2180386930173473,0.0,0.0,0.22389054332659988,1.9204258430104189,0.10000208250900686
mid,101712,18875,73305,5399,0,9,4122,11790,0.18557299040427874,0.7207114204813592,0.05308124901683184,0.0,8.848513449740444e-05,0.04052619159981123,1.2049311164937877,0.11591552619159981
mid,113779,39290,54394,8666,453,3143,7829,14131,0.34531855614832263,0.4780671301382505,0.07616519744416808,0.003981402543527365,0.02762372669824836,0.06880883115513407,1.7621215837848425,0.1241969080410269
mid,144192,50307,43827,16880,4549,63,28563,15675,0.3488889813581891,0.3039489014647137,0.11706613404349756,0.031548213493120286,0.0004369174434087883,0.1980900466045273,2.0393840292260763,0.10870922103861518
mid,123837,5091,96468,7191,2667,0,12417,11111,0.04111049201773299,0.7789917391409675,0.058068267157634634,0.02153637442767509,0.0,0.10026890186293273,1.1603541684152143,0.0897227807521177
mid,131739,34401,66217,16927,404,3567,10220,14057,0.2611299615148134,0.5026377913905525,0.1284889060946265,0.0030666697029733034,0.027076264431944982,0.07757763456531475,1.8377449058696913,0.10670340597696962
mid,148727,13318,74229,26094,2591,643,31849,14488,0.08954661897301767,0.4990956584883713,0.17544897698467662,0.017421181090185374,0.004323357561169122,0.2141440357164469,1.8645237972717266,0.09741338156488062
mid,63104,5876,22834,30414,0,306,3671,6417,0.0931161257606491,0.36184710953346855,0.48196627789046653,0.0,0.004849137931034483,0.05817380831643002,1.6330769385792718,0.10168927484787019
mid,68739,15509,33231,12399,0,1344,6254,7092,0.2256215539940936,0.48343734997599613,0.1803779513813119,0.0,0.019552219264173176,0.09098182982004394,1.8628982064819224,0.10317287129577096
mid,44616,6826,25103,4556,1031,3893,3205,5725,0.15299444145597993,0.5626456876456877,0.10211583288506365,0.0231083019544558,0.0872556930249238,0.0718352160659853,1.9228786345650402,0.12831719562488794
mid,91383,26049,34613,9743,16159,4752,64,9607,0.2850530186139654,0.37876847991420726,0.10661720451287439,0.176827199807404,0.05200091920816782,0.0007003490802446844,2.0621064951866765,0.10512896271735443
mid,75653,15603,40269,15413,0,0,4366,8237,0.20624429963121094,0.5322855669966822,0.20373283280240043,0.0,0.0,0.057710864076771576,1.6590701995919717,0.10887869615216846
mid,90876,26077,28545,32745,1738,0,1768,8168,0.28695145032791936,0.3141093357982306,0.3603261587217747,0.019124961485980897,0.0,0.0194550816497205,1.7919798580532826,0.08988071658083542
mid,138603,29012,59892,35022,374,401,13898,16180,0.20931725864519526,0.4321118590506699,0.2526785134520898,0.002698354292475632,0.002893155270809434,0.10027199988456238,1.8769516594493818,0.11673628997929338
mid,98195,28637,44179,18836,1,0,6539,9600,0.29163399358419473,0.4499108915932583,0.1918223942155914,1.018381791333571e-05,0.0,0.06659198533530221,1.7542804300217516,0.09776465196802281
mid,171542,2740,118561,48979,1016,71,173,17559,0.015972764687365193,0.6911485233936878,0.28552191300089774,0.00592274778188432,0.00041389280759230977,0.0010084993762460505,1.038496759072869,0.10235977195089249
mid,90139,19182,52083,12456,976,3507,1933,9638,0.2128046683455552,0.5778076082494814,0.1381865785065288,0.010827721629927112,0.03890657761901064,0.0214446576953372,1.6986726843299138,0.10692375109553023
mid,113763,30357,59681,23289,1,3,429,12169,0.2668442287914348,0.5246081766479436,0.2047150655309723,8.790204196443483e-06,2.637061258933045e-05,0.0037709976002742542,1.4961930703153674,0.10696799486652075
mid,119025,5823,59784,16509,22785,119,14003,11167,0.04892249527410208,0.5022810333963453,0.13870195337114052,0.19143037177063643,0.0009997899600924175,0.11764755303507667,1.937030000371215,0.0938206259189246
mid,163811,25822,53515,43338,10,0,41124,14860,0.15763288179670473,0.32668746299088586,0.264560987967841,6.104596150441668e-05,0.0,0.25104541209076314,1.9563762150043897,0.09071429879556318
mid,119202,9445,55611,26234,4,0,27907,11159,0.07923524773074277,0.46652740725826747,0.22008019999664435,3.355648395161155e-05,0.0,0.2341151994094059,1.7745192247542207,0.09361420110400832
mid,75448,7861,19485,46431,117,0,1552,8544,0.10419096596331248,0.25825734280564094,0.6154039868518715,0.0015507369313964585,0.0,0.020570459124164987,1.405111201458041,0.1132435584773619
mid,139277,40347,68382,24502,0,0,6044,15438,0.28968889335640485,0.490978409931288,0.17592280132398028,0.0,0.0,0.043395535515555334,1.6591300467301255,0.1108438579234188
mid,94647,25562,60164,2385,1187,1292,4053,10579,0.27007723435502445,0.6356672689044555,0.025198896953944658,0.012541337813137236,0.013650723213625366,0.042822276458841804,1.4178212437268989,0.11177322049298974
mid,85878,2393,63618,8356,0,24,11485,8140,0.027865110971378,0.7407950813945364,0.09730082209646242,0.0,0.00027946621952071543,0.1337362304664757,1.1831311003659033,0.09478562612077598
mid,198635,20443,172365,1290,1,0,4533,20534,0.10291741133234324,0.8677473758401087,0.006494323759659677,5.034359503612153e-06,0.0,0.02282075162987389,0.6869350862079276,0.10337553804717195
mid,126181,4479,102841,7607,2,0,11250,14707,0.03549662785997892,0.8150276190551667,0.06028641396089744,1.5850246867594962e-05,0.0,0.08915763863022166,0.9669273545195781,0.11655479034085955
mid,86366,4742,61155,6535,24,6,13901,8515,0.05490586573420096,0.7080911469791353,0.07566635018410023,0.000277887131510085,6.947178287752125e-05,0.16095454229673714,1.2927083577145657,0.09859203853368223
mid_high,116200,10602,52977,44916,8,7583,111,18116,0.09123924268502581,0.45591222030981066,0.38654044750430294,6.884681583476765e-05,0.06525817555938038,0.0009552495697074011,1.6293537566160887,0.15590361445783132
mid_high,126672,21869,90125,13362,555,381,376,18612,0.17264273083238602,0.7114832007073386,0.10548503220917015,0.004381394467601364,0.0030077680939749906,0.0029682960717443475,1.2136403341291278,0.1469306555513452
mid_high,192157,14054,148057,6971,1892,1878,19302,31418,0.07313811102379825,0.7705001639284543,0.03627762714863367,0.009846115416040009,0.009773258325223645,0.10044911192410373,1.2032851664579354,0.16350171994775106
mid_high,103406,2460,88792,11332,1,0,818,17101,0.023789722066417808,0.8586735779355164,0.1095874514051409,9.670618726186102e-06,0.0,0.007910566118020232,0.7220221833167428,0.16537725083650853
mid_high,124710,30964,69658,22332,120,0,1633,16123,0.24828802822548313,0.5585598588725844,0.17907144575414963,0.0009622323791195574,0.0,0.01309437895918531,1.5042420598258477,0.12928393873787186
mid_high,117417,26545,86835,1328,6,0,2701,13181,0.2260745888585128,0.7395436776616674,0.01131011693366378,5.109992590510744e-05,0.0,0.023003483311615863,1.005924709450615,0.11225802055920352
mid_high,89283,21260,61110,4867,0,125,1919,11570,0.23811923882486027,0.6844528073653439,0.05451205716653786,0.0,0.0014000425612938634,0.02149345340098339,1.2284929685761892,0.12958793947336
mid_high,135841,12725,68246,49686,0,302,4878,18774,0.09367569437798602,0.5023961837736766,0.36576585861411504,0.0,0.00222318740291959,0.03590962964053562,1.541614228710413,0.1382056963656039
mid_high,172095,42574,47092,67151,15,8136,7123,25059,0.24738661785641652,0.2736395595455998,0.39019727476103316,8.716116098666435e-05,0.04727621371916674,0.04138992998053401,1.939404288402376,0.14561143554432146
mid_high,121666,18228,76638,14978,9990,988,841,14965,0.14981999901369322,0.6299048213962817,0.12310752387684316,0.08211003895911759,0.008120592441602419,0.006912366643104894,1.6044722533134743,0.12300067397629576
mid_high,157931,21038,118113,16241,175,0,2362,26284,0.133210072753291,0.7478772375277811,0.1028360486541591,0.0011080788445586996,0.0,0.014955898461986564,1.1398835852241784,0.16642711057360493
mid_high,208595,24844,101264,76857,2042,0,3585,28148,0.11910160837987488,0.48545746542342816,0.3684508257628419,0.009789304633380473,0.0,0.01718641386418658,1.5685737397159476,0.13494091421175003
mid_high,97683,2388,77870,10652,0,992,5779,11502,0.024446423635637725,0.7971704390733291,0.10904660995260178,0.0,0.010155298260700428,0.05916075468607639,1.0487925932693234,0.11774822640582291
mid_high,231718,39390,148296,32134,2,4679,7214,30766,0.16999110988356536,0.6399848091214321,0.13867718519925082,8.631181004496845e-06,0.02019264796002037,0.03113266988322012,1.5115770809581146,0.13277345739217497
mid_high,83690,9221,40366,20620,4742,0,8738,9771,0.11018042776914805,0.4823276377105986,0.24638547018759707,0.05666148882781694,0.0,0.10440912892818736,1.9309191969377573,0.11675230015533516
mid_high,45935,3777,37845,4061,53,0,197,6653,0.08222488298682921,0.8238815717862197,0.0884075323827147,0.001153804288668771,0.0,0.0042886687710895835,0.8810197575232457,0.14483509306628933
mid_high,133088,39483,64234,29003,105,97,163,20283,0.2966683698004328,0.4826430632363549,0.2179234792017312,0.0007889516710747775,0.0007288410675643183,0.0012247535465256072,1.533921372103174,0.1524029213753306
mid_high,128378,3290,108081,2346,1925,37,12696,20276,0.025627443954571654,0.8418965866425712,0.018274159123837418,0.014994781037249372,0.00028821137578089704,0.09889544937606132,0.8743743294298802,0.15793983392793157
mid_high,55169,16728,32930,4462,89,14,944,8347,0.30321376135148365,0.5968931827656836,0.08087875437292683,0.0016132248182856314,0.00025376570175279594,0.017111058746759954,1.3782253892707732,0.1512987366093277
mid_high,151955,9693,104380,22876,0,3,15000,17289,0.06378862163140403,0.6869138889802903,0.15054456911585667,0.0,1.9742686979697936e-05,0.09871343489848969,1.3667653566613258,0.11377710506399921
mid_high,178770,27448,100591,31716,7858,3451,7702,24261,0.1535380656709739,0.5626838955081949,0.17741231750293673,0.043955921015830395,0.01930413380321083,0.043083291379985456,1.8280185575973664,0.1357106897130391
mid_high,180963,44569,123155,4040,0,4509,4687,21086,0.24628791520918641,0.6805534833087427,0.02232500566414129,0.0,0.024916695678122047,0.02590032216530451,1.267447399521245,0.11652105679061465
mid_high,150880,19185,118143,6880,441,0,6229,22776,0.12715402969247083,0.7830262460233298,0.04559915164369035,0.002922852598091198,0.0,0.04128446447507953,1.0722120137553977,0.15095440084835632
mid_high,130593,8242,94485,17674,3603,1,6584,16219,0.06311211167520464,0.7235073855413383,0.1353365034879358,0.027589533895384898,7.657378266829002e-06,0.05041617850880216,1.3402070127553347,0.1241950181096996
mid_high,75643,8285,60930,4250,0,2,2174,9125,0.10952764961728118,0.8054942294726545,0.05618497415491189,0.0,2.6439987837605595e-05,0.028740266779477282,0.9817687802154488,0.12063244450907552
mid_high,186034,17843,69302,6718,91,0,92079,29474,0.09591257512067687,0.3725233021920724,0.03611167851037982,0.0004891578958684972,0.0,0.49495791091950936,1.5356850714831163,0.15843340464646247
mid_high,112436,2559,85418,23805,4,4,643,18713,0.02275961435839055,0.7597032978761251,0.21172044540894375,3.557579422960618e-05,3.557579422960618e-05,0.005718808922409193,0.9432857826200564,0.1664324593546551
mid_high,95711,3896,55407,35118,49,1213,26,11861,0.04070587497779775,0.5788989771290656,0.3669170732726646,0.0005119578731807211,0.012673569391188055,0.00027165111638160713,1.2639540269169534,0.123925149669317
mid_high,60521,3506,39490,14928,235,0,2359,7175,0.057930305183324794,0.6525007848515392,0.2466581847623139,0.0038829497199319245,0.0,0.038978205911997486,1.3516403054829589,0.11855389038515557
mid_high,50295,16108,26340,6595,214,20,1016,7861,0.32027040461278455,0.5237101103489412,0.13112635450840043,0.004254896112933691,0.00039765384233025154,0.020200815190376777,1.5508464940267601,0.15629784272790537
mid_high,68759,4381,47128,5677,4,152,11413,10602,0.0637152954522317,0.6854084556203551,0.08256373711077823,5.817420264983493e-05,0.0022106197006937275,0.1659855437106415,1.3740731309257983,0.1541907241233875
mid_high,83830,10804,57417,10333,434,2,4836,12417,0.12887987593940117,0.6849218656805439,0.12326136228080639,0.005177144220446141,2.3857807467493736e-05,0.057688178456399855,1.4042906215674864,0.14812119766193488
mid_high,57047,5945,40090,130,2308,4114,4457,9564,0.104212316160359,0.7027538696162813,0.002278822725121391,0.04045786807369362,0.0721159745473031,0.07812856066050801,1.4657705048880931,0.16765123494662296
mid_high,67377,12568,51156,1691,50,0,1909,9676,0.18653249625243035,0.7592501892337148,0.025097585229380947,0.0007420929990946465,0.0,0.028333110705433606,1.0403776106033173,0.143609837184796
mid_high,157936,28115,54362,73100,20,87,2249,19452,0.1780151453753419,0.3442027150238071,0.46284570965454364,0.00012663357309289838,0.000550856042954108,0.014239945294296424,1.5822140882272255,0.12316381319015297
mid_high,105153,18213,82438,2200,535,2,1762,15612,0.17320475878006333,0.783981436573374,0.020921894762869344,0.005087824408243227,1.901990432988122e-05,0.016756535714625355,0.9680053609728434,0.14846937319905282
mid_high,82304,775,46597,13589,606,11,20724,13256,0.009416310264385693,0.5661571734059098,0.16510740668740279,0.007362947122861586,0.00013365085536547433,0.25179821150855364,1.511955677386012,0.16106143079315707
mid_high,88006,17555,54076,6978,71,4,9320,13730,0.19947503579301412,0.6144581051291957,0.07929004840579051,0.000806763175238052,4.5451446492284614e-05,0.10590187032702315,1.5375737459629208,0.15601209008476694
mid_high,283571,58653,151114,66482,4018,1,3300,31809,0.20683708841877343,0.5328965232693047,0.23444569437636428,0.014169290935956074,3.5264536923733384e-06,0.011637297184832017,1.6066071026191664,0.11217296550070353
mid_high,173692,622,141295,24993,2844,12,3923,23188,0.003581051516477443,0.8134801833129908,0.1438926375423163,0.0163738111139258,6.908781060728186e-05,0.02258595675103056,0.89542895682747,0.13350067936347096
mid_high,107164,2084,87968,7030,738,1955,7386,17604,0.01944682915904595,0.8208726811242582,0.06560038819006382,0.006886641036168863,0.018243066701504235,0.0689223993132022,1.0229255690060206,0.16427158374080847
mid_high,243003,121106,82500,14518,854,0,24022,33749,0.4983724480767727,0.33950198145701904,0.05974411838536973,0.003514359905021749,0.0,0.09885474664921833,1.631378682436631,0.13888305905688408
mid_high,317546,66289,194976,23378,289,264,32347,38017,0.2087540072934315,0.6140086790575223,0.0736208297380537,0.0009101043628324715,0.0008313756117223961,0.10186555648630434,1.534332777662935,0.11972123723806945
mid_high,146019,29691,94336,18948,1644,2,1395,21529,0.2033365520925359,0.6460529109225511,0.12976393483039877,0.011258808785158095,1.3696847670508632e-05,0.009553551250179771,1.393959591835747,0.14743971674919018
mid_high,134231,34383,84665,7348,513,0,7319,16916,0.2561479836997415,0.6307410359752963,0.05474145316655616,0.003821769933919884,0.0,0.05452540769270884,1.4116529182756572,0.12602155984832117
mid_high,100947,7646,52057,7835,289,35,33082,11721,0.07574271647498192,0.5156864493248933,0.07761498608180531,0.002862888446412474,0.00034671659385618195,0.3277165245128632,1.6165071645592943,0.1161104341882374
mid_high,80617,39520,30265,1501,1785,0,7544,12968,0.4902191845392411,0.3754170956498009,0.018618901720480793,0.022141731892776958,0.0,0.09357827753451506,1.5833585553337333,0.1608593720927348
mid_high,110304,3469,93388,10007,387,95,2956,17172,0.03144944879605454,0.8466420075427908,0.09072200464171744,0.0035084856396866843,0.000861256164780969,0.02679866550623731,0.8517325110773873,0.1556788511749347
mid_high,57372,1851,47384,2616,0,223,5296,8242,0.03226312486927421,0.8259081084849752,0.045597155406818655,0.0,0.0038869134769574007,0.0923098375514188,0.9392949705932989,0.1436589276999233
mid_high,65921,5155,50903,3984,21,63,5792,9217,0.07819966323326406,0.7721818540374085,0.06043597639598914,0.00031856312859331623,0.0009556893857799487,0.08786274480059465,1.1417650816937583,0.1398188741068855
mid_high,62368,3297,34251,7325,3082,0,14410,8135,0.052863648024628014,0.5491758594150846,0.117448050282196,0.049416367367880965,0.0,0.2310479733196511,1.7647644961879903,0.13043547973319652
mid_high,121273,33238,59527,2525,3073,3611,19296,17705,0.27407584540664454,0.49085121997476766,0.020820792756837878,0.025339523224460515,0.029775795106907556,0.15911208595482917,1.839290094652726,0.14599292505339193
mid_high,104917,7053,93639,2762,14,953,494,16703,0.06722456799184116,0.8925055043510585,0.026325571642345856,0.00013343881353832077,0.009083370664429978,0.00470848384913789,0.6461271685245231,0.15920203589504084
mid_high,124946,10623,73883,6102,6938,10975,16422,19774,0.08502072895490852,0.591319450002401,0.048837097626174504,0.05552798809085525,0.08783794599266884,0.13143277896051095,1.8878748616249266,0.158260368479183
mid_high,79304,8054,35197,28939,1968,0,5144,12780,0.10155855946736608,0.4438237667709069,0.36491223645717746,0.024815898315343487,0.0,0.06486431958034904,1.774275772392155,0.16115202259659034
mid_high,123950,4018,62555,29640,435,12167,15134,16429,0.03241629689390883,0.5046793061718435,0.2391286809197257,0.0035094796288826138,0.0981605486083098,0.12209762000806777,1.8796209136391666,0.1325453812020976
mid_high,103998,11982,34663,35706,83,0,21561,12431,0.11521375411065597,0.33330448662474277,0.3433335256447239,0.0007980922710052117,0.0,0.20732129464028154,1.8958831572213857,0.11953114482970827
mid_high,233587,23623,186637,11243,8877,0,3204,35404,0.10113148420074747,0.7990042254063796,0.04813195939842543,0.03800297105575225,0.0,0.013716516758210003,1.0677997435238509,0.15156665396618818
mid_high,154584,39143,75882,16585,0,22708,264,23163,0.25321508047404645,0.49087874553640737,0.10728794700615846,0.0,0.14689747968741915,0.0017078093463747865,1.773377365828405,0.1498408632199969
mid_high,87489,8056,43163,15796,61,1651,18759,11969,0.09208014721850746,0.4933534501480186,0.18054841180034062,0.0006972305089782716,0.018870943775788955,0.21441552652333437,1.8573212155212326,0.136805769868212
mid_high,127376,20532,92928,4457,3,0,9454,20611,0.16119206129883182,0.7295565883682954,0.03499089310388142,2.3552317548046727e-05,0.0,0.07422120336641125,1.204412260948306,0.16181227232759704
mid_high,55691,14317,16407,19697,0,426,4841,6551,0.257079240810903,0.2946077463144853,0.3536837190928516,0.0,0.007649350882548347,0.08692607423102476,1.9136838044358853,0.11763121509759207
mid_high,80092,15875,35240,22881,322,802,4970,11736,0.1982095590071418,0.43999400689207413,0.28568396344204167,0.004020376566948009,0.010013484492833243,0.062053638315936674,1.847685103802788,0.14653148878789393
mid_high,71604,2600,53995,10078,277,155,4496,8058,0.03631082062454612,0.7540779844701413,0.14074632702083684,0.003868498966538182,0.0021646835372325568,0.06278978827998435,1.1798134455968698,0.11253561253561253
mid_high,71070,17984,47871,2858,529,366,1459,10541,0.2530462923877867,0.673575348248206,0.04021387364570142,0.00744336569579288,0.005149852258336851,0.020529055860419306,1.2789652665870004,0.14831855916701844
mid_high,46680,12748,27483,4470,142,605,1229,6725,0.27309340188517567,0.5887532133676092,0.09575835475578406,0.0030419880034275922,0.012960582690659812,0.026328191945158525,1.5302734119069656,0.14406598114824337
mid_high,105496,40357,47688,2342,68,7,15030,17172,0.3825453097747782,0.4520360961553045,0.02219989383483734,0.0006445742018654735,6.635322666262229e-05,0.1424698566770304,1.5783496805041126,0.16277394403579282
mid_high,114227,4945,78791,22618,683,7033,153,17528,0.04329099074649601,0.6897756222259186,0.1980092272404948,0.00597932187661411,0.06157038178364135,0.001339438136342546,1.332860984721595,0.15344883433864148
mid_high,128577,3254,95564,25268,21,0,4468,19042,0.02530779221789278,0.743243348343794,0.19652037300605862,0.00016332625586224596,0.0,0.034749605294881664,1.0841804746361283,0.14809802686328036
mid_high,169807,37829,85847,30342,2531,10417,2838,26682,0.22277644620068665,0.505556308043838,0.1786852132126473,0.014905157031217794,0.06134611647340805,0.016713091922005572,1.8601824941714273,0.15713133145276698
mid_high,99050,4756,58762,6074,320,24212,4922,16624,0.04801615345784957,0.5932559313478042,0.06132256436143362,0.003230691569914185,0.244442200908632,0.04969207470974255,1.6429355091894844,0.1678344270570419
mid_high,89359,1396,50773,11160,616,2,25408,12715,0.015622377152832954,0.5681912286395326,0.12488949070602849,0.0068935417809062325,2.238162915878647e-05,0.2843362168332233,1.4976799807318728,0.14229120737698497
mid_high,157763,28619,69513,19340,23911,15343,1034,20483,0.18140501892078625,0.440616621134233,0.12258894671120604,0.1515627872188029,0.09725347514943301,0.006554134999968307,2.126019011852808,0.12983399149356947
mid_high,67676,300,47052,11217,6017,0,3088,8562,0.004432886104379691,0.6952538566109108,0.16574561144275665,0.08890891896684201,0.0,0.045629174301081626,1.3426642739229921,0.1265145694189964
mid_high,149949,46509,75777,25106,0,0,2555,22114,0.31016545625512676,0.5053518196186704,0.16743025962160468,0.0,0.0,0.017039126636389706,1.553226710309197,0.14747680878165242
mid_high,72449,16235,51958,4004,5,91,152,11295,0.22408866927079737,0.7171665585446314,0.05526646330522161,6.901406506646055e-05,0.001256055984209582,0.0020980275780204003,1.0901160024008618,0.15590277298513436
mid_high,143833,17782,98884,21980,2,0,5183,22602,0.12362948697447734,0.6874917438974366,0.15281611313120078,1.3905014843603346e-05,0.0,0.03603484596719807,1.331646876021709,0.1571405727475614
mid_high,196282,34840,104244,24886,17963,449,13898,31351,0.17749971979091309,0.5310930192274381,0.12678696976798687,0.0915162877900164,0.0022875250914500566,0.07080628891085275,1.9115972362712403,0.15972427425846486
mid_high,42572,9310,28580,1193,2895,112,479,5799,0.21868833975382881,0.6713332706943531,0.0280231137837076,0.06800244292022926,0.002630837169970873,0.011251526825143287,1.3691837233369144,0.13621629239875974
mid_high,135726,26094,98750,779,8601,0,1498,16321,0.19225498430661775,0.7275687782738753,0.005739504590130115,0.06337031961451749,0.0,0.011036942074473572,1.157901272266024,0.12024962055906753
mid_high,100608,6367,69213,10712,2380,481,11452,16347,0.063285225826972,0.6879472805343512,0.10647264631043257,0.02365617048346056,0.004780931933842239,0.1138279262086514,1.4887933580403803,0.16248210877862596
mid_high,120878,11967,52127,12698,699,41,43343,13978,0.09900064527871076,0.43123645328347593,0.1050480649911481,0.005782689984943497,0.00033918496335147837,0.3585681430864177,1.7725539636930965,0.11563725409090157
mid_high,74511,13297,51737,7373,62,0,2040,12483,0.1784568721396841,0.6943538537933996,0.09895183261531855,0.0008320919058930896,0.0,0.02737850787132101,1.2899602206211078,0.1675323106655393
mid_high,137264,9393,99762,15547,89,6284,6186,20308,0.06843017834246416,0.7267892528266697,0.11326349224851381,0.000648385592726425,0.04578039398531297,0.04506644131017601,1.3673585010103715,0.14794847884368809
mid_high,79484,8359,66803,2469,6,2,1842,9227,0.10516581953600725,0.8404584570479593,0.031062855417442505,7.548689044335967e-05,2.5162296814453225e-05,0.02317447536611142,0.8353271653113556,0.11608625635347995
mid_high,174365,45045,110320,6133,6772,1405,4687,22288,0.25833739569294295,0.6326957818369512,0.03517334327416626,0.038838069566713505,0.008057809766868351,0.02688039457459926,1.470454336759195,0.1278238178533536
mid_high,146650,17390,95864,23659,16,0,9718,19618,0.118581657006478,0.653692465052847,0.16132969655642687,0.00010910330719399931,0.0,0.06626662120695534,1.4511969351836438,0.1337742925332424
mid_high,143504,4367,128166,6588,0,2485,1895,20262,0.030431207492474077,0.8931179618686587,0.04590812799643215,0.0,0.017316590478314194,0.013205206823503178,0.6868038460579006,0.14119467053183188
mid_high,178498,65150,91905,14555,4,5759,1122,25618,0.3649900839225089,0.5148797185402637,0.08154152987708546,2.2409214669071922e-05,0.032263666819796304,0.0062857847146746745,1.5248491846481056,0.14351981534807112
mid_high,139650,32528,89325,9640,6548,390,1216,22226,0.2329251700680272,0.6396348012889366,0.0690297171500179,0.04688865019692087,0.0027926960257787323,0.008707482993197279,1.458484208031591,0.15915503043322593
mid_high,147466,35186,89528,4270,390,101,17987,23443,0.23860415282166736,0.6071094353952775,0.02895582710590916,0.002644677417167347,0.0006849036388048771,0.12197387872458736,1.4784136045620415,0.1589722376683439
mid_high,202124,35916,106948,26897,1,218,32140,31527,0.17769290138726723,0.5291207377649364,0.13307177772060716,4.9474579960816135e-06,0.0010785458431457917,0.15901129999406305,1.748560232104061,0.155978508242465
mid_high,68444,9684,40897,11871,0,320,5670,10294,0.1414879317398165,0.5975249839284671,0.1734410613055929,0.0,0.004675355034772953,0.08284144702238326,1.6153422254742233,0.15040032727485245
mid_high,74081,14598,35365,9207,5368,3259,6281,12411,0.19705457539720037,0.47738286470215036,0.124282879550762,0.07246122487547414,0.04399238671184244,0.08478557254896667,2.1193889098792926,0.16753283567986393
mid_high,86663,4266,30747,38789,4327,95,8435,10238,0.049225159525979945,0.3547880871883041,0.44758432087511396,0.04992903545919251,0.0010962002238556247,0.09733104092865467,1.8171453351684008,0.11813576728246195
mid_high,84718,12925,56176,14108,479,318,709,9733,0.1525649802875422,0.6630940296040984,0.16652895488562053,0.00565405226752284,0.0037536296890861446,0.008368941665289549,1.36774110976622,0.11488703699331901
mid_high,115803,29123,30004,26286,2474,4962,22949,17302,0.2514874398763417,0.259095187516731,0.22698893811041165,0.02136386794815333,0.04284863086448538,0.19817275890952737,2.2672928547189204,0.14940890995915476
mid_high,99917,17312,57282,3327,9917,8,12068,13168,0.173263808961438,0.573295835543501,0.03329763703874215,0.09925237947496422,8.006645515778096e-05,0.12078024760551258,1.7619691324605185,0.13178938518970745
mid_high,64859,2662,47282,11819,8,0,3086,9808,0.041042877626852096,0.7289967467891889,0.18222605960622273,0.0001233444857305848,0.0,0.04758013537057309,1.1797354340160984,0.15122033950569697
mid_high,90190,11650,61818,5016,44,3118,8541,11450,0.12917174853087926,0.6854196695864286,0.0556159219425657,0.00048785896440847103,0.0345714602505821,0.09470007761392615,1.4819505186635702,0.12695420778356803
mid_high,94532,12794,76900,4356,7,0,473,12631,0.1353404138281217,0.8134811492404689,0.04607963440951212,7.404899928066686e-05,0.0,0.005003596665679347,0.8766113920060233,0.133616129987729
mid_high,74924,6100,21860,15518,0,221,31222,11639,0.08141583471250867,0.29176231915007206,0.20711654476536223,0.0,0.0029496556510597407,0.4167156051465485,1.8346181807180748,0.15534408200309646
mid_high,112004,18359,62548,11125,56,152,19761,17397,0.16391378879325738,0.5584443412735259,0.0993268097567944,0.0004999821434948752,0.0013570943894860897,0.1764311988857541,1.687940010039158,0.15532480982822042
mid_high,74539,3365,49636,19629,6,9,1890,9303,0.045144152725418905,0.6659064382403842,0.2633386549323173,8.049477454755228e-05,0.00012074216182132844,0.02535585398247897,1.236410553109394,0.12480714793597983
mid_high,73720,3272,56374,13042,0,0,1029,11936,0.04438415626695605,0.7647042864894195,0.1769126424308193,0.0,0.0,0.013958220293000543,1.0235208778644505,0.16190992946283234
mid_high,76892,11185,32096,13582,8577,5,11444,10330,0.14546376736201425,0.41741663632107373,0.1766373614940436,0.11154606461010248,6.502627061332779e-05,0.14883212817978464,2.1353917942957117,0.1343442750871352
mid_high,115216,35464,48336,13348,3913,6203,7948,13430,0.30780447160116653,0.41952506596306066,0.11585196500486043,0.033962296903207886,0.05383800860991529,0.06898347451742813,2.0680203723887756,0.11656367171226219
mid_high,104296,12609,71556,13098,4,3500,3526,15653,0.12089629515992943,0.686085755925443,0.12558487382066427,3.835238168290251e-05,0.0335583339725397,0.03380762445347856,1.4474395887520846,0.15008245762061825
mid_high,134810,3295,116678,11753,1004,0,2078,20965,0.024441806987612193,0.8654995920183962,0.08718195979526741,0.007447518730064535,0.0,0.015414286773978192,0.7635392614044716,0.15551516949781174
mid_high,56880,3927,43803,7011,961,6,1169,9223,0.06904008438818565,0.7700949367088608,0.12325949367088608,0.01689521800281294,0.00010548523206751055,0.020552039381153304,1.144807282584905,0.16214838255977496
mid_high,162723,15003,127840,10940,254,1011,7672,25271,0.09219962758798694,0.7856295668098547,0.06723081555772693,0.0015609348401885413,0.006213012296970926,0.047147606669001925,1.1202521002004202,0.15530072577324655
mid_high,70412,6065,52544,9954,0,0,1848,10392,0.08613588592853491,0.7462364369709709,0.14136794864511731,0.0,0.0,0.02624552633073908,1.1566586675217698,0.1475884792364938
mid_high,125179,8380,68724,28236,2528,0,17309,14467,0.06694413599725194,0.5490058236605181,0.22556499093298396,0.02019508064451705,0.0,0.13827399164396584,1.7290756576920727,0.11557050303964722
mid_high,89016,12214,70702,1979,0,2283,1835,11268,0.13721128785836254,0.7942617057607622,0.022231958299631528,0.0,0.02564707468320302,0.02061427159162398,1.0301982047121245,0.12658398490159073
mid_high,52816,2707,40230,9028,0,129,719,7940,0.051253408058164196,0.7617009996970615,0.17093305059073008,0.0,0.0024424416843380793,0.013613299000302939,1.0600084486414685,0.15033323235383217
mid_high,145780,5064,108860,29650,1943,0,260,18252,0.034737275346412404,0.7467416655233914,0.20338866785567294,0.013328302922211552,0.0,0.0017835093977225957,1.0496368781583403,0.12520235972012622
mid_high,100350,10144,84595,4594,0,9,1006,13091,0.10108619830592924,0.8429995017438964,0.045779770802192324,0.0,8.968609865470852e-05,0.010024912805181864,0.8133923067920766,0.1304534130543099
mid_high,94994,11649,63323,18315,1,0,1704,12089,0.12262879760827,0.6665999957892077,0.19280165063056615,1.0526980651409563e-05,0.0,0.017937975030001895,1.323403644211012,0.1272606690948902
mid_high,102865,25436,59319,17512,19,0,577,13010,0.24727555533952267,0.5766684489379283,0.17024255091624946,0.00018470811257473388,0.0,0.005609293734506392,1.4355358598655694,0.12647644971564673
mid_high,87828,10548,34558,21849,220,0,20651,14019,0.1200983740948217,0.3934736075055791,0.2487703238147288,0.002504895932959876,0.0,0.23513002687070184,1.9087254163354834,0.15961880038256593
mid_high,82818,19372,43915,16470,24,193,2842,12971,0.2339105025477553,0.530259122413002,0.1988698109106716,0.000289792074186771,0.00233041126325195,0.0343162114516168,1.6296993413630154,0.15662054142819193
mid_high,59899,15553,35246,2300,0,1566,5230,9117,0.25965375047997463,0.5884238468087948,0.03839796991602531,0.0,0.026144009081954623,0.08731364463513581,1.5804680295804752,0.15220621379321858
mid_high,112742,16229,83659,10602,0,437,1813,16222,0.14394812935729365,0.7420393464724769,0.09403771442763123,0.0,0.0038761065086658033,0.01608096361604371,1.169528550977356,0.14388604069468344
mid_high,82206,13629,57232,8391,608,0,2343,12465,0.1657908181884534,0.6962022236819697,0.10207284139843807,0.007396053816023161,0.0,0.028501569228523465,1.32824197114078,0.1516312677906722
mid_high,117217,21737,84829,9496,5,0,1147,19427,0.1854423846370407,0.7236919559449568,0.08101213987732155,4.265592874753662e-05,0.0,0.009785270054684901,1.1481074470646067,0.1657353455556788
mid_high,91015,13256,35820,39143,335,152,2306,15058,0.1456463220348294,0.393561500851508,0.4300719661594243,0.003680711970554304,0.001670054386639565,0.025336482997308136,1.6373591792812923,0.16544525627643794
mid_high,96592,5692,42570,11742,62,89,36435,16121,0.05892827563359285,0.44071972834189166,0.12156286234884876,0.0006418751035282425,0.0009214013582905416,0.377205151565347,1.6779218786364107,0.1668978797415935
mid_high,154079,15185,53961,49806,13,5624,29487,20694,0.09855333952063552,0.3502164474068497,0.32324976148599094,8.437230252013577e-05,0.03650075610563412,0.19137585264701873,2.0182367170476008,0.13430772525782228
mid_high,167952,12192,138704,14899,34,7,2113,26352,0.07259216919119749,0.8258550061922454,0.08870986948651996,0.00020243879203581976,4.167857483090407e-05,0.012580975516814329,0.8951895787435291,0.1569019719919977
mid_high,110833,10678,44927,24588,17147,13474,16,18035,0.0963431468966824,0.40535761009807547,0.22184728375122933,0.1547102397300443,0.12157029043696373,0.00014436133642507196,2.123195905020306,0.16272229390163578
mid_high,85090,8540,57714,8573,37,1233,8990,13772,0.10036432013162534,0.6782700669878952,0.10075214478787166,0.0004348337054883065,0.014490539428840052,0.10565283817134799,1.4823206676664449,0.16185215654013396
mid_high,141231,29492,84213,5260,3181,924,18157,23661,0.2088210095517273,0.5962784374535336,0.037243947858473,0.02252338367638833,0.006542472969815409,0.12856242609625365,1.6446500442044107,0.16753403997705887
mid_high,72164,6905,54118,3087,0,0,8051,11385,0.09568482900060972,0.7499307133750901,0.04277756221938917,0.0,0.0,0.11156532342996509,1.1828033702868646,0.15776564491990466
mid_high,92573,26555,14981,47702,2616,0,716,15505,0.2868546984541929,0.1618290430255042,0.5152906354984714,0.02825877955775442,0.0,0.0077344366067859955,1.6345446107713015,0.16748944076566602
mid_high,59819,2777,30085,12428,4440,384,9702,8675,0.046423377187850015,0.5029338504488541,0.20776007622996037,0.07422390879152109,0.006419365084672094,0.1621892709674184,1.9261579549040577,0.14502081278523546
mid_high,134814,20245,100038,3099,3,10586,840,21172,0.15016986366401117,0.7420445947750234,0.022987226845876542,2.225288174818639e-05,0.07852300206210037,0.006230806889492189,1.1895077334854784,0.15704600412420075
mid_high,135226,38190,78130,14985,911,2708,300,21088,0.28241610341206574,0.577773505095174,0.1108144883380415,0.00673687012852558,0.020025734695990415,0.0022185082750358657,1.5052634776325768,0.15594634167985447
mid_high,135251,8427,115122,2873,40,14,8772,21331,0.06230637851106461,0.8511730042661422,0.021241987120243104,0.00029574642701347866,0.00010351124945471752,0.06485719144405587,0.8262239845741193,0.15771417586561282
mid_high,50784,3317,36558,5814,0,24,5068,5972,0.06531584751102709,0.7198724007561437,0.11448487712665406,0.0,0.0004725897920604915,0.09979521109010712,1.2934612870229298,0.11759609325771897
mid_high,137948,23395,80362,7259,7089,120,19720,16004,0.16959289007452083,0.5825528459999421,0.052621277582857305,0.05138892916171311,0.0008698930031606113,0.1429524168527271,1.741894405651638,0.11601473018818685
mid_high,115029,11765,84594,13903,0,904,3860,15079,0.10227855584243974,0.7354145476358136,0.1208651731302541,0.0,0.007858887758739101,0.03355675525302315,1.2502406648524602,0.13108868198454302
mid_high,88973,26748,42337,7502,11069,0,1315,13036,0.30063052836253695,0.47584098546750137,0.08431771436278422,0.12440852842997314,0.0,0.014779764647702111,1.795902023292061,0.14651635889539524
mid_high,87411,1330,61643,6447,14050,0,3939,12632,0.015215476313049845,0.7052087265904748,0.07375501939115214,0.16073491894612807,0.0,0.04506297834368672,1.350031030424617,0.144512704350711
mid_high,42505,4198,37427,633,210,19,16,5827,0.09876485119397718,0.880531702152688,0.014892365604046583,0.004940595224091284,0.0004470062345606399,0.0003764263027879073,0.6289773727373809,0.13708975414657099
mid_high,63666,9128,37960,7430,28,3987,5130,8901,0.14337322903904753,0.5962366098074325,0.1167027926994,0.00043979518110137276,0.06262369239468477,0.08057675996607294,1.7562395035472098,0.13980774667797569
mid_high,144553,60651,70854,3477,9301,45,222,22208,0.41957621080157453,0.49015931872738716,0.024053461360193148,0.06434318208546347,0.0003113045042302823,0.0015357688875360595,1.4319487587783815,0.15363223177658022
mid_high,141851,30862,69944,6833,0,892,33318,23575,0.21756631958886438,0.4930807678479531,0.04817026316346025,0.0,0.006288288415309021,0.2348802616830336,1.729409117588953,0.16619551501223115
mid_high,101781,17166,65256,14525,3,1653,3175,16112,0.16865623249918943,0.6411412739116338,0.14270836403650977,2.9475049370707695e-05,0.01624075220325994,0.031194427250665645,1.498119729904891,0.15830066515361413
mid_high,91644,14291,59967,13533,1607,0,2244,14451,0.15594037798437432,0.6543472567762211,0.14766924184889355,0.017535245078783117,0.0,0.02448605473353411,1.4592846603083292,0.15768626423988477
mid_high,56785,15715,38315,1493,0,34,1225,7772,0.27674561944175396,0.6747380470194594,0.026292154618297085,0.0,0.0005987496698071674,0.02157259839746412,1.1597134689711779,0.13686713040415602
mid_high,151302,31136,72197,47925,0,0,40,22101,0.20578710129410055,0.47717148484487976,0.3167506047507634,0.0,0.0,0.00026437191841482597,1.5071952496506789,0.14607209422215173
mid_high,63958,18185,34967,9309,490,0,1003,7890,0.28432721473466965,0.546718158791707,0.1455486412958504,0.007661277713499484,0.0,0.01568216642171425,1.5446821691000185,0.12336220644798149
mid_high,77562,11150,47548,17043,0,0,1818,11321,0.14375596297155824,0.6130321549212243,0.21973389030710916,0.0,0.0,0.023439313065676492,1.4423506156923989,0.14596065083417137
mid_high,103686,11804,68217,4870,75,13482,5234,15959,0.11384372046370773,0.657919101903825,0.04696873251933723,0.0007233377698049881,0.13002719750014466,0.050479331828790774,1.569218687904648,0.15391663291090407
mid_high,66995,678,46727,5929,0,149,13509,8252,0.010120158220762744,0.6974699604448094,0.08849914172699455,0.0,0.0022240465706396,0.20164191357563999,1.2246115193451284,0.12317337114710053
mid_high,112299,3879,87304,15337,3,2007,3766,17366,0.034541714529960195,0.7774245540922002,0.13657289913534404,2.671439638821361e-05,0.017871931183714905,0.03353547226600415,1.110806207865814,0.15464073589257252
mid_high,57995,8739,39104,9947,0,53,150,8112,0.15068540391413052,0.6742650228467971,0.17151478575739287,0.0,0.0009138718855073713,0.002586429864643504,1.2625453693556838,0.1398741270799207
mid_high,131392,52005,63854,8333,6372,0,825,15522,0.3958003531417438,0.48598088163662934,0.06342090842669265,0.048496103263516804,0.0,0.006278921091086216,1.545177132425006,0.11813504627374574
mid_high,98762,9571,72083,13007,2695,7,1397,12006,0.09690974261355582,0.7298657378343898,0.13170045159069277,0.027287823251858002,7.087746299183897e-05,0.014145116542799862,1.2727266133579502,0.1215649743828598
mid_high,118951,3385,99868,3247,5901,0,6547,14466,0.028457095778934183,0.8395725971198225,0.02729695420803524,0.04960866239039605,0.0,0.055039470033879496,0.9449604629632009,0.12161310119292817
mid_high,108896,9832,79080,6470,0,5979,7532,16558,0.09028798119306494,0.7261974728181017,0.059414487217161326,0.0,0.05490559800176315,0.06916691154863355,1.386862035510747,0.15205333529238907
mid_high,203799,55241,125285,17412,4,134,5720,28624,0.271056285850274,0.614747864317293,0.08543712187007788,1.962718168391405e-05,0.0006575105864111208,0.028066869807997094,1.3971593333523984,0.14045211213008896
mid_high,78790,13313,39420,18272,7,575,7201,12859,0.1689681431653763,0.5003172991496383,0.23190760248762532,8.884376189871811e-05,0.007297880441680417,0.09139484706180988,1.7907112783915022,0.16320599060794516
mid_high,82588,25121,34431,11185,3472,92,8283,10009,0.3041725190100257,0.4169007604010268,0.13543129752506416,0.04204000581198237,0.0011139632876446942,0.10029302077783697,1.9750133428476824,0.12119194071777982
mid_high,37368,10350,17132,7024,634,80,2146,6074,0.2769749518304432,0.4584671376578891,0.1879683151359452,0.01696638835367159,0.002140869192892314,0.05742881609933633,1.837598243351826,0.16254549347034897
mid_high,67863,5756,52843,3014,2443,106,3698,9164,0.08481794203026687,0.778671735702813,0.044413008561366284,0.03599899798122688,0.0015619704404461932,0.054492138573302096,1.1984394611089368,0.13503676524763125
mid_high,92215,37489,38434,10975,451,4020,844,10850,0.40653906631242204,0.4167868568020387,0.11901534457517757,0.004890744455891124,0.04359377541614705,0.009152523992842812,1.7161672286733702,0.11765981673263569
mid_high,113910,21181,78943,10116,19,132,3517,17555,0.18594504433324555,0.6930295847598982,0.08880695285751909,0.00016679834957422526,0.0011588095865156702,0.030875252392239486,1.2964465622478414,0.15411289614608023
mid_high,91374,36275,39262,14414,25,0,1395,14431,0.3969947687525992,0.4296845929914418,0.15774728040799352,0.0002736008054807713,0.0,0.015266924945827041,1.5683915375671325,0.15793332895572046
mid_high,101356,34495,44208,15258,28,68,7296,14108,0.34033505663206914,0.43616559453806386,0.1505386952918426,0.0002762539958167252,0.0006709025612691898,0.07198389833852954,1.74616737430149,0.13919254903508427
mid_high,105565,6177,76444,21787,0,0,1154,16407,0.05851371193103775,0.7241415241794156,0.20638469189598826,0.0,0.0,0.010931653483635674,1.117896822128655,0.1554208307677734
mid_high,105839,21658,66903,12765,14,2335,2162,14307,0.2046315630344202,0.6321204848874233,0.12060771549239883,0.00013227638205198463,0.022061810863670293,0.02042725271402791,1.4924810606253178,0.13517701414412456
mid_high,177411,31660,105786,14084,3435,367,22076,20119,0.1784556763673053,0.5962764428361262,0.07938628382682021,0.019361820856654888,0.0020686428688187317,0.12443422335706354,1.6813946856500044,0.11340334026638708
mid_high,132713,12325,75172,4949,0,660,39605,15330,0.09286957570094867,0.5664252936788408,0.03729099636056754,0.0,0.004973137522322606,0.2984259266236164,1.5185300057181381,0.11551242154122053
mid_high,91719,14367,58711,8134,91,80,10333,13815,0.15664148104536682,0.640118187071381,0.08868391500125383,0.0009921608390845954,0.0008722293090853585,0.11265931813473762,1.514507670767297,0.15062309881267785
mid_high,141810,5041,104794,17925,2,12974,1071,18283,0.035547563641492134,0.7389746844369226,0.12640152316479797,1.4103377758973274e-05,0.09148861152245963,0.0075523587899301884,1.2399145277917296,0.1289260277836542
mid_high,77059,2476,55464,7959,9223,0,1935,10249,0.03213122412696765,0.7197601837553044,0.10328449629504666,0.11968751216600268,0.0,0.025110629517642327,1.3391565339770466,0.13300198549163628
mid_high,127107,5599,84298,23653,2931,9598,1025,15524,0.04404950160101332,0.6632050162461548,0.1860873122644701,0.023059312233000544,0.07551118349107445,0.008064072002328747,1.5057312430497882,0.12213332074551363
mid_high,60011,5326,26572,22351,974,3,4782,8654,0.08875039576077719,0.4427854893269567,0.3724483844628485,0.016230357767742582,4.999083501358084e-05,0.07968539101164787,1.749236241827465,0.14420689540250953
mid_high,170375,93300,44966,24833,0,2,7273,28172,0.547615553925165,0.26392369772560526,0.1457549523110785,0.0,1.1738811445341159e-05,0.042688187820983124,1.5823469612834251,0.16535289801907557
mid_high,156936,68476,61684,19954,5,1243,5571,22370,0.43633073354743335,0.3930519447418056,0.12714737217719324,3.1860121323342e-05,0.00792042616098282,0.035498547178467656,1.656639310387186,0.1425421828006321
mid_high,144440,8369,86975,25879,13005,4,10204,20079,0.0579410135696483,0.6021531431736361,0.17916782054832456,0.09003738576571586,2.7693159789531986e-05,0.0706452506230961,1.7064406850032554,0.13901273885350318
mid_high,76132,11356,28612,14152,5,4627,17377,8670,0.14916198182104765,0.3758209425734251,0.1858876687857931,6.56754058740083e-05,0.060776020595807285,0.22824830557452844,2.1242538862147473,0.11388115378553039
mid_high,98826,34673,44166,13260,594,3408,2723,11182,0.3508489668710663,0.4469066844757453,0.13417521704814522,0.006010564021613745,0.034484852164410176,0.027553477829720924,1.7929027214541533,0.1131483617671463
mid_high,93467,32760,42276,11807,58,193,6371,14655,0.3504980367402399,0.4523093712219286,0.1263226593343105,0.0006205398696866273,0.0020648999111986047,0.06816309499609488,1.7140596400236274,0.156793306728578
mid_high,116469,8725,87786,15074,10,0,4871,17432,0.07491263769758477,0.7537284599335445,0.1294249972095579,8.585975667344958e-05,0.0,0.04182228747563729,1.1619729498586908,0.14967072783315732
mid_high,130985,7259,78180,12846,23397,1745,7556,21543,0.0554185593770279,0.5968622361339084,0.09807229835477345,0.17862350650837883,0.01332213612245677,0.05768599457953201,1.768506110100965,0.1644692140321411
mid_high,85586,38020,36869,8680,15,0,1999,9617,0.4442315331946814,0.4307830719977566,0.10141845628958007,0.00017526230925618677,0.0,0.02335662374687449,1.5070360927025108,0.11236650854111654
mid_high,126138,28601,74270,6716,1139,76,15331,16671,0.2267437251264488,0.5887995687263157,0.05324327324041922,0.009029792766652396,0.0006025147061155243,0.12154148630864609,1.597957286319798,0.13216477191647244
mid_high,80244,18647,51693,7087,3,59,2753,12753,0.23237874482827375,0.6441976970240766,0.08831812970440157,3.738597278301181e-05,0.0007352574647325657,0.03430786102387717,1.3822934973081644,0.15892777030058322
mid_high,132804,5516,82752,5355,114,98,38965,14915,0.04153489352730339,0.6231137616336857,0.04032258064516129,0.0008584078792807445,0.0007379295804343243,0.2934023071594229,1.3381079397233369,0.11230836420589742
mid_high,134779,17952,75667,28914,105,2,12135,21419,0.1331958242752951,0.5614153540239948,0.21452896964660667,0.000779053116583444,1.4839106982541791e-05,0.09003628161657232,1.65239054797646,0.15891941622953132
mid_high,148353,13707,102470,28294,0,0,3879,23714,0.09239449151685507,0.6907174105006303,0.1907207808402931,0.0,0.0,0.026147095104244605,1.2795716486064652,0.1598484695287591
mid_high,175893,1449,143409,25771,668,2607,1986,28788,0.008237962852415957,0.8153195408572257,0.14651521095211292,0.0037977634129840302,0.01482151080486432,0.011290955296686054,0.8968058213503938,0.16366768433081474
mid_high,83657,19263,51168,4309,0,0,8914,12763,0.2302616636981962,0.611640388730172,0.05150794314881002,0.0,0.0,0.1065541437058465,1.4862592064192945,0.15256344358511542
mid_high,131102,24132,74947,23493,6843,0,1683,21900,0.18407041845280775,0.5716693871947034,0.17919635093286143,0.05219600006102119,0.0,0.01283733276380223,1.6581222865499234,0.16704550655215022
mid_high,72772,4101,50735,6710,0,0,11224,11349,0.05635409223327653,0.6971774858462045,0.09220579343703622,0.0,0.0,0.15423514538558786,1.3296811167037919,0.15595283900401252
mid_high,119019,11539,46433,49231,192,585,11035,16147,0.09695090699804233,0.39013098748939246,0.4136398390172998,0.001613187810349608,0.0049151816096589624,0.09271628899587461,1.7537419838797828,0.13566741444643293
mid_high,140289,14281,80886,38437,0,3270,3411,22773,0.10179700475447112,0.5765669439514146,0.2739844178802329,0.0,0.023309026366999552,0.024314094476402284,1.5621297578581141,0.1623291918824712
mid_high,102827,11847,50966,38857,2,0,1152,14357,0.11521293045600864,0.4956480301866241,0.3778871308119463,1.94501444173223e-05,0.0,0.011203283184377645,1.4645341122007174,0.1396228616997481
mid_high,56627,9884,44548,752,489,422,528,9165,0.17454571140975153,0.7866918607731295,0.01327988415420206,0.008635456584314903,0.007452275416320837,0.009324173980609956,0.9694183635726326,0.16184858812933758
mid_high,59061,12279,40395,4427,448,9,1500,8345,0.2079036927921979,0.6839538781937319,0.07495640100912616,0.007585377829701495,0.0001523848224716818,0.02539747041194697,1.3160496702278077,0.14129459372513165
mid_high,113203,31960,54734,23886,1245,2,1373,18788,0.28232467337438055,0.48350308737400954,0.21100147522592158,0.010997941750660318,1.7667376306281636e-05,0.012128653834262343,1.6447003421463358,0.1659673330212097
mid_high,126425,12794,70426,36876,6,0,6320,14310,0.10119833893612815,0.557057543998418,0.2916828158987542,4.7458967767451055e-05,0.0,0.04999011271504845,1.5398715614727674,0.11318963812537078
mid_high,113289,10696,64480,3698,19408,0,15004,15282,0.094413402889954,0.5691638199648686,0.03264218061771222,0.17131407285791206,0.0,0.13244004272259444,1.7677174195908003,0.13489394380743056
mid_high,89107,31441,21314,29275,0,0,7075,12029,0.35284545546365603,0.23919557386063944,0.32853760086188516,0.0,0.0,0.07939892488805593,1.8416960647402343,0.13499500600401765
mid_high,80639,18199,26817,23960,431,11139,90,12595,0.2256848423219534,0.3325562072942373,0.2971267004799167,0.005344808343357432,0.13813415344932353,0.001116085268914545,1.9788962369987726,0.15618993291087438
mid_high,109682,2028,96651,3949,623,5173,1255,13214,0.01848981601356649,0.8811929031199285,0.03600408453529294,0.00568005689174158,0.04716361846064076,0.011442169179993071,0.7638845127015593,0.12047555660910633
mid_high,114904,4013,89192,12253,122,0,9321,13848,0.03492480679523776,0.7762305924946042,0.10663684467033349,0.0010617559005778737,0.0,0.08111989138759312,1.1014959172835619,0.12051799763280652
mid_high,139712,4161,118498,11519,0,28,5503,21944,0.029782695831424646,0.8481590700870362,0.0824481791113147,0.0,0.00020041227668346313,0.03938816994961063,0.8355914549813355,0.1570659642693541
mid_high,141050,35329,56620,10320,3091,1099,34588,22238,0.2504714640198511,0.4014179369018079,0.07316554413328608,0.021914214817440623,0.007791563275434244,0.24521800779865296,1.9775201214260507,0.157660404112017
mid_high,96819,10701,41478,32433,2975,6263,2967,12881,0.11052582654231091,0.42840764725931896,0.3349859015275927,0.030727439862010555,0.06468771625404104,0.030644811452297586,1.9676827407004072,0.13304206818909511
mid_high,64330,28118,23275,7031,2,0,5901,8552,0.43709000466345405,0.36180631120783463,0.10929581843618841,3.1089693766516396e-05,0.0,0.09173014145810664,1.71821634592673,0.13293953054562413
mid_high,83743,4833,65375,5099,22,0,8411,12518,0.057712286400057315,0.7806622643086586,0.060888671291928875,0.0002627085248916327,0.0,0.10043824558470558,1.0983492389619132,0.14948115066333903
mid_high,209501,33491,119459,27674,88,34,28753,28035,0.15986081212022854,0.5702073021131164,0.1320948348695233,0.00042004572770535704,0.00016229039479525158,0.13724516828081967,1.6707190399076197,0.1338179770024964
mid_high,132403,11663,55340,28310,18896,10275,7917,16657,0.08808712793516764,0.41796636027884565,0.2138169074718851,0.1427157994909481,0.07760398178289012,0.05979471764234949,2.2406633196386716,0.12580530652628716
mid_high,82296,33052,29895,7730,4289,7,7319,11420,0.40162340818508796,0.36326188393117526,0.09392923106833868,0.052116749295226986,8.505881209293283e-05,0.08893506367259649,1.913538232580533,0.1387673763001847
mid_high,140712,15826,90558,30137,0,48,4140,22812,0.11247086247086246,0.643569844789357,0.21417505258968675,0.0,0.00034112229234180454,0.02942179771448064,1.3934897336278471,0.1621183694354426
mid_high,79104,2722,56177,11455,2685,4988,1074,9642,0.03441039644012945,0.7101663632686084,0.14480936488673138,0.03394265776699029,0.06305622977346279,0.013577063106796116,1.4229235897576646,0.12189016990291263
mid_high,214858,82349,70492,20091,3,11989,29931,25710,0.3832717422669856,0.3280864571018999,0.0935082705787078,1.3962710255145258e-05,0.05579964441631217,0.13930596021558425,2.006169593456465,0.11966042688659487
mid_high,68538,1959,43194,2267,3014,5255,12846,8268,0.028582684058478507,0.6302197321194082,0.03307654148063848,0.04397560477399399,0.07667279465406052,0.18742887157489277,1.6640755676630825,0.12063380898187867
mid_high,90618,9971,62979,16525,0,387,752,12568,0.11003332671213224,0.694994371979077,0.1823589132401951,0.0,0.004270674700390651,0.008298572027632478,1.2538671469882896,0.13869209207883643
mid_high,71941,19714,46656,1938,0,0,3631,8771,0.2740301080051709,0.6485314354818532,0.026938741468703523,0.0,0.0,0.050471914485481155,1.2748631817372236,0.12191935057894664
mid_high,115615,16778,67469,19855,241,7,11263,18754,0.14511957790944083,0.5835661462612983,0.17173377156943304,0.0020845046058037453,6.054577693205899e-05,0.09741815508368291,1.640772541311755,0.1622107857976906
mid_high,139751,1921,82698,25730,2,27742,1655,22096,0.013745876594800753,0.5917524740431196,0.18411317271432762,1.4311167719730091e-05,0.1985102074403761,0.011842491288076651,1.5215045717639621,0.15810978096757805
mid_high,174574,6341,139723,16350,1925,0,10232,27330,0.03632270555752861,0.8003654610652217,0.09365655825036948,0.011026842485135243,0.0,0.05861124795215782,1.0624218553120042,0.1565525221396084
mid_high,156256,29897,100346,3993,3,0,22016,23296,0.19133345279541267,0.6421897399139873,0.025554218718001228,1.9199262748310465e-05,0.0,0.14089698955560107,1.4006505664876978,0.1490886749948802
mid_high,136552,9129,95592,8766,19275,0,3788,19434,0.06685365282090339,0.7000410100181615,0.06419532485792959,0.14115501786865078,0.0,0.02774034799929697,1.4175681881736855,0.14231940945573848
mid_high,36889,97,21131,13441,9,2041,167,4172,0.0026295101520778554,0.5728265878717232,0.3643633603513242,0.0002439751687494917,0.05532814660196807,0.004527094797907235,1.282928979724488,0.11309604489143105
mid_high,104238,7982,48836,15096,232,160,31929,14975,0.07657476160325409,0.4685047679349182,0.1448224256029471,0.002225675857173008,0.0015349488670158675,0.3063086398434352,1.756866369568521,0.14366162052226636
mid_high,71219,10116,39962,12151,6718,0,2270,9043,0.14204074755332144,0.5611143093837319,0.17061458318707087,0.09432876058355215,0.0,0.03187351689858044,1.7827244178491317,0.12697454331007174
mid_high,87821,12685,58022,10504,96,668,5843,14508,0.1444415344849182,0.6606848020405143,0.11960692772799217,0.0010931326220380091,0.0076063811616811465,0.06653306156841758,1.489119784935843,0.16519966750549414
mid_high,81164,13491,34003,18670,3130,2804,9063,13628,0.16621901335567493,0.4189418954216155,0.2300280912719925,0.03856389532304963,0.03454733625745404,0.11166280617022326,2.1458694721283003,0.16790695382189147
mid_high,133881,2558,101245,6784,782,0,22510,18322,0.019106519969226403,0.7562312800173289,0.05067186531322593,0.005841008059396031,0.0,0.16813438800128472,1.1077879479099897,0.13685287680850905
mid_high,162296,17065,103464,30609,308,5595,5253,19099,0.10514738502489279,0.6375018484743925,0.1885998422635185,0.0018977670429338985,0.034474047419529745,0.03236678661211613,1.5544586229293442,0.11768004140582639
mid_high,107939,6204,79619,4288,6712,8,11105,16137,0.05747690825373591,0.7376295870815924,0.03972614161702443,0.06218327018037966,7.411593585265753e-05,0.10288218345547022,1.3333294588964226,0.1495011071067918
mid_high,41652,4133,28958,8103,122,330,2,6529,0.09922692787861327,0.695236723326611,0.19454047824834342,0.0029290310189186595,0.007922788821665225,4.801690194948622e-05,1.235448323114973,0.15675117641409778
mid_high,94583,22327,58116,12028,6,236,1866,12991,0.23605721958491482,0.6144444561919161,0.12716873011006205,6.343634691223582e-05,0.002495162978547942,0.019728703889705337,1.4359390605938924,0.1373502637894759
mid_high,90428,4876,60332,5862,17879,9,1467,13452,0.05392135179369222,0.6671827310125182,0.06482505418675631,0.1977153094174371,9.952669527137613e-05,0.016222851329234306,1.432726341192919,0.14875923386561685
mid_high,69090,5048,42556,15933,53,2966,2530,9338,0.07306411926472717,0.6159502098711825,0.23061224489795917,0.0007671153567810103,0.042929512230424086,0.036618902880301056,1.5721334883168943,0.13515704154002026
mid_high,61650,10871,41381,7125,81,0,2189,7026,0.17633414436334144,0.6712246553122465,0.11557177615571776,0.001313868613138686,0.0,0.035506893755068936,1.3708759438011784,0.11396593673965937
mid_high,175228,4212,91663,2369,339,187,76455,23353,0.02403725432008583,0.5231070376880407,0.013519528842422444,0.0019346223206336886,0.001067181044125368,0.43631725523318193,1.2522875351842742,0.13327207980459743
mid_high,50758,1614,34428,8543,3748,303,2119,6036,0.03179794318137043,0.6782773158910911,0.16830844398912487,0.07384057685488002,0.005969502344458017,0.04174711375546712,1.483750150260862,0.11891721502029237
mid_high,62904,5055,29989,24751,0,0,3107,7663,0.08036054940862267,0.47674233753020473,0.3934725931578278,0.0,0.0,0.04939272542286659,1.5456290932192203,0.1218205519521811
mid_high,99830,1641,87701,7134,117,0,3235,13200,0.01643794450565962,0.8785034558749875,0.07146148452369028,0.0011719923870579987,0.0,0.0324050886507062,0.7053714853461914,0.13222478212962036
mid_high,87696,7532,75409,2946,1772,0,34,13652,0.08588761174968071,0.8598909870461594,0.03359332238642584,0.020206166757890897,0.0,0.00038770297390987047,0.7740227893754567,0.1556741470534574
mid_high,131763,6475,86655,29729,5,565,8331,18629,0.049141261203828085,0.657658067894629,0.2256247960353058,3.79469198485159e-05,0.004288001942882296,0.06322715785159719,1.3820075218336811,0.14138263397160053
mid_high,103160,22109,44932,33108,33,0,2975,14537,0.21431756494765414,0.4355564172159752,0.3209383481969756,0.00031989143078712677,0.0,0.02883869716944552,1.67598295084762,0.14091702210158977
mid_high,156688,5435,95282,39284,97,8100,8487,18380,0.03468676605738793,0.608100173593383,0.2507147962830593,0.0006190646380067395,0.05169508832839784,0.05416496477075462,1.5603720852851493,0.11730317573777188
mid_high,252308,8413,214580,18803,8013,26,2470,40214,0.0333441666534553,0.850468475038445,0.07452399448293356,0.0317588027331674,0.00010304865481871364,0.009789622207777795,0.8662679271772808,0.15938456172614424
mid_high,96529,18566,65434,10090,204,778,1455,14584,0.19233598193289064,0.6778688269846368,0.1045281728806887,0.0021133545359425664,0.008059754063545671,0.015073190440178599,1.344277431276567,0.15108413015777641
mid_high,105528,47161,55175,2393,38,0,759,13045,0.4469050868016072,0.5228470169054659,0.02267644606170874,0.0003600940034872261,0.0,0.007192403911758017,1.1876275034030779,0.12361648093397012
mid_high,187046,47190,95733,25638,2728,1427,14327,28548,0.2522908803182105,0.5118152753868033,0.1370678870438288,0.014584647626786993,0.007629139356094223,0.07659613143290955,1.8153431033979877,0.15262555734952898
mid_high,79843,10148,32879,34349,0,137,2327,11633,0.12709943263654921,0.4117956489610861,0.4302067808073344,0.0,0.001715867389752389,0.029144696466816125,1.5932796060199197,0.14569843317510614
mid_high,132339,68266,46781,10080,9,1041,6160,20045,0.5158418909013972,0.3534936791119776,0.07616802303175935,6.80071634212137e-05,0.007866161902387052,0.04654712518607516,1.5677999611370632,0.15146706564202542
mid_high,111351,3417,71544,22444,0,1281,12663,18593,0.0306867473125522,0.6425088234501711,0.20156083016766801,0.0,0.011504162513134143,0.11372147533475227,1.4608299531867883,0.16697649774137638
mid_high,188043,17081,140834,27051,26,1,3047,27613,0.09083560674952006,0.7489457198619465,0.1438553947767266,0.00013826624761357773,5.317932600522221e-06,0.016203740633791208,1.127351999378715,0.1468440728982201
mid_high,77210,7297,44426,7850,4139,6062,7434,9564,0.0945084833570781,0.575391788628416,0.10167076803522859,0.05360704571946639,0.07851314596554851,0.09628286491387127,1.9553925152864775,0.12386996503043647
mid_high,113950,15872,84799,3083,0,1,10192,13828,0.1392891619131198,0.7441772707327775,0.027055726195699868,0.0,8.77577885037297e-06,0.08944273804300132,1.1659169206452018,0.12135146994295744
mid_high,111538,8914,92474,7282,301,0,2564,16135,0.07991895138876437,0.8290806720579533,0.0652871667055174,0.0026986318564076817,0.0,0.02298768132833653,0.9207164390602154,0.14465921927952805
mid_high,178110,26992,82383,55044,1924,769,10995,28148,0.15154679692324968,0.4625400033687047,0.30904497220818594,0.010802313177250014,0.0043175565661669755,0.0617315142327775,1.8031093263832505,0.1580371680422211
mid_high,373594,67780,247406,36332,11,1198,20865,53582,0.18142689657756816,0.6622322628307735,0.09724995583440847,2.9443727682992767e-05,0.003206689614929576,0.05584939800960401,1.4269703215285787,0.1434230742463744
mid_high,56514,15042,30683,1841,45,0,8901,8393,0.26616413632020386,0.542927416215451,0.032575998867537245,0.0007962628729164455,0.0,0.15750079626287292,1.5757916798386042,0.14851187316417172
mid_high,84616,10466,50719,14898,6,7948,576,9647,0.1236881913586083,0.5994020043490593,0.1760659922473291,7.090857521036211e-05,0.093930225961993,0.006807223220194762,1.6272319861381326,0.11400917084239387
mid_high,163102,23082,110237,12462,8852,4353,4113,18349,0.14151880418388493,0.6758776716410589,0.07640617527682064,0.05427278635455114,0.026688820492697822,0.025217348652990152,1.5662295393278327,0.11250015327831664
mid_high,127150,24375,82034,16485,193,3029,1030,16274,0.19170271333071176,0.6451749901690916,0.12965001966181675,0.0015178922532441998,0.023822257176563114,0.008100668501769564,1.4457939434675573,0.1279905623279591
mid_high,88782,5328,66552,6438,86,56,10320,12457,0.06001216462796513,0.7496114077177807,0.07251469892545787,0.0009686648194453831,0.0006307584870807146,0.11623977833344597,1.207060589189427,0.1403099727422225
mid_high,117825,24346,75921,16727,0,65,763,13616,0.20662847443242097,0.6443539147040102,0.1419647782728623,0.0,0.0005516656057712709,0.00647570549543815,1.3315087166057378,0.1155612136643327
mid_high,87778,15312,41145,26752,0,2,4564,13728,0.17444006470869694,0.46873931964729204,0.30476884868645904,0.0,2.27847524436647e-05,0.05199480507644284,1.6964208443041968,0.1563945407733145
mid_high,65330,23747,33409,4199,2558,18,1396,7645,0.3634930353589469,0.511388336139599,0.0642736874330323,0.03915505893157814,0.0002755242614419103,0.02136843716516149,1.5848273998039035,0.11702127659574468
mid_high,111674,9094,84646,11145,2,51,6734,12617,0.08143345810125902,0.7579741031932231,0.09979941615774486,1.790927162992281e-05,0.0004566864265630317,0.0603005175779501,1.1791522462486967,0.11298064007736805
mid_high,125642,7057,97073,6166,17,13076,2250,14578,0.05616752359879658,0.7726158450199774,0.04907594594164372,0.00013530507314433071,0.10407347861383932,0.017908024386749655,1.1796931294175306,0.11602807978223842
mid_high,96507,16397,69240,7336,58,1774,1700,15857,0.1699047737469821,0.7174609095713265,0.07601521133182049,0.0006009926741065415,0.018382086273534562,0.01761530251691587,1.2758148911718392,0.16430932471219703
mid_high,71792,13578,49444,7383,258,158,968,10159,0.18912970804546467,0.6887118341876532,0.10283875640739916,0.0035937151771785157,0.002200802317806998,0.013483396478716292,1.2947880187960334,0.14150601738355248
mid_high,72131,21925,22579,11237,2593,0,13795,11386,0.30396084901082754,0.3130276857384481,0.1557860004713646,0.035948482621896274,0.0,0.19124925482802124,2.0935027470814247,0.15785168651481332
mid_high,114951,17402,77170,11160,46,0,9170,17313,0.15138624283390315,0.6713295230141538,0.09708484484693478,0.0004001705074336021,0.0,0.07977312072100286,1.4204598930632446,0.1506119998956077
mid_high,139579,15927,66245,53102,0,0,4303,20310,0.11410742303641665,0.4746057788062674,0.3804440496063161,0.0,0.0,0.030828419747956356,1.5528047797042142,0.14550899490611052
mid_high,81919,26243,40147,4186,39,302,10999,12095,0.32035303165321843,0.49008166603596237,0.05109925658272196,0.00047608003027380704,0.003686568439556147,0.13426677571747703,1.6735988671324746,0.14764584528619734
mid_high,107880,6878,73469,3948,201,83,23296,13400,0.06375602521319985,0.6810252131998517,0.03659621802002225,0.0018631813125695217,0.0007693733778272154,0.21594364108268446,1.3076389118769807,0.12421208750463478
mid_high,141817,41756,67506,2562,17262,2725,10002,18670,0.29443578696489137,0.4760078128856202,0.01806553516151096,0.12172024510460665,0.019214903713941207,0.07052751080617979,1.8829661889703635,0.13164853296854398
mid_high,88873,45760,33270,8303,69,0,1469,11997,0.5148920369516051,0.3743544158518335,0.0934254497991516,0.0007763887794943346,0.0,0.016529204595321412,1.4491200167737863,0.13499037953034104
mid_high,112256,4867,51407,54706,808,9,456,16834,0.04335625712656784,0.45794434150513114,0.4873325256556442,0.0071978335233751425,8.01738882554162e-05,0.004062143671607754,1.3022607586339865,0.1499608038768529
mid_high,188739,34235,96076,52585,10,0,5831,28452,0.18138805440317052,0.5090415865295461,0.27861226349615076,5.298322021415818e-05,0.0,0.030894515706875632,1.6120153971418039,0.15074785815332284
mid_high,184021,5884,131769,31796,1604,1036,11929,27779,0.031974611593242074,0.7160541459942071,0.17278462784138768,0.008716396498225747,0.005629792251971242,0.06482412333374996,1.2990981597968365,0.15095559745898565
mid_high,66199,4779,40050,14261,3767,580,2759,11002,0.07219142283116059,0.6049940331424946,0.215426214897506,0.05690418284264113,0.008761461653499298,0.041677366727594076,1.6757608032532318,0.1661958639858608
mid_high,244000,10888,155669,38227,28,0,39185,40333,0.04462295081967213,0.6379877049180328,0.15666803278688524,0.00011475409836065574,0.0,0.16059426229508197,1.4580481861793035,0.16529918032786886
mid_high,66598,32397,25611,1837,29,0,6722,8751,0.48645604973122314,0.3845610979308688,0.02758341091324064,0.00043544851196732634,0.0,0.10093396198084026,1.5176161691415362,0.1314003423526232
mid_high,107124,7091,79690,18933,0,0,1407,15436,0.06619431686643516,0.7439042604831784,0.17673910608267054,0.0,0.0,0.013134311638848437,1.1007978279681063,0.14409469399947725
mid_high,76372,24059,43346,8512,171,192,88,11292,0.31502383072330176,0.5675640287016184,0.11145445974964646,0.002239040486042005,0.0025140103702927775,0.0011522547530508564,1.3942331627976579,0.14785523490284397
mid_high,105176,21353,29739,24867,4,7056,22154,14334,0.2030216018863619,0.28275462082604397,0.2364322659161786,3.803149007378109e-05,0.06708754849014985,0.21063740777363657,2.2095831080056882,0.13628584467939453
mid_high,117613,2782,104899,2375,0,0,7555,14405,0.023653847788934895,0.8918997049645873,0.020193345973659373,0.0,0.0,0.06423609634989329,0.6430712567929373,0.12247795736865823
mid_high,63741,14435,40709,2922,817,279,4575,9186,0.2264633438446212,0.6386627131673491,0.04584176589636184,0.012817495803329098,0.004377088530145432,0.07177483880077187,1.4898702681361118,0.1441144632183367
mid_high,84558,1860,44155,8203,31,27282,3024,11740,0.021996735968211167,0.5221859552023463,0.09701033610066463,0.00036661226613685284,0.3226424466046974,0.035762435251543316,1.6397018090384663,0.1388396130466662
mid_high,120961,26290,44307,48753,376,34,1199,13975,0.21734277990426668,0.36629161465265664,0.4030472631674672,0.003108439910384339,0.00028108233232198806,0.009912285778060697,1.6328883225608857,0.11553310571175833
mid_high,72513,2807,60859,4449,0,81,4314,11030,0.038710300222029155,0.8392839904568836,0.06135451574200488,0.0,0.001117041082288693,0.05949278060485706,0.8939531553402126,0.1521106560202998
mid_high,221061,18721,107596,77251,3255,0,14235,33593,0.08468703208616626,0.4867253834914345,0.34945558013399014,0.014724442574673959,0.0,0.06439399079891976,1.6817222804916965,0.15196258046421576
mid_high,104398,13312,53829,20584,2726,0,13944,16169,0.12751202130309008,0.515613325925784,0.19716852813272284,0.02611161133355045,0.0,0.13356577712216708,1.858733551552414,0.15487844594724037
mid_high,57693,8714,37978,10007,19,39,932,8262,0.15104085417641655,0.6582774340041253,0.17345258523564383,0.0003293293813807568,0.0006759918880973429,0.016154472812992912,1.354441383666017,0.1432062815246217
mid_high,173893,133,125729,40449,868,0,6710,23682,0.0007648381475965105,0.7230250786403133,0.23260855813632522,0.004991575279050911,0.0,0.03858694714565854,1.0549841430797213,0.13618719557428993
mid_high,59327,1947,47103,5119,4307,5,843,7696,0.03281810979823689,0.7939555345795337,0.08628449104117855,0.07259763682640281,8.427865895797866e-05,0.014209381900315203,1.094099283252398,0.12972171186812076
mid_high,57454,8176,21096,18393,423,3,9360,8478,0.14230514846659936,0.3671807010826052,0.3201343683642566,0.007362411668465207,5.221568559195182e-05,0.1629129390468897,1.936481533558443,0.14756152748285584
mid_high,194641,17197,119186,22114,5388,1744,29008,25651,0.08835240262842875,0.6123375856063213,0.11361429503547557,0.027681732009186142,0.008960085490723949,0.14903334857506897,1.7125619095380975,0.13178621153816514
mid_high,88742,11578,66188,8083,478,1,2411,10751,0.13046809853282548,0.7458475130152578,0.0910842667508057,0.0053864010276982715,1.1268621396858309e-05,0.02716864618782538,1.1958296639163497,0.12114894863762367
mid_high,102620,2959,43355,46530,673,5212,3887,13111,0.028834535178327812,0.4224809978561684,0.45342038588969014,0.0065581757941921654,0.05078931982069772,0.03787760670434613,1.634869662953701,0.12776261937244202
mid_high,63616,1475,45520,4227,147,0,12244,7434,0.023185990945674043,0.7155432595573441,0.06644554828973843,0.0023107394366197183,0.0,0.1924673038229376,1.2091474100975559,0.11685739436619719
mid_high,87527,34525,43260,5888,14,0,3838,12538,0.39444971266009343,0.4942474893461446,0.06727067076444983,0.0001599506438013413,0.0,0.043849326493539134,1.4936627484242277,0.14324722657008696
mid_high,121697,10738,90093,19847,240,1,775,14238,0.08823553579792436,0.7403058415573104,0.16308536775762755,0.001972111062721349,8.21712942800562e-06,0.006368275306704356,1.1211907375415917,0.11699548879594403
mid_high,147724,23124,102035,7687,5942,6082,2852,16606,0.15653516016354824,0.6907137635049145,0.052036229725704694,0.04022366033955214,0.041171373642739165,0.019306273862067097,1.4953254475581212,0.1124123365194552
mid_high,108667,2805,58601,41913,2641,732,1973,13935,0.02581280425520167,0.5392713519283683,0.3857012708549974,0.02430360643065512,0.006736175655902896,0.018156386023355755,1.4306847863717609,0.12823580295765963
mid_high,144744,4531,93136,42226,48,6,4794,20534,0.03130354280661029,0.6434532692201403,0.291728845409827,0.000331619963521804,4.14524954402255e-05,0.033120543856740174,1.251487323307578,0.14186425689493173
mid_high,107563,12524,78880,14790,4,0,1364,15540,0.11643408978923979,0.7333376718760168,0.13750081347675316,3.718750871582236e-05,0.0,0.012680940472095423,1.1634057859849323,0.14447347136096986
mid_high,285298,7176,236893,19483,199,0,21544,42291,0.025152647407272397,0.8303352985299581,0.06828999852785508,0.00069751628122174,0.0,0.0755140239328702,0.9095581879932513,0.14823447763391262
mid_high,163733,26609,81284,35138,3412,0,17287,25613,0.16251458166649363,0.4964423787507711,0.21460548576035374,0.02083880463926026,0.0,0.10558042667024974,1.8628768283197688,0.15643150739313394
mid_high,86869,9150,72102,3319,3,53,2239,11862,0.1053310156672691,0.8300084034580806,0.038206955300509965,3.45347592351702e-05,0.0006101140798213402,0.025774441975848692,0.888135535279749,0.13655043801586297
mid_high,133950,5833,120049,2996,770,2151,2148,22233,0.04354609929078014,0.8962224710712953,0.0223665546845838,0.005748413587159388,0.016058230683090705,0.016035834266517356,0.6952910299055918,0.165979843225084
mid_high,61205,16584,41059,2595,19,383,562,7538,0.27095825504452253,0.6708438853034883,0.04239849685483212,0.00031043215423576503,0.006257658688015685,0.00918225635160526,1.2017108634205398,0.12315987255943142
mid_high,73034,2633,49979,5582,753,1617,12466,12008,0.03605170194703836,0.6843251088534107,0.07643015581783827,0.010310266451241888,0.022140372976969632,0.17068762494180792,1.45595825352021,0.16441657310293836
mid_high,81406,10985,27580,15447,0,5233,22159,13387,0.13494091344618334,0.338795666167113,0.189752598088593,0.0,0.0642827310026288,0.2722035230818367,2.1394640462137926,0.16444733803405154
mid_high,138263,3425,87542,6917,22,134,40220,21976,0.02477163087738585,0.6331556526330254,0.05002784548288407,0.00015911704505182153,0.0009691674562247311,0.29089488872655733,1.2957387730353904,0.15894346282085592
mid_high,85706,18664,63811,2139,792,153,144,12062,0.21776771754602944,0.7445336382516977,0.02495741254987982,0.009240893286351014,0.001785172566681446,0.0016801624157001844,1.0228832247803508,0.14073693790399738
mid_high,71085,16672,18436,23759,11063,29,1124,8311,0.2345361187310966,0.2593514806217908,0.3342336639234719,0.15563058310473377,0.00040796229865653797,0.015812055989308575,2.0409627575101568,0.11691636772877541
mid_high,134431,2263,88615,10453,5,1084,32007,15534,0.01683391479643832,0.6591857532860724,0.07775736251311081,3.719380202483058e-05,0.00806361627898327,0.2380924042817505,1.331623369913942,0.11555370413074366
mid_high,202050,46239,132429,15341,0,133,7906,31149,0.22884929472902746,0.6554268745360059,0.07592675080425637,0.0,0.0006582529076961148,0.03912892848304875,1.3586616213495981,0.15416481069042318
mid_high,124763,8184,64563,42598,3,0,9413,19902,0.065596370718883,0.5174851518479037,0.3414313538468937,2.404559043947324e-05,0.0,0.07544704760225387,1.5606301257036463,0.1595184469754655
mid_high,83359,21289,51514,4492,4388,0,1673,10956,0.25538934008325437,0.617977662879833,0.05388740267997457,0.05263978694562075,0.0,0.020069818495903263,1.4958725398992112,0.13143151909211961
mid_high,71409,1825,57751,5731,0,94,6006,10777,0.025557002618717527,0.8087355935526335,0.08025599014129872,0.0,0.0013163606828270947,0.08410704533042053,0.9879505599577174,0.15091935190242126
mid_high,134445,10249,103741,4848,3536,90,11978,22532,0.07623191639703968,0.7716240841979992,0.036059355126631706,0.02630071776562907,0.0006694187214102421,0.08909219383390977,1.2004527358462902,0.16759269589795084
mid_high,76388,22835,18785,6445,201,19130,8989,12140,0.2989343876001466,0.2459155888359428,0.08437189087291197,0.0026313033460752997,0.2504320050269676,0.11767555113368591,2.2054794376258746,0.1589254856783788
mid_high,86250,9973,66213,9096,142,0,824,12511,0.11562898550724637,0.7676869565217391,0.10546086956521739,0.0016463768115942028,0.0,0.009553623188405797,1.0742592523687189,0.14505507246376811
mid_high,140138,12855,77227,33357,14860,0,1837,19497,0.0917310080063937,0.5510782228945753,0.23802965648146826,0.10603833364255234,0.0,0.013108507328490488,1.7080551414147112,0.1391271460988454
mid_high,84779,25485,43655,8305,0,0,7332,11737,0.3006051026787294,0.5149270456127107,0.09796057986057868,0.0,0.0,0.08648368110027248,1.6480814058764084,0.13844230292879134
mid_high,95853,15984,42415,32652,0,153,4647,12548,0.1667553441206848,0.4425004955504783,0.3406466151294169,0.0,0.0015961941723263747,0.04848048574379519,1.7071836853506852,0.13090878741406112
mid_high,117172,14326,78592,6756,1216,2687,13591,15682,0.12226470487829857,0.670740449936845,0.057658826340764004,0.010377905984364865,0.022932099819069404,0.1159918751920254,1.548286546081399,0.1338374355648107
mid_high,78977,20896,51401,1696,1,4,4976,11271,0.26458335971232133,0.6508350532433493,0.02147460653101536,1.2661914228193019e-05,5.0647656912772075e-05,0.06300568519948846,1.2820208067540593,0.1427124352659635
mid_high,142202,8598,121294,8293,46,4,3963,23000,0.060463284623282376,0.8529697191319391,0.0583184484043825,0.00032348349530948934,2.8128999592129507e-05,0.02786880634590231,0.8276668242195329,0.16174174765474467
mid_high,150148,46154,91966,10970,574,0,482,20318,0.3073900418253989,0.6125023310333804,0.07306124623704612,0.003822894743852732,0.0,0.003210165969576684,1.2893838578357582,0.1353198177797906
mid_high,156500,54274,35750,19644,0,371,46459,19127,0.34679872204472845,0.22843450479233227,0.12552076677316293,0.0,0.002370607028753994,0.2968626198083067,1.933073580565729,0.12221725239616614
mid_high,107504,2477,72650,20325,8855,2513,681,14719,0.023041003125465098,0.6757888078583123,0.18906273254948652,0.0823690281291859,0.023375874386069355,0.006334648013097187,1.4313276532559895,0.1369158356898348
mid_high,156159,16411,129520,8978,4,33,1210,19722,0.1050916053509564,0.8294110489949347,0.0574926837390096,2.5614918128317933e-05,0.00021132307455862294,0.007748512733816174,0.8595856123649827,0.12629435383167156
mid_high,79473,6355,29795,42096,0,0,1226,12473,0.07996426459300643,0.3749072011878248,0.5296893284511721,0.0,0.0,0.01542662287821021,1.4005250109918457,0.15694638430661986
mid_high,171461,6599,106402,38745,3578,224,15910,21502,0.03848688623068803,0.6205609438881144,0.22596975405485795,0.0208677191897866,0.0013064195356378419,0.09279078041070564,1.5401928441259713,0.1254046109610932
mid_high,65280,4387,40142,13299,537,4048,2863,10624,0.06720281862745098,0.6149203431372549,0.20372242647058825,0.00822610294117647,0.06200980392156863,0.04385723039215686,1.6643263848624636,0.1627450980392157
mid_high,46540,1847,36384,1013,196,0,7097,6553,0.03968629136226902,0.7817791147400086,0.021766222604211433,0.004211431027073485,0.0,0.15249247958745166,1.0295738596170154,0.1408036097980232
mid_high,69396,5930,31457,9420,0,334,22252,9794,0.0854516110438642,0.4532970200011528,0.13574269410340653,0.0,0.00481295751916537,0.3206524871750533,1.774972407377502,0.14113205372067555
mid_high,134261,1221,102945,6535,0,73,23484,22058,0.009094226916230328,0.7667528172738174,0.04867385167695757,0.0,0.0005437170883577509,0.17491304250675924,1.0135665731159043,0.16429193883555165
mid_high,119626,27328,79124,1104,5,52,12010,18362,0.228445321251233,0.6614281176332905,0.009228762977947938,4.179693377693812e-05,0.0004346881112801565,0.10039623493220537,1.2818270749815845,0.15349505960242757
mid_high,92353,12123,56339,4944,659,0,18286,15514,0.13126806925600684,0.6100397388281918,0.05353372386387015,0.007135664244799844,0.0,0.19800114776996958,1.559102787584973,0.16798588026377054
mid_high,125389,4906,110929,5902,2,0,3648,16636,0.03912623914378454,0.8846788793275328,0.047069519654834156,1.5950362471987177e-05,0.0,0.02909346114890461,0.6955870355391788,0.13267511504198934
mid_high,159428,20591,128706,5169,155,0,4805,22358,0.12915548084401737,0.8072985924680733,0.03242215921920867,0.0009722257069021753,0.0,0.030138996913967434,0.9530732473997073,0.14023885390270216
mid_high,77696,4398,57026,6242,737,0,9290,12088,0.05660523064250412,0.7339631383855024,0.08033875617792421,0.00948568780889621,0.0,0.11956857495881384,1.2843864774800244,0.1555807248764415
mid_high,86843,29698,40828,11859,1942,25,2487,13302,0.3419734463341893,0.4701357622376012,0.13655677486959225,0.022362193844063426,0.0002878758218854715,0.028637886761166704,1.7063361231495138,0.15317296730882166
mid_high,124929,2424,61122,44532,86,773,15990,17712,0.01940302091588022,0.489253896213049,0.3564584684100569,0.0006883910060914599,0.00618751450824068,0.1279926998535168,1.5776596572778792,0.1417765290685109
mid_high,107869,3976,89582,13910,1,7,390,15454,0.03685952405232273,0.8304702926698124,0.12895271115890572,9.270504037304508e-06,6.489352826113155e-05,0.003615496574548758,0.8095355646695397,0.14326636939250387
mid_high,51341,7808,40177,3067,0,4,283,8531,0.15208118268050874,0.7825519565259734,0.05973783136284841,0.0,7.791044194698194e-05,0.0055121637677489725,0.9753077610929294,0.16616349506242575
mid_high,148775,15921,102772,9134,1932,215,18798,21120,0.1070139472357587,0.6907881028398588,0.0613947235758696,0.012986052764241304,0.0014451352713829608,0.12635187363468325,1.4329604578410182,0.1419593345656192
mid_high,63872,11666,46274,1033,975,0,3921,7223,0.18264654308617234,0.7244802104208417,0.016172970941883767,0.015264904809619239,0.0,0.06138840180360722,1.2203584457773053,0.11308554609218437
mid_high,222737,85449,111125,10053,1472,8265,6370,34203,0.38363181689616005,0.49890678243848124,0.04513394721128506,0.006608690967374078,0.0371065426938497,0.028598750993323964,1.6033179922169682,0.15355778339476603
mid_high,88668,12180,56929,11732,364,445,7016,11754,0.13736635539315198,0.6420467361393062,0.1323137997924843,0.004105201425542473,0.005018721522984617,0.07912662967474174,1.5503805196779386,0.13256191636215997
mid_high,125710,5829,100401,8599,0,620,10259,19245,0.046368626203166015,0.7986715456208734,0.06840346830005568,0.0,0.004931986317715377,0.08160846392490653,1.062005070850918,0.1530904462652136
mid_high,100707,17185,48786,6537,7846,5224,15126,13035,0.17064355010078744,0.4844350442372427,0.0649110786737764,0.07790918208267548,0.05187325607951781,0.15019809943698054,2.117046264187317,0.12943489529029759
mid_high,43329,1727,33463,5626,59,23,2429,5380,0.03985783193703986,0.7723003069537723,0.12984375360612985,0.0013616746290013616,0.0005308223130005308,0.05605945209905606,1.1073679330690784,0.12416626278012417
mid_high,86238,3187,69082,13296,0,68,602,9884,0.03695586632343051,0.8010621767666226,0.15417797258749044,0.0,0.0007885155036062989,0.006980681370161646,0.9061850812829124,0.11461304761242144
mid_high,93565,10768,48127,4444,1700,12398,16126,12457,0.1150857692513226,0.5143696895206541,0.047496392881953724,0.018169187196066906,0.13250681344519852,0.17235077219045583,1.989731085197874,0.13313739111847378
mid_high,120405,12937,70707,21208,2610,78,12862,18890,0.10744570408205639,0.5872430546904198,0.17613886466508866,0.021676840662763174,0.0006478136290021179,0.10682280636186205,1.7094165225050566,0.15688717245961548
mid_high,82141,13278,51008,8666,179,1743,7263,10009,0.1616488720614553,0.6209809960920856,0.1055015156864416,0.0021791797031932895,0.02121961018249108,0.08842112952118918,1.6407948944297248,0.12185145055453428
mid_high,67812,5024,49106,8198,5458,8,14,9036,0.0740871822096384,0.7241491181501799,0.12089305727599835,0.08048722939892644,0.00011797322007904206,0.0002064531351383236,1.2805153356510561,0.133250752079278
mid_high,109137,5761,72222,12836,278,6790,11247,17953,0.05278686421653518,0.6617554083399764,0.11761364156977011,0.0025472571172013157,0.0622153806683343,0.1030539597020259,1.590433568653628,0.16449966555796844
mid_high,72228,6121,34371,16267,0,5583,9883,11034,0.08474552805006369,0.47586808439940187,0.22521736722600655,0.0,0.0772968931716232,0.13683059201417733,1.9740711772685353,0.1527662402392424
mid_high,103140,18940,68067,13288,0,81,2762,16664,0.1836338956757805,0.6599476439790576,0.1288345937560597,0.0,0.0007853403141361257,0.026779135156098508,1.3735401515816752,0.16156680240449875
mid_high,164369,10097,125873,24749,32,171,3444,25721,0.0614288582396924,0.7657952533628604,0.15056975463743164,0.0001946839124165749,0.0010403421569760722,0.020952856073833875,1.0828921026650775,0.1564832784770851
mid_high,86621,16185,50172,9009,3827,95,7330,13665,0.1868484547627019,0.5792128929474377,0.10400480253056418,0.04418097228154835,0.0010967317394165387,0.08462151210445504,1.7592221102469114,0.1577562023066
mid_high,88451,6376,65433,4962,1215,11,10451,10387,0.07208510926953907,0.7397655198923698,0.05609885699426801,0.01373641903426756,0.00012436264146250465,0.11815581508405784,1.2789878514329591,0.11743225062463963
mid_high,157630,14314,98124,12747,1,17,32425,26163,0.09080758738818753,0.6224957178202118,0.08086658630971262,6.3439700564613335e-06,0.00010784749095984267,0.20570322908075875,1.504215463274225,0.16597728858719787
mid_high,96617,33416,31933,7076,633,0,23557,14017,0.3458604593394537,0.3305111936822712,0.0732376289886873,0.0065516420505708104,0.0,0.24381837564817785,1.8778375291807787,0.14507798834573626
mid_high,71159,2691,39895,28045,0,0,526,10732,0.037816720302421336,0.5606458775418429,0.3941173990640678,0.0,0.0,0.007391897019351031,1.2284786938255496,0.15081718405261457
mid_high,99546,7289,70869,12355,230,0,8800,11664,0.07322242983143472,0.7119221264541016,0.12411347517730496,0.002310489622887911,0.0,0.08840134209310269,1.328389074131441,0.1171719607015852
mid_high,45142,2980,24352,4656,8,1411,11732,6809,0.06601391165655045,0.5394532807584954,0.1031411988835231,0.00017721855478268576,0.0312569225997962,0.25989101058880865,1.7409338990617154,0.1508351424394134
mid_high,127269,5736,107248,5618,4106,687,3872,19920,0.04506989133253188,0.8426875358492641,0.044142721322553015,0.03226237339807809,0.005398015227588808,0.030423748124052203,0.9621281598428703,0.15651886948117766
mid_high,142332,42824,70769,24962,115,135,3523,19037,0.30087401287131493,0.4972107467048872,0.1753786920720569,0.0008079700980805441,0.0009484866368771604,0.024751988309023972,1.61293392775434,0.1337506674535593
mid_high,77425,2454,55697,13868,3995,8,1400,10041,0.03169518889247659,0.719367129480142,0.1791152728446884,0.051598320955763645,0.00010332579916047788,0.01808201485308363,1.270776567743029,0.1296867936712948
mid_high,80591,7507,54860,8365,502,0,9354,12986,0.09314935910957799,0.6807211723393432,0.10379570919829757,0.006228983385241528,0.0,0.1160675509672296,1.4421593323107094,0.16113461800945514
mid_high,143277,23132,84768,17595,1550,0,16229,22803,0.1614494999197359,0.5916371783328797,0.12280407881237045,0.010818205294639055,0.0,0.11327009917851434,1.6708577382923162,0.15915324860235766
mid_high,89059,22959,31671,26945,3099,3,4379,12446,0.25779539406460883,0.3556181856971221,0.3025522406494571,0.03479715694090434,3.3685534308716697e-05,0.04916965157929013,1.939220106227967,0.1397500533354293
mid_high,125713,39373,70090,15827,1,0,419,14271,0.31319752133828643,0.5575397930206104,0.12589787850103012,7.954626808683271e-06,0.0,0.0033329886328382903,1.398440231373959,0.11352047918671895
mid_high,104164,25168,60878,6111,1168,13,10823,17401,0.24161898544602742,0.5844437617603011,0.05866710187780807,0.011213087055028608,0.00012480319496179103,0.10390345992857417,1.601697769690005,0.16705387657924042
mid_high,79657,20715,47984,1935,4727,269,4024,9934,0.26005247498650463,0.6023827158943972,0.02429165045130999,0.05934192851852317,0.0033769787965903814,0.05051658987910667,1.5632031398056987,0.12470969280791393
mid_high,134054,6925,91216,2634,0,356,32921,17585,0.05165828695898668,0.6804422098557298,0.019648798245483164,0.0,0.002655646232115416,0.24558013934683037,1.2303880059519283,0.13117848031390336
mid_high,91680,4815,61704,16241,0,3213,5704,11423,0.0525196335078534,0.6730366492146597,0.17714877835951134,0.0,0.03504581151832461,0.06221640488656195,1.4687698109406981,0.12459642233856894
mid_high,105489,8907,93296,2995,15,0,274,16892,0.08443534396951341,0.8844144887144632,0.028391585852553348,0.0001421949207974291,0.0,0.002597427219899705,0.6278331411563629,0.16013044014067818
mid_high,139083,41483,69895,23460,60,0,4183,18696,0.29826075077471725,0.5025416477930444,0.16867625806173292,0.0004313970794417722,0.0,0.03007556638841555,1.6094036638930433,0.1344233299540562
mid_high,180891,15455,143523,7792,9682,9,4427,24196,0.08543819206041207,0.7934225583362357,0.043075664350354634,0.05352394535936006,4.975371909050202e-05,0.024473301601516936,1.121302466437596,0.13376010967930965
mid_high,122194,10817,42011,38370,2642,0,28351,17148,0.08852316807699233,0.3438057515098941,0.3140088711393358,0.02162135620406894,0.0,0.23201630194608575,1.9725772032239484,0.140334222629589
mid_high,178523,14982,64406,70281,841,3477,24532,24075,0.08392195963545314,0.3607714412148575,0.39368036611529045,0.0047108775900024085,0.019476482021924348,0.13741646734594423,1.9006615310979544,0.13485657310262544
mid_high,118451,6880,99824,8699,2219,335,490,19001,0.05808308920988425,0.8427451013499253,0.07343965015069523,0.01873348473208331,0.002828173675190585,0.004136731644308617,0.887351139520163,0.16041232239491435
mid_high,50678,5975,32123,10162,7,118,2289,6296,0.1179012589289238,0.633864793401476,0.20052093610639726,0.0001381269979083626,0.002328426536169541,0.04516752831603457,1.4693884480507589,0.12423536840443584
mid_high,89740,15611,45475,20543,1510,0,6598,12471,0.1739581011811901,0.5067416982393581,0.22891687096055272,0.016826387341207935,0.0,0.0735235123690662,1.7988332543151924,0.13896813015377757
mid_high,79818,141,57389,16452,0,1,5833,12470,0.0017665188303390212,0.7189982209526673,0.20611892054423814,0.0,1.2528502342829939e-05,0.07307875416572703,1.1040191991309811,0.15623042421508934
mid_high,81414,12735,51095,9547,8000,11,24,12973,0.1564227282776918,0.6275947625715479,0.11726484388434422,0.09826319797577812,0.00013511189721669492,0.00029478959392733434,1.53716755435541,0.1593460584174712
mid_high,82091,23028,55494,1234,8,0,2325,13306,0.2805179617741287,0.6760058958960178,0.015032098524807835,9.745282674105566e-05,0.0,0.0283222277716193,1.13425489815141,0.16208841407706082
mid_high,113531,6458,87663,17385,1899,0,123,18943,0.05688314204930812,0.7721503377932019,0.15312998211942114,0.016726709004589054,0.0,0.0010834045326827033,1.047245200741417,0.1668531062000687
mid_high,77988,2688,35521,32630,2117,1265,3765,9969,0.03446684105246961,0.4554675078217162,0.4183977022105965,0.027145201825921936,0.016220444170898088,0.04827665794737652,1.658954089817833,0.1278273580550854
mid_high,77806,11574,47605,13136,506,0,4982,9217,0.14875459476132946,0.6118422743747269,0.16883016733927975,0.006503354497082487,0.0,0.06403105158985169,1.5769908904837822,0.11846130118499859
mid_high,153675,17730,77948,17054,2847,159,37934,20557,0.11537335285505125,0.507226289246787,0.11097445908573288,0.0185261102977062,0.0010346510492923377,0.24684561574751912,1.8232412218689813,0.13376931836668293
mid_high,92367,13941,61114,4393,233,5723,6960,13900,0.1509305271363149,0.6616432275596262,0.04756027585609579,0.0025225459309060594,0.06195935777929347,0.0753515866056059,1.5664497454163426,0.15048664566349454
mid_high,121442,29359,53631,33482,28,709,4229,16108,0.24175326493305446,0.44161822104379045,0.27570362806936644,0.00023056273776782333,0.005838177895620955,0.03482320778643303,1.7431943511502561,0.13263944928443208
mid_high,92069,251,59418,9087,4,0,23307,13067,0.0027262162074096602,0.6453638032345306,0.09869771584355212,4.344567661210614e-05,0.0,0.2531470961995894,1.263063341129009,0.14192616407259773
mid_high,128355,31733,67366,7733,713,0,20806,19023,0.2472283900120759,0.5248412605663979,0.060246971290561335,0.005554906314518328,0.0,0.16209730824665966,1.697873082963949,0.14820614701414048
mid_high,128608,18645,84413,2704,1192,0,21650,17919,0.1449754292112466,0.6563588579248569,0.02102513062950983,0.009268474744961433,0.0,0.1683410052251804,1.415088007817363,0.13933036825080866
mid_high,63430,3281,39146,16384,3730,0,887,8207,0.05172631247043986,0.6171527668295759,0.25830048872773137,0.05880498186977771,0.0,0.013983919281097273,1.4817094692339334,0.1293867255241999
mid_high,73288,11114,42603,18847,0,594,128,9394,0.15164829167121494,0.5813093548739221,0.25716351926645564,0.0,0.008105010370046939,0.0017465342211548957,1.443761995840731,0.12817923807444603
mid_high,126730,19524,67164,35486,0,49,4505,17914,0.15405981219916356,0.5299771167048055,0.2800126252663142,0.0,0.00038664878087272153,0.03554801546595124,1.5909186627643912,0.14135563797048845
mid_high,125306,36412,75355,12630,591,296,19,18094,0.29058464877978707,0.6013678514995292,0.10079325810416101,0.004716454120313473,0.002362217292069015,0.00015162881266659218,1.3519791181817633,0.14439851244154311
mid_high,117951,6763,85988,20452,20,13,4711,18371,0.05733736890742766,0.7290145908046561,0.17339403650668497,0.0001695619367364414,0.00011021525887868691,0.039940314198268774,1.1963518165182578,0.15575111698925825
mid_high,243008,34512,126939,64519,0,3,17032,37237,0.1420200158019489,0.5223655188306557,0.2655015472741638,0.0,1.2345272583618647e-05,0.07008822754806426,1.6662196734621708,0.15323363839873586
mid_high,51617,1629,26597,15163,4960,0,3265,6460,0.03155936997500823,0.5152759749694868,0.2937598078152547,0.09609237266791948,0.0,0.06325435418563652,1.7460719585436697,0.12515256601507255
mid_high,361155,16212,274017,33554,1215,0,36155,53057,0.04488931345267268,0.7587240935332475,0.09290747739890075,0.0033642065041325745,0.0,0.10010937132256234,1.1817605179681483,0.14690922180227325
mid_high,105653,12781,45776,34877,6394,0,5821,12703,0.12097148211598345,0.4332673942055597,0.330108941535025,0.06051886837098804,0.0,0.055095453986162245,1.8945749801645737,0.12023321628349408
mid_high,88384,16834,46444,19632,0,14,5458,13648,0.19046433743664012,0.5254797248370746,0.2221216509775525,0.0,0.00015839971035481535,0.0617532585083273,1.6756833412285357,0.15441708906589427
mid_high,105278,35016,44937,21294,9,0,4019,12590,0.33260510268052207,0.4268413153745322,0.20226448070822015,8.548794619958586e-05,0.0,0.03817511730845951,1.6998396453011213,0.11958813807253177
mid_high,168663,64321,61636,38932,86,201,3484,21000,0.3813580927648625,0.36543877436070743,0.230827152368925,0.0005098925075446304,0.001191725511819427,0.0206565755382034,1.6821100268389084,0.12450863556322371
mid_high,103866,2051,82593,5197,9,2881,11131,15056,0.019746596576358,0.7951880307319046,0.05003562282171259,8.665010686846513e-05,0.027737661987560894,0.10716692661698728,1.0808517367986241,0.14495600100129014
mid_high,97362,2525,48373,15124,193,515,30629,14502,0.025934142684004027,0.4968365481399314,0.1553378114664859,0.0019822928863416937,0.005289538012777059,0.31458885396766706,1.6380312717123284,0.14894928206076294
mid_high,92894,18341,44212,14394,859,248,14838,12952,0.19744009300923634,0.47594031907335244,0.1549508041423558,0.00924709884384352,0.0026697095614356147,0.1597304454539583,1.896746442437814,0.13942773483755677
mid_high,74719,29486,38748,3743,535,529,1675,11432,0.3946251957333476,0.5185829574806944,0.050094353511155126,0.0071601600663820444,0.007079859205824489,0.022417323572317616,1.4614337868203005,0.15299990631566268
mid_high,137071,8750,84832,31161,1248,11,11066,16011,0.06383553049149711,0.6188909397319637,0.22733473893091902,0.009104770520387245,8.025038118931065e-05,0.08073188347644651,1.523586303327285,0.11680807756564117
mid_high,95122,20188,49170,8303,16,0,17441,15976,0.21223271167553248,0.5169151195307079,0.08728790395492105,0.00016820504194613232,0.0,0.18335400853640588,1.724631346648052,0.16795273438321315
mid_high,102124,21958,73114,443,1057,3247,2302,12764,0.21501312130351338,0.7159335709529592,0.004337863773451882,0.010350162547491285,0.03179468097606831,0.022541224393874112,1.2057540563717601,0.12498531197367906
mid_high,59286,19503,33622,4317,51,0,1791,7477,0.3289646796882907,0.5671153392031846,0.07281651654690821,0.0008602368181358163,0.0,0.03020949296629896,1.4282200426339866,0.126117464494147
mid_high,83569,1720,44916,16585,0,5,20342,11515,0.020581794684631862,0.5374720291017004,0.19845875863059267,0.0,5.9830798501836804e-05,0.24341562062487285,1.5568091509262807,0.13779032894973017
mid_high,61373,15322,30073,8631,0,437,6907,8509,0.24965375653789126,0.4900037475762958,0.14063187395108598,0.0,0.0071203949619539535,0.11254134554282828,1.8075423620770912,0.13864402913333224
mid_high,111830,14424,83817,13356,0,11,220,15588,0.12898148976124474,0.7495037109898953,0.11943127962085308,0.0,9.836358758830368e-05,0.0019672717517660735,1.0780382371820494,0.13939014575695252
mid_high,125096,6081,58796,56525,10,0,3681,20374,0.048610667007738056,0.47000703459742915,0.4518529769137303,7.993860714970903e-05,0.0,0.02942540129180789,1.3926474801687552,0.16286691820681717
mid_high,65291,12504,37445,8111,684,1737,4807,10670,0.19151184696206217,0.5735093657625093,0.12422845415141444,0.010476175889479408,0.02660397298249376,0.07362423611217472,1.7756667092149208,0.16342221745722993
mid_high,64515,10512,50825,1354,937,0,884,8220,0.16293885142990003,0.7878012865225141,0.02098736727892738,0.0145237541656979,0.0,0.01370223978919631,0.9880616538092799,0.12741222971402
mid_high,66167,15253,37994,12617,1,173,126,9182,0.23052276814726375,0.574213731920746,0.1906841779134614,1.5113273988544139e-05,0.002614596400018136,0.0019042725225565614,1.443345467994669,0.13877008176281228
mid_high,145038,38707,83638,15065,0,4,7622,22230,0.2668748879603966,0.5766626677146679,0.10386933079606724,0.0,2.7578979301976035e-05,0.052551745059915334,1.5297128182777473,0.15327017747073182
mid_high,81464,9084,45486,21255,5,0,5632,10380,0.11150937837572425,0.5583570656977315,0.2609127958361976,6.137680447805166e-05,0.0,0.06913483256407739,1.595412040387203,0.12741824609643523
mid_high,146038,5356,100196,25840,2238,5109,7296,18891,0.03667538585847519,0.6860953998274422,0.1769402484284912,0.015324778482312822,0.034984045248496964,0.04995959955627987,1.4675079648663971,0.12935674276558157
mid_high,110165,9175,75482,13474,16,3211,8804,17599,0.08328416466209776,0.6851722416375436,0.12230744791903055,0.00014523669041891708,0.029147188308446422,0.07991648890300912,1.484982755969235,0.1597512821676576
mid_high,108020,29529,66676,10767,205,14,826,14073,0.2733660433253101,0.6172560636919089,0.09967598592853176,0.001897796704314016,0.00012960562858729864,0.0076467320866506205,1.3453196085710593,0.13028142936493242
mid_high,134417,3365,68837,46240,7,3633,12332,21101,0.025034035873438627,0.5121152830371158,0.3440041066234182,5.207674624489462e-05,0.027027831301100307,0.09174434781314864,1.61491469750146,0.1569816317876459
mid_high,156447,14776,106267,15640,1,531,19229,25525,0.09444732081791278,0.6792523985758755,0.09996995787710854,6.39194104073584e-06,0.003394120692630731,0.12291063427230947,1.4323495130421633,0.16315429506478232
mid_high,124323,3320,106004,7912,182,0,6902,18354,0.02670463228847438,0.8526499521407945,0.06364067791156906,0.001463928637500704,0.0,0.05551667832983438,0.8339094839522356,0.14763157259718637
mid_high,101167,27529,41899,28783,1218,1062,673,14491,0.27211442466416913,0.41415679025769275,0.28450977097274804,0.012039499046131644,0.0104974942421936,0.006652366878527583,1.7474845187253554,0.14323840778119348
mid_high,101384,7192,56476,24011,946,4,12751,14517,0.07093821510297482,0.5570504221573424,0.23683224177384993,0.009330860885346801,3.945395723191036e-05,0.12576935216602225,1.6728588011057808,0.14318827428391068
mid_high,105598,15982,73941,12779,2352,2,538,16292,0.15134756340082198,0.7002121252296445,0.12101554953692305,0.02227314911267259,1.8939752646830432e-05,0.005094793461997386,1.3023371909470587,0.1542832250610807
mid_high,172559,80194,71619,9884,0,10828,31,24961,0.4647338011926356,0.4150406527622436,0.057278959660174204,0.0,0.06274955232703018,0.00017964869986497373,1.5295232281722766,0.14465197410740674
mid_high,121696,27199,54907,14963,0,78,24546,16223,0.22349953983697082,0.45118163292137786,0.12295391795950565,0.0,0.0006409413620825664,0.20169931632921378,1.8456423024702073,0.13330758611622404
mid_high,119120,12567,77816,24303,0,0,4432,13449,0.10549865681665548,0.6532572196104768,0.2040211551376763,0.0,0.0,0.037206178643384824,1.3881225402355326,0.11290295500335795
mid_high,82105,2350,57440,17586,0,301,4425,12116,0.028621886608610925,0.6995919858717496,0.21418914804214115,0.0,0.0036660373911454845,0.05389440350770355,1.240228196761401,0.14756713963826806
mid_high,150726,15486,105392,25123,3,3426,1292,24875,0.10274272520998368,0.6992290646603772,0.16667993577750356,1.9903666255324232e-05,0.02272998686358027,0.008571845600626302,1.3123071669819368,0.16503456603373007
mid_high,87680,11876,42347,17672,0,0,15783,13448,0.1354470802919708,0.4829721715328467,0.20155109489051096,0.0,0.0,0.18000684306569342,1.8088267204882136,0.1533759124087591
mid_high,58206,17922,27384,10865,31,0,2003,9048,0.30790640140191733,0.4704669621688486,0.1866646050235371,0.0005325911418066866,0.0,0.0344122599044772,1.660129596638398,0.1554478919699
mid_high,70305,11718,26063,17685,0,4,14832,9017,0.16667377853637722,0.37071332053196787,0.25154683166204395,0.0,5.6894957684375224e-05,0.21096650309366333,1.9368164984358578,0.12825545836000285
mid_high,91554,4490,43992,32188,755,0,10126,12805,0.049042095375406866,0.4805033095222492,0.35157393450859603,0.008246499333726544,0.0,0.11060139371299998,1.6600232067071037,0.13986281320313695
mid_high,114860,16127,67898,8184,549,8099,14000,14282,0.14040571130071391,0.5911370363921296,0.07125195890649487,0.004779731847466481,0.07051192756399094,0.12188751523593941,1.7942707410922043,0.12434267804283476
mid_high,52266,9438,24465,13916,518,0,3926,6719,0.18057628286075078,0.46808632763172997,0.2662533960892358,0.009910840699498718,0.0,0.07511575402747483,1.8133509118702942,0.12855393563693415
mid_high,97403,15188,53624,16225,1664,0,10700,12351,0.15592948882477953,0.5505374577785078,0.16657597815262365,0.017083662720860752,0.0,0.10985287927476567,1.7731692010229525,0.1268030758806197
mid_high,72491,8185,41264,11707,6,0,11326,8415,0.11291056820846726,0.5692292836352099,0.16149590983708323,8.276889544909023e-05,0.0,0.156240084976066,1.662400550710832,0.11608337586734906
mid_high,55374,328,36139,10274,0,0,8630,6400,0.005923357532415935,0.6526348105609131,0.1855383392928089,0.0,0.0,0.15584931556326073,1.3144754083446075,0.11557770794957922
mid_high,108815,6606,47783,43329,7055,1349,2690,12843,0.060708542020861095,0.4391214446537702,0.39818958783255987,0.06483481137710793,0.012397187887699307,0.02472085649956348,1.76213130723454,0.11802600744382667
mid_high,201079,44277,80026,75306,11,1174,282,25439,0.22019703698546342,0.39798288234972323,0.37450952113348485,5.470486724123354e-05,0.005838501285564381,0.0014024338692752599,1.5977684171192001,0.1265124652499764
mid_high,83727,7183,44804,17060,9694,8,4974,10540,0.08579072461690972,0.5351200926821694,0.20375744980711122,0.11578105031829637,9.554862828000525e-05,0.059407359633093265,1.8577066310825763,0.12588531775890693
mid_high,99599,9395,80680,4910,2650,0,1962,14774,0.09432825630779426,0.8100482936575668,0.04929768371168385,0.026606692838281508,0.0,0.019698992961776726,1.0323721211681451,0.1483348226387815
mid_high,140351,19261,86633,4651,20627,55,9121,17762,0.1372345049198082,0.6172595848978633,0.033138346003947244,0.1469672464036594,0.000391874657109675,0.06498706813631538,1.6530464741490856,0.12655413926512815
mid_high,106340,13033,55727,36021,0,0,1557,14063,0.1225597141245063,0.5240455143878127,0.33873424863644913,0.0,0.0,0.014641715252962196,1.4779489187484793,0.1322456272334023
mid_high,91305,7400,65262,16192,31,0,2417,11679,0.08104704014018947,0.7147691802201412,0.1773396856689119,0.000339521384371064,0.0,0.026471715678221347,1.22521820614217,0.12791194348611795
mid_high,167345,21138,120415,23671,2024,0,95,26143,0.12631390241716214,0.7195613851623891,0.1414502972900296,0.012094774268726283,0.0,0.0005676895037198602,1.2009707149864601,0.156222175744719
mid_high,139155,13018,110170,5345,0,2,10617,20755,0.09355035751500126,0.7917070892170601,0.03841040566275017,0.0,1.4372462362114189e-05,0.07629621644928318,1.0506213082446663,0.14915022816284
mid_high,73078,19742,47870,3329,47,21,2065,9741,0.2701497030570076,0.6550535044746709,0.04555406551903446,0.0006431484167601741,0.0002873641862119927,0.028257478310845945,1.2684698576559439,0.13329593037576287
mid_high,110362,13713,76110,3954,0,1,16581,15117,0.12425472535836611,0.6896395498450554,0.03582754933763433,0.0,9.06108986788931e-06,0.15024193109947265,1.3266235452871988,0.13697649553288269
mid_high,74761,24167,45220,2567,0,1309,1496,11470,0.32325677826674337,0.6048608231564586,0.034336084322039565,0.0,0.01750912909137117,0.020010433247281335,1.347500925681879,0.1534222388678589
mid_high,60776,11257,30737,6992,1428,20,10339,9426,0.18522113992365408,0.5057423983151244,0.11504541266289325,0.02349611688824536,0.000329077267342372,0.1701164933526392,1.8725755442292917,0.1550941160984599
mid_high,47355,9402,18391,1036,9793,0,8730,5647,0.19854292049414002,0.3883644810474079,0.02187730968218773,0.20679970436067996,0.0,0.18435223313272095,2.0335871286948652,0.11924823144335339
mid_high,77075,25697,47591,2728,29,2,1025,8765,0.3334025300032436,0.617463509568602,0.03539409665909828,0.00037625689263704186,2.5948751216347713e-05,0.013298734998378203,1.2159950647612252,0.11372040220564385
mid_high,110880,6350,75264,21805,2997,0,4462,18239,0.05726911976911977,0.6787878787878788,0.19665404040404041,0.027029220779220778,0.0,0.040241702741702745,1.4044526302952343,0.16449314574314575
mid_high,130652,18535,101664,3513,2477,494,3966,20322,0.14186541346477666,0.7781281572421395,0.02688822214738389,0.018958760677218873,0.0037810366469705784,0.030355448060496587,1.1135234885123542,0.15554296910877752
mid_high,103529,12600,89021,630,0,1181,94,15852,0.1217050295086401,0.8598653517371944,0.006085251475432004,0.0,0.011407431734103487,0.0009079581566517594,0.6846866073574743,0.15311651807706053
mid_high,73396,20616,31422,14046,13,3203,4094,10230,0.28088724181154284,0.4281159736225407,0.19137282685704943,0.00017712136901193527,0.043639980380402205,0.05577960651806638,1.9267328769649452,0.13938089269169981
mid_high,76927,1586,41789,30417,2373,219,541,12282,0.020616948535624683,0.5432292953059394,0.3954008345574376,0.030847426781234158,0.0028468548104046694,0.0070326413352919,1.3521686691397414,0.15965785744927008
mid_high,125233,2991,96852,19472,2045,0,3871,17330,0.023883481191059864,0.7733744300623637,0.15548617377208881,0.016329561696996796,0.0,0.03091038304600225,1.0848975042877638,0.1383820558478995
mid_high,68903,4496,39421,10513,4,616,13849,11300,0.06525115016762695,0.5721231296169978,0.15257681087906186,5.8052624704294444e-05,0.008940104204461344,0.20099269988244345,1.6586150191323723,0.1639986647896318
mid_high,115700,30970,79096,1442,413,1428,2349,15168,0.26767502160760587,0.6836300777873812,0.012463267070008643,0.0035695764909248057,0.012342264477095938,0.020302506482281765,1.1843489774732183,0.13109766637856526
mid_high,156108,22966,93862,28659,1,0,10617,23970,0.14711609911087195,0.601263228021626,0.183584441540472,6.405821610679785e-06,0.0,0.06801060804058728,1.5608730595606355,0.15354754400799447
mid_high,97421,20069,68236,5676,1172,268,1997,13663,0.206002812535285,0.7004239332382135,0.058262592254236766,0.012030260416132045,0.002750946921095041,0.020498660453085064,1.2833755285803354,0.1402469693392595
mid_high,50442,3771,41531,4544,111,0,482,7101,0.07475912929701439,0.8233416597280044,0.09008366044169541,0.002200547163078387,0.0,0.0095555291225566,0.9069768732767852,0.140775544189366
mid_high,89650,17773,43252,24369,11,428,3815,10620,0.19824874511991075,0.4824539877300614,0.27182375906302286,0.0001226993865030675,0.004774121583937535,0.04255437813720022,1.713200695913165,0.1184606804238706
mid_high,106351,21362,49562,12715,388,0,22322,12694,0.2008631794717492,0.46602288647967577,0.11955693881580803,0.003648296677981401,0.0,0.2098898929018063,1.8471087810404638,0.11935947945952553
mid_high,55933,8124,29496,11388,1400,303,5220,8057,0.14524520408345698,0.5273452165984303,0.2036007365955697,0.025029946543185598,0.005417195573275168,0.09332594353959202,1.8518890214649284,0.14404734235603311
mid_high,138758,25933,55422,24721,0,29112,3569,16728,0.18689372864987966,0.39941480851554506,0.17815909713313827,0.0,0.20980411940212457,0.025721039507631993,2.032960484233351,0.12055521123106415
mid_high,119758,36601,40763,12040,1,0,30350,16966,0.3056246764308021,0.3403780958265836,0.1005360810968787,8.350172848577966e-06,0.0,0.25342774595434125,1.8871012614111973,0.14166903254897376
mid_high,110418,37089,55728,8492,93,4366,4647,13853,0.3358963212519698,0.5047003205999022,0.07690775054791792,0.0008422539803292941,0.03954065460341611,0.04208552953322828,1.696408875574802,0.12545961709141626
mid_high,128735,2777,102040,9019,5689,4,9202,20005,0.021571445216918474,0.7926360352662446,0.07005864760943023,0.04419155629782111,3.107158115508603e-05,0.0714801724472754,1.1252413203363685,0.155396745251874
mid_high,92318,14300,63653,11931,19,0,2412,13356,0.15489936957039796,0.6894971728157022,0.12923806841569357,0.00020581035117745185,0.0,0.026127082475790202,1.3080088382200392,0.14467384475400247
mid_high,109182,10849,94470,1007,0,0,2852,17680,0.09936619589309593,0.8652525141506842,0.009223132018098221,0.0,0.0,0.02612152186257808,0.711385835966192,0.16193145390265795
mid_high,107061,28074,51967,17894,291,210,8622,15125,0.262224339395298,0.48539617601180635,0.1671383603739924,0.0027180766105304455,0.001961498584918878,0.08053352761509794,1.7773960061050311,0.14127460046141918
mid_high,150122,16741,105944,24290,909,19,2216,21003,0.11151596701349568,0.7057193482634124,0.16180173458920077,0.006055075205499527,0.0001265637281677569,0.014761327453671013,1.268967270342957,0.13990620961617883
mid_high,57240,19018,35120,2013,38,489,558,6447,0.3322501747030049,0.6135569531795947,0.035167714884696014,0.0006638714185883997,0.008542976939203355,0.009748427672955974,1.2612358856357146,0.11263102725366876
mid_high,123400,17514,94117,6838,688,2931,1309,16692,0.1419286871961102,0.7626985413290114,0.05541329011345219,0.005575364667747163,0.023752025931928687,0.010607779578606159,1.1686038070522455,0.13526742301458672
mid_high,160675,14206,73055,24096,9,1,49306,21727,0.08841450132254551,0.45467558736580055,0.14996732534619572,5.601369223587988e-05,6.223743581764431e-06,0.3068679010424771,1.7608197768204925,0.1352232768009958
mid_high,161878,31695,93795,15390,0,15898,5097,20038,0.19579559915491915,0.5794178331830143,0.09507159712870186,0.0,0.09820976290786888,0.031486675150421924,1.7254632822297604,0.12378457850974191
mid_high,145495,59327,59412,8607,13733,1597,2816,20374,0.407759716828757,0.408343929344651,0.05915667205058593,0.0943881233032063,0.010976322210385237,0.019354616997147668,1.7996995873847765,0.14003230351558474
mid_high,169953,2573,89607,6838,381,0,70552,21885,0.015139479738515942,0.527245767947609,0.04023465310997747,0.002241796261319306,0.0,0.41512653498320123,1.311184439288819,0.1287708954828688
mid_high,125197,1611,56850,32068,264,1603,32798,19470,0.012867720472535284,0.4540843630438429,0.25614032285118654,0.0021086767254806424,0.01280382117782375,0.26197113349361406,1.7068228489101758,0.15551490850419739
mid_high,121341,7553,80087,31267,2,0,2429,17396,0.06224606686940111,0.6600159880007582,0.2576787730445604,1.6482475008447268e-05,0.0,0.020017965897759206,1.262306834288878,0.14336456762347435
mid_high,97988,6938,64342,8583,0,5,18117,13746,0.07080458831693677,0.6566314242560314,0.08759235824794873,0.0,5.102665632526432e-05,0.18488998652896274,1.4276468817057453,0.14028248356941667
mid_high,79083,19132,41883,7255,1078,9388,345,11244,0.24192304287900054,0.5296081332271159,0.0917390589633676,0.013631248182289493,0.11871072164687733,0.004362505216038846,1.7807729571559918,0.1421797352149008
mid_high,83247,4376,68554,2021,4273,401,3619,11084,0.05256645885137002,0.8235011471884873,0.024277151128569197,0.051329177027400384,0.004816990402056531,0.043473038067437866,1.037969427944166,0.13314593919300396
mid_high,60388,10866,29477,12760,5,6,7271,7385,0.17993641120752468,0.48812678015499766,0.21130025832946944,8.279790686891435e-05,9.935748824269723e-05,0.12040471616877525,1.7943265407813018,0.1222925084453865
mid_high,189234,22745,149079,10516,5133,0,1757,26095,0.12019510236004101,0.787802403373601,0.05557140894342454,0.027125146643837788,0.0,0.009284800828603739,1.0740126310242744,0.13789805214707718
mid_high,129741,11853,69791,47397,51,0,645,18002,0.09135893819224455,0.5379255593836952,0.36532013781302747,0.00039309085023238603,0.0,0.004971443105880177,1.3697994420279753,0.13875336246830222
mid_high,215625,21607,142985,16028,2,28915,6085,26825,0.10020637681159421,0.6631188405797102,0.0743327536231884,9.27536231884058e-06,0.1340985507246377,0.028220289855072463,1.538433115864793,0.12440579710144928
mid_high,80399,20627,51437,4296,0,3293,743,12717,0.25655791738703215,0.6397716389507332,0.05343350041667185,0.0,0.04095822087339395,0.00924140847522979,1.3928536521505774,0.1581736091244916
mid_high,61215,3882,43615,9933,5,0,3777,7752,0.0634158294535653,0.7124887690925427,0.16226415094339622,8.167932696234583e-05,0.0,0.06170056358735604,1.2755537324744461,0.12663562852242097
mid_high,119990,2474,109682,4534,1986,0,1311,17613,0.020618384865405452,0.9140928410700891,0.03778648220685057,0.016551379281606802,0.0,0.010925910492541045,0.5816219917367514,0.14678723226935578
mid_high,113144,23779,79251,6206,1154,710,2041,15343,0.2101658064059959,0.7004436823870466,0.05485045605599943,0.010199391925334087,0.006275189139503642,0.0180389592024323,1.280357288605476,0.13560595347521742
mid_high,129506,6948,97323,22175,1425,288,1343,15904,0.053650023937114884,0.7514941392676787,0.17122758791098483,0.01100335119608358,0.0022238351891032074,0.010370175899186138,1.131645208498077,0.12280512099825491
mid_high,101879,29480,47733,14494,260,51,9857,14209,0.28936287164184965,0.4685263891479108,0.14226680670206815,0.0025520470361899902,0.0005005938417141903,0.09675202936817205,1.7838849977659166,0.13946937052778297
mid_high,56744,14793,31197,5278,1,875,4597,7216,0.2606971662202171,0.5497849992950796,0.09301423939094883,1.7623008600028198e-05,0.015420132525024673,0.08101297053432963,1.6856598923709762,0.12716763005780346
mid_high,86501,1569,57095,26791,72,877,93,14526,0.01813851862984243,0.6600501728303719,0.30971896278655736,0.0008323603195338782,0.010138611114322378,0.001075132079397926,1.1105310782111777,0.16792869446595993
mid_high,101344,2502,82811,13716,2,0,2311,16206,0.024688190716766655,0.8171278023365961,0.1353410167350805,1.973476476160404e-05,0.0,0.02280352068203347,0.8851152203067967,0.15991079886327755
mid_high,188420,18459,108668,58988,0,1083,1220,26407,0.09796730707992782,0.5767328309096699,0.3130665534444326,0.0,0.005747797473728903,0.00647489650780172,1.4006713016808372,0.14014966564059017
mid_high,88257,182,59629,21496,14,2158,4776,14056,0.0020621593754603035,0.6756291285677056,0.24356141722469607,0.0001586276442661772,0.024451318309029312,0.05411468778680444,1.2575089144974436,0.15926215484324188
mid_high,89418,1662,69325,14578,339,239,3271,11240,0.01858686170569684,0.7752913283678902,0.16303205171218324,0.0037911829832919545,0.002672839920373974,0.03658100158804715,1.0460944519035456,0.12570176027198104
mid_high,95494,19617,60678,6977,1025,1932,5262,12015,0.20542651894359856,0.6354116488994073,0.07306218191718851,0.010733658659182776,0.02023163758979622,0.05510293840450709,1.575041483659914,0.12581942320983516
mid_high,58349,4511,22925,1309,7487,0,22115,7343,0.07731066513564928,0.3928944797682908,0.0224339748753192,0.12831410992476305,0.0,0.37901249378738283,1.8485532635996504,0.125846201305935
mid_high,65452,2835,45379,14223,0,37,2976,7753,0.04331418444050602,0.6933172401148934,0.21730428405549104,0.0,0.0005652997616573978,0.0454684348835788,1.249920304347126,0.11845321762512986
mid_high,35688,6045,21513,6499,0,330,1298,4447,0.16938466711499664,0.6028076664425017,0.18210603003810805,0.0,0.009246805648957633,0.036370768885900025,1.557920656968502,0.12460771127549877
mid_high,122786,4725,73734,11038,0,0,33286,16960,0.03848158584854951,0.60050820126073,0.08989624224260095,0.0,0.0,0.2710895378951998,1.445619419451386,0.13812649650611633
mid_high,66030,16743,27205,528,61,0,21491,10588,0.2535665606542481,0.41200969256398606,0.007996365288505225,0.0009238225049220052,0.0,0.3254732697258822,1.6211007208613855,0.16035135544449491
mid_high,89334,8949,29508,25415,3435,21076,949,13692,0.1001746255624958,0.3303109678285983,0.2844941455660779,0.038451205588018,0.2359236125103544,0.010623055051827972,2.1183067975673455,0.153267512929008
mid_high,60924,11240,28357,5728,427,12096,3073,7717,0.1844921541592804,0.4654487558269319,0.0940187774932703,0.0070087321909264,0.1985424463265708,0.05043989232486377,2.014696993945786,0.1266660101109579
mid_high,84121,9438,55031,5814,1826,0,12010,11829,0.1121955278705674,0.654188609265225,0.06911472759477419,0.021706827070529358,0.0,0.14277053292281355,1.5418934756574418,0.14061887043663296
mid_high,77613,17482,40698,16273,2,0,3157,11946,0.22524577068274645,0.5243709172432454,0.2096684833726309,2.576887892492237e-05,0.0,0.04067617538298996,1.6336006983716111,0.15391751381856134
mid_high,128051,825,76140,30493,12,0,20579,15535,0.006442745468602354,0.5946068363386463,0.23813168190798978,9.371266136148878e-05,0.0,0.16070940484650648,1.4109349541148284,0.12131884952089401
mid_high,138818,3377,117726,14568,24,850,2269,20060,0.024326816407094182,0.8480600498494432,0.10494316299039029,0.00017288824215879784,0.00612312524312409,0.016345142560763012,0.8175518012153287,0.14450575573772853
mid_high,176707,6172,124637,45491,15,0,390,22143,0.03492787495684947,0.7053314243351989,0.2574374529588528,8.488628067931661e-05,0.0,0.0022070432976622318,1.0488655678944179,0.12530912753880719
mid_high,74789,26035,37480,8102,2,915,2253,9551,0.3481126903689045,0.5011432162483788,0.10833143911537793,2.6741900546871866e-05,0.01223441950019388,0.030124750966051158,1.6071597480737458,0.12770594606158658
mid_high,72520,16713,33826,19636,504,0,1838,11325,0.23046056260341974,0.4664368450082736,0.2707666850523993,0.0069498069498069494,0.0,0.02534473248758963,1.6957405904507787,0.1561638168781026
mid_high,68223,8239,27190,6558,26171,5,58,10417,0.12076572416926842,0.3985459449159374,0.0961259399322809,0.3836096331149319,7.328906673702417e-05,0.0008501531741494804,1.7619848571226586,0.15269044163991616
mid_high,97704,10618,77240,3988,13,0,5843,11914,0.10867518218291984,0.7905510521575371,0.040817162040448704,0.00013305494145582575,0.0,0.059803078686645375,1.0491086940363625,0.121939736346516
mid_high,67885,5106,44605,14606,5,0,3560,7893,0.07521543787287324,0.6570670987699786,0.2151579877734404,7.365397363187744e-05,0.0,0.052441629225896735,1.3798323891251714,0.11627016277528172
mid_high,137196,23995,87855,15975,15,281,9072,15401,0.17489576955596373,0.6403612350214292,0.11643925478876935,0.00010933263360447827,0.002048164669523893,0.06612437680398846,1.4918048405733986,0.11225545934283798
mid_high,128093,9173,102565,4091,2208,499,9554,17516,0.07161203188308495,0.8007072986033585,0.031937732741055325,0.017237475896419007,0.0038956070979678827,0.07458643329455943,1.099306914465459,0.13674439664930949
mid_high,107120,14557,63709,18087,4021,0,6743,16002,0.13589432412247945,0.5947442120985811,0.16884802091112772,0.03753734129947722,0.0,0.06294809559372666,1.6993562315058763,0.14938386855862584
mid_high,108288,8407,59986,27114,9970,2727,82,14058,0.07763556442080378,0.5539487293144209,0.2503878546099291,0.09206929669030733,0.02518284574468085,0.0007572399527186761,1.7169602073476784,0.12982047872340424
mid_high,110309,26555,71441,11419,341,0,550,12644,0.24073285044737963,0.6476443445231124,0.1035182985975759,0.0030913162117324968,0.0,0.004985993889891124,1.3031029092394943,0.11462346680687886
mid_high,74471,10142,45403,9202,8346,0,1375,12223,0.13618724067086516,0.6096735642062011,0.12356487760336238,0.11207047038444495,0.0,0.018463562997676947,1.6599138800009892,0.1641310040149857
mid_high,221247,29850,154957,23444,176,1139,11678,35797,0.13491708362147284,0.7003801181484947,0.10596301870759829,0.0007954910123075115,0.005148092403512816,0.05278263660072227,1.3642095951841229,0.16179654413393177
mid_high,99687,9283,79812,2676,42,113,7758,15212,0.09312147020173142,0.8006259592524602,0.026844021788197055,0.0004213187276174426,0.0011335480052564527,0.07782358782990761,1.0183540343464101,0.15259763058372708
mid_high,145918,5698,59886,19497,12,206,60616,21715,0.039049329075234035,0.41040858564399185,0.13361614057210214,8.223796927041215e-05,0.001411751805808742,0.41541139544127526,1.6389841265785061,0.14881645855891665
mid_high,125717,11998,53564,59144,642,5,361,14385,0.0954365758012043,0.4260680735302306,0.4704534788453431,0.005106707923351655,3.9771868561928776e-05,0.0028715289101712577,1.4233908024954192,0.1144236658526691
mid_high,82027,6950,42086,29374,0,2358,1257,12633,0.08472819925146598,0.5130749631218989,0.35810160069245495,0.0,0.0287466322064686,0.015324222512099675,1.5658054012151934,0.15401026491277262
mid_high,225561,49434,124008,26240,734,51,25091,32769,0.21916022716693045,0.5497758921090082,0.1163321673516255,0.003254108644668183,0.00022610291672762577,0.11123820163946782,1.6975707886765208,0.14527777408328568
mid_high,86011,12347,51869,14975,499,0,6318,11483,0.14355140621548407,0.6030507725756008,0.17410563765099812,0.005801583518387183,0.0,0.07345572077990024,1.6009074823417795,0.13350617944216436
mid_high,70122,24077,39830,4786,15,0,1412,10780,0.34335871766350073,0.5680100396451898,0.06825247425914834,0.00021391289466929066,0.0,0.02013633381820256,1.3734316617604625,0.15373206696899688
mid_high,169950,39425,101457,7858,23,0,21185,23285,0.23197999411591644,0.596981465136805,0.04623712856722566,0.00013533392174168874,0.0,0.1246543100912033,1.51454849926091,0.13701088555457488
mid_high,133779,20231,91181,18833,0,0,3532,17649,0.15122702367337176,0.6815793211191592,0.14077695303448223,0.0,0.0,0.026401752143460484,1.325691059930071,0.13192653555490771
mid_high,138125,36873,66228,19977,0,0,15046,21380,0.26695384615384615,0.4794787330316742,0.14462986425339366,0.0,0.0,0.10893031674208145,1.7689760132226722,0.15478733031674208
mid_high,118740,28576,61083,11116,921,811,16230,14609,0.2406602661276739,0.5144264780192016,0.09361630453090787,0.00775644264780192,0.006830048846218629,0.13668519454269834,1.8036952283177456,0.12303351861209365
mid_high,148001,5888,79131,57412,3844,1,1721,22767,0.03978351497625016,0.5346653063154979,0.38791629786285226,0.0259727974810981,6.756711103303356e-06,0.011628299808785075,1.4096208112457747,0.15383004168890752
mid_high,59123,13042,14066,15419,759,0,15834,6678,0.2205909713647819,0.23791079613686722,0.2607952911726401,0.012837643556653079,0.0,0.2678145560949208,2.0692277856111465,0.11295096662889231
mid_high,82004,19613,54232,6525,0,0,1631,12448,0.23917125993853958,0.6613335934832447,0.07956928930296082,0.0,0.0,0.019889273693966147,1.2911105083647776,0.15179747329398566
mid_high,107808,18612,58401,5467,13081,52,12191,15520,0.17264024933214603,0.5417130454140695,0.05071052241021075,0.12133607895517957,0.0004823389729890175,0.11308066191748294,1.8648443053130705,0.1439596319382606
mid_high,193891,20365,55484,76345,15793,18539,7363,25797,0.10503324032575004,0.28616078105739823,0.3937521597186048,0.08145298131424357,0.09561557782465406,0.03797494468541603,2.1851731567717927,0.13304898112857225
mid_high,122330,27461,74241,17542,0,11,3072,16091,0.22448295593885392,0.6068911959453936,0.14339900269762118,0.0,8.992070628627483e-05,0.025112400882857842,1.4575734265647913,0.1315376440774953
mid_high,128305,6610,91982,21500,957,20,7233,14475,0.05151786758115428,0.716901134016601,0.16756946338802073,0.007458789602899341,0.00015587857059350766,0.056373485055142045,1.2850775521011983,0.11281711546705117
mid_high,75614,5980,59604,9244,1,6,776,11847,0.0790858835665353,0.788266723093607,0.12225249292459069,1.3225064141561087e-05,7.935038484936652e-05,0.010262649773851404,0.9998291277082297,0.15667733488507418
mid_high,202062,4340,108857,7907,7661,0,73295,31728,0.02147855608674565,0.5387306866209381,0.03913155368154329,0.03791410557155724,0.0,0.36273520008710197,1.4923989170634449,0.15702111233185853
mid_high,203183,13409,97469,36253,432,12042,43575,32566,0.06599469443801893,0.47971040884325955,0.17842536038940265,0.002126162129705733,0.05926676936554731,0.21446183981927622,1.947700508569714,0.1602791572129558
mid_high,107947,54245,34980,8140,12,0,10567,13931,0.5025151231622926,0.32404791240145625,0.07540737584184831,0.00011116566463171742,0.0,0.09789063151361316,1.636551049739447,0.12905407283203796
mid_high,162170,45409,66853,40685,4702,171,4348,25768,0.28000863291607575,0.41224024172165014,0.2508787075291361,0.028994265277178268,0.00105444903496331,0.02681137078374545,1.8402522871319884,0.15889498674230745
mid_high,87901,666,70107,2576,315,0,14234,11557,0.0075767056119953125,0.7975677182284616,0.02930569618093082,0.003583576978646432,0.0,0.16193217369540733,0.9173149154125916,0.1314774575943391
mid_high,212850,60642,88582,28478,33886,740,519,23995,0.28490486257928116,0.4161710124500822,0.13379375146817007,0.15920131548038524,0.003476626732440686,0.002438336856941508,1.9023183400899697,0.11273197087150576
mid_high,123601,3030,90442,27092,145,1,2888,14861,0.024514364770511565,0.731725471476768,0.2191891651362044,0.001173129667235702,8.090549429211737e-06,0.0233655067515635,1.0790480945506076,0.12023365506751564
mid_high,53769,1378,41593,8806,1645,0,345,8306,0.025628150049284905,0.7735498149491342,0.16377466569956667,0.03059383659729584,0.0,0.006416336550800647,1.0501525948063701,0.15447562722014543
mid_high,136731,25047,82336,25342,700,896,2406,19528,0.18318450095442876,0.6021750736848264,0.18534202192626398,0.005119541289100496,0.006553012850048636,0.017596594773679707,1.5289475395909062,0.14282057470507786
mid_high,45812,7687,23270,1717,339,61,12736,6562,0.1677944643324893,0.5079455164585698,0.03747926307517681,0.007399807910591112,0.001331528857068017,0.2780057626822667,1.6845921571367184,0.143237579673448
mid_high,91868,12717,57237,4855,9206,7467,383,14898,0.13842687334000958,0.6230352244524753,0.052847563896024734,0.10020899551530457,0.08127966212391692,0.004169025123002569,1.7042343383301033,0.1621674576566378
mid_high,149539,11900,81845,44651,34,546,10559,24682,0.07957790275446538,0.5473154160453126,0.29859100301593566,0.00022736543644132968,0.0036512214204990003,0.0706103424524706,1.5894986958795108,0.16505393241896762
mid_high,60790,4188,46307,3974,6033,142,143,8946,0.06889291001809508,0.7617535778911005,0.06537259417667379,0.09924329659483468,0.0023359105115973024,0.0023523605856226354,1.1939385665428839,0.14716236223063003
mid_high,106364,9129,49967,32894,84,0,14288,14088,0.08582791169944719,0.4697736076115979,0.30925877176488287,0.0007897408897747358,0.0,0.13433116467977887,1.7368637970392873,0.13245082922793427
mid_high,148435,17024,91896,37741,767,473,531,21316,0.11468993161990097,0.6190992690403206,0.25425944015899216,0.005167244922019739,0.003186579984505002,0.0035773234075521273,1.3836550227491309,0.14360494492538822
mid_high,48141,419,32407,11943,1385,14,1970,5592,0.008703599842130408,0.6731684011549407,0.24808375397270518,0.0287696558027461,0.00029081240522631436,0.04092145987827424,1.2822289220663503,0.11615878357325357
mid_high,145228,34138,79572,21597,44,6799,3075,18895,0.2350648635249401,0.5479108711818658,0.14871099237061725,0.00030297187870107693,0.04681604098383232,0.021173602886495717,1.7035474556747299,0.13010576472856475
mid_high,121250,3860,90247,7319,15596,131,4094,17754,0.031835051546391754,0.7443051546391752,0.06036288659793814,0.12862680412371133,0.0010804123711340206,0.033764948453608244,1.276177646504455,0.14642474226804122
mid_high,168396,27325,96740,36104,1512,284,6428,22344,0.1622663246157866,0.5744792037815625,0.21439939190954654,0.008978835601795767,0.0016865008670039667,0.03817192807430105,1.6178535721564076,0.13268723722653744
mid_high,189347,41355,97545,40553,37,11,9843,29837,0.21840853037016694,0.5151652785626389,0.21417292061664564,0.00019540843002529746,5.8094398115628974e-05,0.05198392369564873,1.6734591789758817,0.1575784142341838
mid_high,51417,2374,23291,22687,10,673,2378,7340,0.046171499698543284,0.45298247661279345,0.4412353890736527,0.0001944882042904098,0.013089056148744579,0.046249294980259446,1.5325668187917432,0.14275434194916078
mid_high,90941,6193,55715,24237,1721,252,2820,10932,0.06809909721687687,0.6126499598640877,0.266513453777724,0.018924357550499774,0.002771027369393343,0.031009115800354075,1.4927092728157647,0.12020980635796835
mid_high,67374,2253,39974,21534,52,0,3557,8696,0.033440199483480273,0.5933149286074747,0.31961884406447594,0.0007718110843945735,0.0,0.05279484667675958,1.3687461245242554,0.1290705613441387
mid_high,157437,38458,88530,19114,1491,0,9841,18874,0.24427548797296697,0.5623201661617028,0.12140729307596054,0.009470454848606109,0.0,0.06250754269961953,1.6467545898714646,0.11988287378443441
mid_high,77355,1145,52129,20312,96,1359,2311,11468,0.014801887402236442,0.6738930902979768,0.26258160429190097,0.001241031607523754,0.017568353694008144,0.029875250468618705,1.2459853124193716,0.14825156744877513
mid_high,88713,20834,58148,1591,5150,2408,580,14331,0.23484720390472646,0.6554619954234442,0.01793423737220024,0.05805237112937225,0.02714371061738415,0.006537936942725418,1.4214397773763758,0.16154340401068615
mid_high,38094,7760,24437,1948,4,314,3629,6043,0.2037066204651651,0.641492098493201,0.0511366619415131,0.00010500341261090986,0.008242767889956424,0.09526434609124797,1.4793982043508107,0.15863390560193205
mid_high,115646,18188,53044,12147,3226,0,29038,15766,0.15727305743389308,0.4586756135101949,0.10503605831589506,0.02789547411929509,0.0,0.251093855386265,1.9215976551492746,0.13632983414904104
mid_high,88513,1514,41789,38962,205,5407,632,10324,0.01710483205856767,0.4721227390326845,0.44018392778461923,0.0023160439709421217,0.06108707195553196,0.007140194095782541,1.450240488218724,0.11663823393173885
mid_high,104243,8824,51466,32266,3809,755,7121,12053,0.08464836967470238,0.49371180798710707,0.3095267787765126,0.03653962376370595,0.007242692554895773,0.0683115413025335,1.8183811552255733,0.11562407068100496
mid_high,167625,29161,109950,19202,445,7773,1091,25688,0.17396569724086502,0.6559284116331097,0.11455331841909024,0.0026547352721849366,0.046371364653243846,0.006508575689783743,1.4715263766732312,0.15324683072334078
mid_high,199337,2568,151445,16217,19228,0,9876,31149,0.012882706170956722,0.7597435498678118,0.081354690800002,0.09645976411805134,0.0,0.049544239152791505,1.2167607016173072,0.15626301188439679
high,81084,19715,32139,28499,65,0,663,12186,0.24314291352177989,0.3963667307976913,0.3514750135661783,0.0008016378077055893,0.0,0.00817670563859701,1.6203739742636716,0.15028858961077401
high,73954,3147,21597,6901,6228,0,36079,10698,0.04255347918976661,0.29203288530708277,0.09331476323119778,0.0842145117235038,0.0,0.4878573167103875,1.8374931985016962,0.14465748979095114
high,36233,574,18493,9936,3763,306,3159,5005,0.01584191206910827,0.5103910799547374,0.274225153865261,0.10385560124748158,0.008445339883531588,0.08718571467998786,1.8062153040797237,0.1381337454806392
high,123341,70,113692,6592,1064,0,1921,20284,0.0005675322885334155,0.9217697278277296,0.05344532637160393,0.008626490785707916,0.0,0.015574707518181302,0.4929691374994496,0.16445464200874
high,73425,19219,33763,1786,8682,0,9972,13501,0.2617500851208716,0.45982975825672456,0.02432414027919646,0.11824310520939735,0.0,0.1358120531154239,1.907350198360212,0.18387470207694928
high,47672,3811,28905,4818,651,19,9463,9273,0.07994210437992952,0.6063307601946636,0.10106561503607987,0.013655814734015774,0.0003985568048330257,0.19850226548078537,1.6153820441875921,0.19451669743245512
high,61815,3682,43182,10989,190,0,3768,12478,0.059564830542748526,0.6985683086629458,0.17777238534336326,0.003073687616274367,0.0,0.06095607862169376,1.3185875979937185,0.20186038987300817
high,99666,13692,77747,5232,0,0,2993,17767,0.1373788453434471,0.7800754520097124,0.05249533441695262,0.0,0.0,0.030030301206028134,1.0480025072807015,0.17826540645756828
high,139976,19560,87864,13969,117,0,18464,24094,0.13973824084128708,0.627707607018346,0.09979567925930159,0.0008358575755843859,0.0,0.13190832714179573,1.5443038085427094,0.1721295079156427
high,89210,19172,52505,5480,1216,0,10834,17171,0.2149086425288645,0.5885550947203229,0.06142809102118597,0.013630758883533236,0.0,0.12144378432911108,1.6279125656374487,0.19247842170160295
high,87122,5806,58570,4628,5703,5764,6648,14210,0.06664217993159019,0.6722756594201235,0.053120910906544846,0.06545992975367874,0.06616009733477193,0.07630678818208948,1.6704060192274799,0.16310461192350956
high,118395,43259,59063,14174,1,0,1896,17990,0.3653786055154356,0.4988639722961274,0.11971789349212382,8.44630263102327e-06,0.0,0.01601418978842012,1.4934965005951775,0.15194898433210863
high,36580,1545,26292,2762,5678,0,301,7269,0.04223619464188081,0.7187534171678512,0.07550574084199016,0.15522143247676326,0.0,0.008228540185893932,1.2908479687883359,0.1987151448879169
high,76521,3810,26084,45904,242,0,479,14523,0.04979025365585918,0.34087374707596607,0.599887612550803,0.0031625305471700577,0.0,0.006259719554109329,1.259105050116279,0.18979103775434195
high,68543,3216,44556,20177,591,0,0,13352,0.0469194520228178,0.6500444976146361,0.2943699575448988,0.008622324672103642,0.0,0.0,1.1895034914454792,0.19479742643304204
high,70432,4303,47501,12910,44,0,5670,9792,0.06109438891412994,0.6744235574738755,0.18329736483416628,0.0006247160381644707,0.0,0.08050318037255792,1.3775675232346853,0.13902771467514766
high,111646,14001,73617,20507,1240,10,2268,21115,0.12540529889113805,0.6593787506941583,0.18367877039929778,0.011106533149418698,8.956881572111853e-05,0.020314207405549685,1.4083526576753598,0.18912455439514178
high,93902,14026,72622,6502,280,0,470,12928,0.1493684905539818,0.7733807586632873,0.06924240165278694,0.0029818321228514836,0.0,0.00500521820621499,1.026459473433262,0.1376754488722285
high,175652,16323,94094,54953,5252,582,4445,28324,0.09292806230501219,0.5356841937467265,0.31285154737776966,0.029900029603989707,0.0033133696171976407,0.02530571812447339,1.6383516184506022,0.16125065470361852
high,99563,6167,43095,36948,565,61,12725,16231,0.06194068077498669,0.4328415174311742,0.3711017144923315,0.005674798871066561,0.0006126774002390447,0.1278085232465876,1.7304030316501025,0.16302240792262185
high,60404,500,45610,7967,937,0,5387,8721,0.00827759751009867,0.7550824448712006,0.1318952387259122,0.015512217733924905,0.0,0.08918283557380306,1.15297547190725,0.14437785577114098
high,44040,6137,15568,6383,19,1370,14560,7218,0.13935059037238873,0.35349682107175295,0.14493642143505903,0.0004314259763851044,0.031108083560399638,0.33060853769300635,2.018880678624689,0.16389645776566758
high,57821,1018,51761,4577,248,6,209,9001,0.017606060081977137,0.8951937877241832,0.07915809135089327,0.004289099116238045,0.00010376852700575915,0.0036146036907006105,0.5996698138632737,0.1556700852631397
high,39019,2217,31347,2912,8,0,2532,7627,0.056818473051590254,0.8033778415643661,0.0746303083113355,0.000205028319536636,0.0,0.06489146313334529,1.026818078527108,0.19546887413824035
high,59398,6113,31157,19652,519,5,1949,10313,0.10291592309505371,0.5245462810195629,0.3308528906697195,0.008737667934947305,8.417791844843261e-05,0.03281255261119903,1.5764898179485234,0.1736253745917371
high,95808,10995,64034,19602,0,0,1174,18942,0.11476077154308617,0.6683575484301937,0.20459669338677355,0.0,0.0,0.01225367401469606,1.2931239866652766,0.19770791583166333
high,93262,24410,47959,20016,0,1,873,17742,0.26173575518431946,0.5142394544401793,0.21462117475499132,0.0,1.0722480753147048e-05,0.009360725697497373,1.5393041624261001,0.19023825352233492
high,121578,8255,78251,27944,390,0,6736,22940,0.0678987974798072,0.6436279590057412,0.2298442152363092,0.003207817203770419,0.0,0.05540476072973729,1.4180214261219448,0.18868545296023953
high,91338,13128,54321,18519,1,0,5367,14867,0.14372988241476714,0.5947250870393483,0.20275241411022796,1.094834570496398e-05,0.0,0.05875977139854168,1.5553354939372308,0.16276905559569949
high,130779,18328,87540,12363,220,0,12326,22855,0.14014482447487747,0.669373523272085,0.0945335260248205,0.001682227268904029,0.0,0.09425060598414119,1.4433053147500683,0.17476047377637083
high,98244,14507,50804,32000,6,268,655,15615,0.1476629616057978,0.5171206384104882,0.32571963682260496,6.107243190423842e-05,0.0027279019583893163,0.006667073816212695,1.4988932519267402,0.1589410040307805
high,40335,9641,15302,5451,4076,18,5843,7303,0.23902318086029503,0.37937275319201685,0.13514317590182223,0.10105367546795586,0.00044626255113425065,0.14486178257096813,2.157126827168568,0.18105863394074626
high,43618,319,30883,7708,57,24,4623,8732,0.007313494428905497,0.7080333807143839,0.17671603466458802,0.0013067999449768444,0.000550231555779724,0.10598835343206933,1.2081166741336489,0.2001925810445229
high,61726,12824,31299,14734,0,0,2867,8767,0.2077568609662055,0.5070634740627936,0.23870006156238863,0.0,0.0,0.046447202151443476,1.6668017179248136,0.14203091079933902
high,56959,1936,39543,12107,356,1964,1051,11589,0.033989360768271915,0.6942362049895539,0.21255640021770045,0.006250109728050001,0.03448094243227585,0.018451868888147614,1.325768772597962,0.2034621394336277
high,61754,9961,36931,6559,6791,0,1509,11661,0.16130129222398548,0.5980341354406192,0.1062117433688506,0.10996858503092917,0.0,0.024435664086536905,1.6928096240747157,0.18882987336852675
high,88616,25429,32386,22336,3354,13,5095,14241,0.2869572086304956,0.3654644759411393,0.25205380518190845,0.03784869549517017,0.0001467003701363185,0.05749526044958021,1.9662503214854945,0.16070461316240858
high,69352,630,60455,7646,478,0,139,9732,0.00908409274426116,0.8717124235782674,0.11024916368669974,0.006892375129772753,0.0,0.0020042680816703194,0.6524540842020744,0.14032760410658668
high,113432,5,47597,51940,6698,0,7189,22492,4.4079272163058044e-05,0.4196082234290147,0.45789547922984697,0.05904859298963255,0.0,0.06337717751604485,1.535633592182662,0.1982861978983003
high,48941,6654,15976,6401,6167,0,13741,8056,0.13595962485441654,0.3264338693528943,0.13079013506058315,0.12600886782043685,0.0,0.2807666373797021,2.1935417419730445,0.16460636276332727
high,51149,2695,23259,24854,0,0,340,7577,0.0526892021349391,0.45473029775753193,0.48591370310269993,0.0,0.0,0.006647246280474692,1.2947539863398854,0.14813583843281394
high,138981,5284,107699,16938,11,2,9045,19525,0.03801958541095545,0.7749188738028939,0.12187277397629892,7.914750937178463e-05,1.4390456249415387e-05,0.0650808383879811,1.092329081770498,0.14048682913491772
high,67853,17807,23601,14262,12109,0,72,13412,0.2624349697139404,0.3478254461851355,0.21018967473803662,0.17845931646353147,0.0,0.0010611174155895835,1.9635954229725727,0.1976625941373263
high,118305,5735,79670,22317,2002,0,8579,21088,0.04847639575673048,0.6734288491610667,0.1886395334094079,0.016922361692236168,0.0,0.07251595452432273,1.4238240353413492,0.17825113055238578
high,50229,11683,23885,4414,90,7656,2498,8865,0.2325947161998049,0.4755221087419618,0.08787752095403054,0.0017917935853789643,0.1524219076629039,0.04973222640307392,1.9529931124465276,0.17649166815982797
high,50591,13755,28336,8345,0,0,152,10293,0.2718863038880433,0.5600996224624933,0.16495028760056135,0.0,0.0,0.0030044869640845208,1.4332614993462245,0.2034551600086972
high,99474,8412,83861,3759,470,1,2968,17957,0.0845648109053622,0.8430444136156181,0.037788768924543095,0.004724852725335263,1.0052878139011198e-05,0.02983694231658524,0.8754614409077268,0.1805195327422241
high,40381,1071,22310,13236,517,2,3243,7801,0.02652237438399247,0.5524875560288255,0.3277779153562319,0.01280305093979842,4.952824348084495e-05,0.08031004680419009,1.5126692054638797,0.19318491369703575
high,58236,1375,24123,13367,2294,3705,13370,11712,0.023610824919293907,0.4142283123840923,0.22953156123360122,0.03939144171989834,0.06362044096435195,0.22958307576069786,2.065679163394541,0.20111271378528744
high,51166,1175,23673,21986,1904,0,2426,9071,0.022964468592424656,0.46267052339444165,0.4296994097642966,0.037212211234022595,0.0,0.04741429855763593,1.5483639670985445,0.17728569753351836
high,66953,6419,54029,4974,2,0,1527,11734,0.0958732245007692,0.8069690678535689,0.07429092049646767,2.9871701044015952e-05,0.0,0.022807043747106178,0.9774891298126509,0.17525727002524158
high,70055,5175,62801,855,152,0,1069,13973,0.07387053029762329,0.8964527870958533,0.01220469631004211,0.0021697237884519306,0.0,0.015259439012204697,0.6078941173894635,0.19945756905288703
high,83573,748,44818,25545,162,1615,10682,14146,0.008950259054957941,0.5362736769052205,0.30566091919639116,0.0019384250894427626,0.019324422959568283,0.12781640003350364,1.572492850916447,0.16926519330405754
high,58858,3895,39430,7118,1527,0,6885,10323,0.0661762207346495,0.6699174283869652,0.1209351320126406,0.025943796934996093,0.0,0.11697645179924564,1.5138060654591114,0.17538822250161407
high,66785,6508,25237,29375,3,0,5660,11698,0.09744703151905368,0.37788425544658233,0.43984427640937335,4.4920266526914725e-05,0.0,0.08474956951411244,1.6814904078479582,0.17515909261061616
high,44770,4489,34160,5980,71,0,66,8510,0.100268036631673,0.7630109448291267,0.13357158811704267,0.0015858834040652222,0.0,0.0014742014742014742,1.0469910241594533,0.19008264462809918
high,58364,6406,36514,12435,25,251,2730,8624,0.10975944075114796,0.6256253855116167,0.2130594201905284,0.00042834624083339047,0.00430059625796724,0.046775409499006236,1.49370887951849,0.14776231923788638
high,63262,8777,43917,1943,8517,3,103,10810,0.13874047611520343,0.6942082134614777,0.03071354051405267,0.13463058392083715,4.7421833011918686e-05,0.001628149600075875,1.32046121292576,0.17087667161961367
high,83721,19667,41908,17536,172,0,4435,15233,0.23491119312956127,0.5005673606383105,0.20945760322977508,0.002054442732408834,0.0,0.05297356696647197,1.7059251422811437,0.18194957059758005
high,88378,9481,48690,15710,12237,142,2116,13784,0.10727782932403992,0.5509289642218652,0.17775917083437054,0.13846206069383785,0.0016067347077326937,0.023942610151847746,1.801087072733516,0.15596641698160177
high,65977,16404,22450,24017,3,103,2997,10031,0.2486320990648256,0.3402700941237098,0.36402079512557406,4.5470391196932266e-05,0.001561150097761341,0.04542492080573533,1.7769679204132984,0.15203783136547586
high,78871,29825,41954,290,1211,0,5589,11469,0.37814912959135805,0.5319318887804136,0.003676890111701386,0.015354185949208201,0.0,0.07086254770447947,1.4078169154324187,0.14541466445207998
high,79972,3666,50825,20157,3512,0,1809,15883,0.04584104436552793,0.6355349372280298,0.2520507177512129,0.04391537037963287,0.0,0.0226204171460011,1.4422766609049147,0.19860701245435902
high,71884,12077,48327,949,3,80,10445,11263,0.16800678871515218,0.6722914695898948,0.013201825162762228,4.173390462411663e-05,0.001112904123309777,0.14530354459963274,1.3157724896256746,0.15668298926047522
high,93650,10749,58330,9068,951,57,14491,15374,0.11477843032568072,0.6228510411105179,0.09682861719167112,0.01015483182060865,0.0006086492258408969,0.15473571809930592,1.6003654892463939,0.164164442071543
high,92624,5317,52224,20397,860,24,13799,17656,0.05740412851960615,0.5638279495595094,0.2202129037830368,0.009284850578683711,0.00025911210917256864,0.1489786664363448,1.6584788462449414,0.19062014164795302
high,29861,2824,18001,7839,11,324,859,5516,0.0945715146847058,0.6028264291215968,0.26251632564214195,0.0003683734637152138,0.010850272931248116,0.02876661866648806,1.4907623917387334,0.18472254780482905
high,101990,28671,44372,26786,488,0,1671,14902,0.2811157956662418,0.435062261005981,0.26263359152858123,0.004784782821845279,0.0,0.01638395921168742,1.677686864969967,0.14611236395725072
high,64100,5683,41523,5008,592,170,11121,11325,0.08865834633385336,0.6477847113884555,0.07812792511700468,0.009235569422776911,0.0026521060842433697,0.17349453978159127,1.5265962694584176,0.1766770670826833
high,103640,19007,38792,35197,1128,28,9485,20134,0.18339444230027016,0.37429563874951755,0.3396082593593207,0.010883828637591663,0.0002701659590891548,0.09151871864145118,1.8984522086345241,0.19426862215360866
high,106929,8727,72916,19815,0,32,5437,19521,0.08161490334708077,0.6819104265447166,0.18530987851752098,0.0,0.000299263997605888,0.05084682359322541,1.3443892460631517,0.18256039053951686
high,58990,44,53999,3456,52,64,1371,9202,0.0007458891337514833,0.9153924393965078,0.0585862010510256,0.0008815053398881167,0.0010849296490930667,0.023241227326665538,0.510070506031115,0.15599254110866248
high,62554,3883,47013,6116,50,1286,4203,8634,0.06207436774626723,0.7515586533235284,0.09777152540205263,0.0007993093966812674,0.020558237682642196,0.06718994788502734,1.2717335349426713,0.13802474661892125
high,66944,2124,48675,7331,1,0,8812,9287,0.03172801147227534,0.7271002629063098,0.10950944072657744,1.4937858508604206e-05,0.0,0.13163240917782026,1.226996195496384,0.13872789196940727
high,75291,4091,43859,21102,2702,0,3534,14284,0.054335843593523794,0.5825264639863994,0.28027254253496436,0.03588742346362779,0.0,0.046937881021636055,1.5761992738165382,0.18971723047907452
high,65256,19227,40132,4501,630,2,761,10762,0.29463957337256347,0.614993257324997,0.06897450042907932,0.00965428466347922,3.0648522741203875e-05,0.011661762903028073,1.3568461595350636,0.16491970087041805
high,132939,4332,60577,58697,12,0,9318,25277,0.03258637420170153,0.4556751592835812,0.44153333483778273,9.026696454764967e-05,0.0,0.07009229797124997,1.4683991687455245,0.1901398385725784
high,47335,5922,32340,6567,19,151,2334,9443,0.12510827083553397,0.68321537974015,0.13873455160029577,0.00040139431710151054,0.0031900285201225307,0.04930812295341713,1.3910719872410078,0.19949297559945073
high,71785,7746,22467,15804,17729,0,8037,14015,0.1079055512990179,0.31297624851988576,0.22015741450163684,0.24697360172738037,0.0,0.11195932297833809,2.20377004562166,0.19523577349028348
high,115228,15055,33108,19070,24427,0,23565,18138,0.13065400770646024,0.2873259971534696,0.16549796924358662,0.21198840559586213,0.0,0.2045075849619884,2.2727717630304647,0.15740965737494358
high,56008,7729,37821,9179,46,0,1230,10397,0.13799814312241107,0.6752785316383374,0.16388730181402658,0.0008213112412512498,0.0,0.021961148407370377,1.3338264285548647,0.18563419511498358
high,68983,1813,55788,3386,7169,0,824,9855,0.026281837554180017,0.8087209892292304,0.049084557064784075,0.10392415522665005,0.0,0.011944971949610774,1.014878048077941,0.1428612846643376
high,67646,1605,34682,28212,1322,0,1823,11426,0.023726458327173818,0.5126984596280637,0.4170534843154067,0.01954291458475002,0.0,0.02694911746444727,1.39985422058493,0.1689087307453508
high,92237,3839,72855,2292,2395,4870,5984,16723,0.041621041447575266,0.7898674067890326,0.024849030215640146,0.025965718746273188,0.052798768390125435,0.06487635113891388,1.2089887058705295,0.1813046825026833
high,63432,4478,35544,12867,5273,6,5260,10815,0.07059528313784841,0.5603480892924707,0.20284714339765417,0.08312838945642578,9.458948164964057e-05,0.08292344557951822,1.8025050706768104,0.1704975406734771
high,80080,1972,56425,16371,0,0,5310,11126,0.024625374625374626,0.7046078921078921,0.20443306693306693,0.0,0.0,0.06630869130869131,1.215282401945641,0.13893606393606395
high,127095,4800,71014,42372,2649,2332,3925,25497,0.03776702466658798,0.5587473936818915,0.33338841024430543,0.020842676737873246,0.018348479483850662,0.03088241079507455,1.5532101121675919,0.20061371415083207
high,50635,5915,32381,9473,466,5,2393,9152,0.11681643132220795,0.6394983706922089,0.18708403278364769,0.009203120371284684,9.874592673052236e-05,0.047259800533228,1.4984003565935098,0.18074454428754813
high,113555,18434,77850,5083,116,0,12070,16312,0.1623354321694333,0.6855708687420193,0.044762449914138525,0.0010215314164942098,0.0,0.10629210514728546,1.3536671845571235,0.14364845229184095
high,64996,7402,51046,6053,0,280,212,11261,0.11388393131885038,0.785371407471229,0.09312880792664165,0.0,0.004307957412763862,0.0032617391839497817,1.0104265698176065,0.17325681580404947
high,130563,27648,87714,12514,54,0,2630,20954,0.2117598400772041,0.6718136072240987,0.09584644960670327,0.0004135934376507893,0.0,0.020143532241140294,1.3021567645851075,0.1604895720839748
high,102500,22085,47622,18266,0,0,14524,18953,0.21546341463414634,0.4646048780487805,0.1782048780487805,0.0,0.0,0.14169756097560976,1.8338630549774437,0.18490731707317073
high,74314,10544,32462,22466,18,0,8822,10958,0.14188443631078934,0.43682213311085394,0.3023118120407999,0.00024221546411174206,0.0,0.11871249024409936,1.8113123498346821,0.14745539198535942
high,91853,14565,36886,12631,0,0,27769,13944,0.1585685824088489,0.40157643190750436,0.1375132004398332,0.0,0.0,0.30232001132243913,1.8652362369324778,0.15180777982210705
high,32270,141,22222,5907,2276,74,1646,6137,0.0043693833281685775,0.6886272079330648,0.1830492717694453,0.07052990393554386,0.002293151533932445,0.051007127362875736,1.362196104668473,0.19017663464518128
high,76316,12376,34755,26715,0,0,2467,13627,0.16216782850254205,0.45540908852665235,0.3500576550133655,0.0,0.0,0.032326117721054565,1.6325385131675434,0.17856019707531842
high,45191,7370,21118,15975,0,2,723,7815,0.16308557013564648,0.4673054369232812,0.35349959062645214,0.0,4.425659976544002e-05,0.015998760815206566,1.56599148448407,0.17293266358345688
high,47398,3333,28615,13816,0,0,1633,9245,0.07031942276045403,0.6037174564327609,0.2914890923667665,0.0,0.0,0.03445293050339677,1.394681962687766,0.1950504240685261
high,74543,15918,42414,1201,0,0,15008,12524,0.21354117757535918,0.5689870276216412,0.016111506110567057,0.0,0.0,0.20133345854070805,1.5000418993922666,0.1680104100988691
high,52131,10559,29160,10945,46,408,1010,8114,0.20254742859335137,0.5593600736605858,0.20995185206499012,0.0008823924344439968,0.007826437244633711,0.019374268669313844,1.582166387212334,0.15564635245823022
high,74714,2378,45341,11658,349,235,14749,11237,0.03182803758331772,0.6068608292957143,0.15603501351821614,0.004671145969965468,0.003145327515592794,0.19740610862756644,1.5381530409739976,0.15040019273496266
high,63150,1949,40661,11983,390,0,8165,11296,0.03086302454473476,0.6438796516231196,0.1897545526524149,0.006175771971496437,0.0,0.1292953285827395,1.4457228816651773,0.1788756927949327
high,65439,6838,43721,11460,2501,78,838,12117,0.10449426183162945,0.6681184003423035,0.17512492550314032,0.03821879918702914,0.0011919497547334158,0.012805819159828237,1.4414886064529735,0.18516480997570256
high,55804,11443,25282,8397,2446,4,8229,9785,0.20505698516235396,0.45304996057630276,0.15047308436671206,0.043831983370367714,7.167944950182782e-05,0.1474625474876353,2.003377144516176,0.1753458533438463
high,33645,748,14329,2753,4665,644,10503,5624,0.02223212958834894,0.42588794768910687,0.08182493684054094,0.1386535889433794,0.01914103135681379,0.31217119928666964,1.9708239195554484,0.16715708128993906
high,44418,544,27050,2316,169,32,14304,6772,0.012247287135845828,0.6089873474717457,0.05214102390922599,0.0038047638344815165,0.0007204286550497546,0.3220316088072403,1.3002595765036733,0.1524607141249043
high,134404,24047,84587,18744,89,253,6680,23797,0.1789158060772001,0.6293488289039016,0.13946013511502633,0.0006621826731347282,0.0018823844528436653,0.049700901758876224,1.5002575418385917,0.17705574238861937
high,92924,7910,63667,6867,9261,0,5218,12665,0.08512332658947097,0.6851513064439757,0.07389910034006285,0.09966208944944256,0.0,0.05615341569454608,1.518888064392312,0.13629417588567
high,72606,6430,62400,1672,0,0,2101,9893,0.08856017409029557,0.8594331047020908,0.02302839985676115,0.0,0.0,0.028937002451588024,0.7707153300755176,0.1362559568079773
high,75000,8043,52540,13013,274,687,440,13686,0.10724,0.7005333333333333,0.17350666666666667,0.0036533333333333335,0.00916,0.005866666666666667,1.2786631967771227,0.18248
high,178891,24387,103290,22331,12609,0,16272,36303,0.1363232359369672,0.577390701600416,0.12483020386715933,0.07048426136585965,0.0,0.0909604172373121,1.8084727724519236,0.2029336299757953
high,95879,16580,52022,25705,1389,1,178,19244,0.17292629251452352,0.5425797098426142,0.26809833227296903,0.014487009668436258,1.0429812576268004e-05,0.0018565066385757049,1.5310982916113567,0.20071131321770147
high,69552,17014,31710,9935,820,0,10072,10624,0.2446227283183805,0.4559178743961353,0.14284276512537383,0.011789740050609615,0.0,0.14481251437773177,1.8938042871615204,0.1527490223142397
high,97225,1783,62638,28093,4154,427,127,14195,0.018338904602725636,0.6442581640524556,0.2889483157624068,0.042725636410388276,0.004391874517870918,0.00130624839290306,1.2732375985018713,0.1460015428130625
high,72213,27412,28710,2465,7497,97,6030,9942,0.37959924113386784,0.3975738440447011,0.03413512802403999,0.10381787212828715,0.0013432484455707422,0.08350297037929459,1.8770400782021244,0.1376760417099414
high,77615,12668,52438,6998,1,0,5507,10562,0.16321587322038267,0.6756168266443342,0.09016298395928622,1.2884107453456163e-05,0.0,0.07095277974618308,1.393065815558163,0.13608194292340398
high,63229,8460,45271,5806,1166,36,2488,10869,0.13379936421578706,0.7159847538313115,0.09182495373958152,0.018440905280804692,0.0005693589966629237,0.039349032880482054,1.3457414518756716,0.1718989704091477
high,42502,6490,29587,1149,82,1566,3625,8440,0.1526986965319279,0.6961319467319185,0.02703402192837984,0.0019293209731306763,0.03684532492588584,0.08529010399510611,1.4143762241847555,0.19857889040515742
high,56289,5167,31500,2804,14,14845,1956,9785,0.09179413384497859,0.5596120023450408,0.04981435093890458,0.00024871644548668477,0.2637282595178454,0.03474924052656825,1.6790294559498566,0.17383502993480077
high,101722,11251,64108,14605,8944,23,2789,19236,0.11060537543500915,0.6302274827470951,0.1435775938341755,0.08792591573111028,0.00022610644698295353,0.02741786437545467,1.6265449802769183,0.18910363539843889
high,75655,4499,40127,15640,16,331,15038,11504,0.05946731874958694,0.5303945542264226,0.20672790958958429,0.00021148635252131386,0.004375123917784681,0.19877073557596986,1.697680532663585,0.15205868746282467
high,45782,7680,31335,5998,0,0,767,8511,0.1677515180638679,0.6844392992879298,0.13101218819623434,0.0,0.0,0.016753309160805557,1.2894453809123774,0.18590275654187235
high,114090,1767,95783,7790,243,177,8327,18412,0.015487772810938733,0.8395389604698046,0.0682794285213428,0.0021298974493820667,0.0015514067841178017,0.07298623893417477,0.8783647483571483,0.1613813655885704
high,55641,5428,34006,1867,0,0,14338,11102,0.09755396200643411,0.6111680235797343,0.033554393343038405,0.0,0.0,0.2576876763537679,1.430144684712368,0.1995291242069697
high,89122,6129,62832,8298,0,55,11805,17990,0.068770898319158,0.7050111083683042,0.09310832342182626,0.0,0.0006171315724512466,0.13245887659612665,1.3328935024264434,0.20185812706178047
high,96610,18217,41233,20773,947,37,15401,16984,0.188562260635545,0.42679846806748784,0.21501914915640202,0.009802297898768244,0.0003829831280405755,0.15941413932305146,1.9469790261187077,0.1757996066659766
high,97773,21384,43259,10927,681,0,21519,15705,0.21871068699947838,0.44244321029323025,0.11175887003569493,0.006965113068024915,0.0,0.22009143628609126,1.883998333958707,0.16062716700929705
high,132165,11497,47636,35701,33685,0,3644,25767,0.08698974766390496,0.36042825256308403,0.27012446563008363,0.2548708054326032,0.0,0.027571596110921952,1.9926570559634957,0.19496084439904665
high,48844,3066,24391,18218,0,3133,33,8209,0.06277127180411105,0.49936532634509867,0.37298337564491035,0.0,0.06414298583244615,0.0006756203423143068,1.5429462910183085,0.16806567848661044
high,42191,312,35262,5335,15,29,1236,6556,0.00739494204925221,0.8357706619895239,0.12644876869474533,0.0003555260600602024,0.000687350382783058,0.02929534734896068,0.8064116043527151,0.1553885899836458
high,89789,20197,44261,22296,325,0,2707,17452,0.22493846685005958,0.49294457004755593,0.24831549521656326,0.00361959705531858,0.0,0.030148459165376604,1.6679192093992496,0.19436679325975342
high,60244,1062,56028,1798,493,38,824,9012,0.017628311533098732,0.9300179270964744,0.029845295797091827,0.008183387557267113,0.0006307682092822522,0.013677710643383573,0.49938760306300845,0.14959166058030676
high,145361,14752,99493,30584,58,0,471,24540,0.1014852677127978,0.6844545648420141,0.21040031370174944,0.0003990066111267809,0.0,0.0032402088593226517,1.2137937593063668,0.16882107305260696
high,57284,15431,18438,11341,0,1,12070,7901,0.26937713846798406,0.32186998114656795,0.19797849312198867,0.0,1.745688150268836e-05,0.2107045597374485,1.9724055178198925,0.13792682075274074
high,70678,16024,44661,9431,456,65,38,10917,0.2267183564899969,0.631893941537678,0.133436147033023,0.006451795466764764,0.0009196638274993633,0.000537649622230397,1.3536745406128678,0.15446107699708536
high,68591,18538,22622,19355,13,0,8061,11388,0.27026869414354654,0.3298100333863043,0.28217987782653703,0.00018952923852983628,0.0,0.1175227070606931,1.918370367467213,0.16602761295213658
high,70530,15650,37135,16353,14,0,1376,10100,0.2218913937331632,0.526513540337445,0.23185878349638453,0.00019849709343541756,0.0,0.019509428611938183,1.5713955144488434,0.14320147454983695
high,63097,12134,44081,4747,1950,0,182,12337,0.1923070827456139,0.6986227554400367,0.0752333708417199,0.030904797375469514,0.0,0.0028844477550438214,1.2790470870152861,0.19552435139547047
high,84661,7334,64961,3793,1230,0,7340,14477,0.08662784517073978,0.7673072607221744,0.04480221117161385,0.014528531437143432,0.0,0.08669871605579901,1.1942007670826875,0.17099963383376052
high,56615,10945,19473,24635,1164,0,396,8656,0.19332332420736553,0.3439547823015102,0.4351320321469575,0.02055992228208072,0.0,0.006994612735140864,1.6756045276234761,0.15289234301863464
high,32768,730,24888,3055,2098,0,1994,5189,0.02227783203125,0.759521484375,0.093231201171875,0.06402587890625,0.0,0.06085205078125,1.2424367180956066,0.158355712890625
high,86180,2388,70175,12559,86,17,952,16124,0.027709445346948247,0.8142840566256672,0.14572986771872826,0.0009979113483406822,0.0001972615456022279,0.011046646553724762,0.8738160404181451,0.1870967741935484
high,75228,1395,63574,9983,91,1,181,13572,0.01854362737278673,0.8450842771308555,0.132703248790344,0.001209655979156697,1.329292284787579e-05,0.0024060190354655182,0.7314237988415474,0.18041154889137023
high,58491,4612,45535,6260,0,461,1620,11873,0.07884973756646321,0.7784958369663709,0.10702501239506933,0.0,0.007881554427176831,0.027696568702877365,1.1136109749811136,0.20298849395633517
high,81140,1063,68751,10872,56,2,392,12031,0.01310081340892285,0.8473132856790732,0.1339906334730096,0.0006901651466600936,2.464875523786049e-05,0.004831156026620656,0.7178087857734646,0.14827458713334976
high,57490,1405,37190,18878,4,0,9,8254,0.02443903287528266,0.646895112193425,0.3283701513306662,6.957731779439902e-05,0.0,0.00015654896503739782,1.0678704641103554,0.1435727952687424
high,82774,1196,55673,20217,403,0,5283,15927,0.014448981564259309,0.6725904269456593,0.2442433614419987,0.004868678570565637,0.0,0.06382438930098823,1.2606457822847918,0.19241549278759032
high,60244,3462,36446,13057,0,0,7278,10796,0.05746630369829361,0.6049731093552885,0.2167352765420623,0.0,0.0,0.12080871124095345,1.5219538208999932,0.17920456808976828
high,121166,10978,68879,18687,181,0,22439,21643,0.09060297443177129,0.5684680520938217,0.15422643315781656,0.001493818397900401,0.0,0.18519221563805027,1.6575982345355231,0.17862271594341647
high,49522,2062,19228,18610,7805,1465,349,7858,0.04163805985218691,0.38827187916481565,0.3757925770364686,0.15760672024554742,0.029582811679657525,0.007047372884778482,1.8722530679872853,0.15867695165784904
high,72754,24481,44964,1657,454,0,1196,10193,0.3364900898919647,0.6180278747560272,0.02277538004783242,0.006240206724028919,0.0,0.016438958682684114,1.2252231226043278,0.1401022624185612
high,43990,564,25069,17061,486,121,686,8683,0.012821095703568992,0.5698795180722892,0.38783814503296205,0.01104796544669243,0.002750625142077745,0.015594453284837464,1.2617024623191888,0.1973857694930666
high,65700,4633,42471,3314,8173,0,7106,10790,0.07051750380517503,0.6464383561643836,0.050441400304414005,0.12439878234398782,0.0,0.10815829528158295,1.6151520411080558,0.16423135464231356
high,91255,6050,41586,14307,23,2421,26864,13745,0.06629773711029532,0.45571201577995724,0.1567804503862802,0.0002520409840556682,0.026530053147772726,0.29438386937702044,1.856631434628572,0.15062188373239824
high,73525,5363,42632,13732,11153,0,642,14630,0.07294117647058823,0.5798299897993879,0.18676640598435906,0.15168990139408364,0.0,0.008731723903434206,1.655970302156112,0.19897993879632778
high,73123,14204,42166,16490,61,0,200,14494,0.19424804780985463,0.5766448313116256,0.22551044131121534,0.0008342108502112878,0.0,0.0027351175416763535,1.433586086399272,0.19821396824528534
high,73350,2069,50952,16977,52,26,3271,14799,0.028207225630538513,0.6946421267893661,0.2314519427402863,0.0007089297886843899,0.00035446489434219495,0.044594410361281527,1.210568741998846,0.20175869120654397
high,112595,11074,55658,38611,3956,717,2576,16282,0.09835250233136462,0.49432035170300637,0.3429193125804876,0.03513477507882233,0.0063679559483103155,0.02287845819086105,1.7019054113477876,0.14460677649984457
high,78587,12301,31530,29095,2605,0,3053,11960,0.1565271609808238,0.4012113962869177,0.37022662781376053,0.033147976128367285,0.0,0.03884866453739168,1.8231048063951605,0.1521880209194905
high,30065,7649,19819,565,1102,839,88,4370,0.25441543322800597,0.6592050557126227,0.01879261599866955,0.03665391651421919,0.027906203226342925,0.00292699151837685,1.3500274652359003,0.14535173790121403
high,62918,6854,21461,13565,4925,0,16110,10415,0.10893543977875965,0.34109475825677865,0.21559808004068787,0.07827648685590768,0.0,0.2560475539591214,2.145918586068801,0.16553291585873678
high,117905,771,71073,35373,2666,0,8019,20551,0.006539162885373818,0.6027988634917942,0.30001272210678087,0.022611424451889232,0.0,0.06801238285060006,1.3961089884215905,0.1743013443026165
high,126354,18368,89500,2194,8111,0,8179,23031,0.14536935910220491,0.708327397628884,0.017363914082656664,0.06419266505215505,0.0,0.06473083558890103,1.3683326661063053,0.18227361223229974
high,111006,27939,71090,9750,297,0,1928,19122,0.2516890978866007,0.6404158333783759,0.08783309010323766,0.002675531052375547,0.0,0.017368430535286382,1.34530802105343,0.17226095886708825
high,94902,17631,74294,347,1,1243,1383,17288,0.18578112157804894,0.7828496765083981,0.0036564034477671705,1.053718572843565e-05,0.013097721860445511,0.014572927862426503,0.9282311022426001,0.1821668668731955
high,138320,21385,61558,30336,18662,0,6377,22946,0.15460526315789475,0.44504048582995953,0.2193175245806825,0.13491902834008096,0.0,0.04610323886639676,2.0108188678302388,0.1658906882591093
high,69065,8107,27958,13005,5673,5,14313,13098,0.1173821762108159,0.4048070658075726,0.18830087598638964,0.0821400130312025,7.239556939115326e-05,0.20723955693911533,2.112277683154706,0.1896474335770651
high,67855,264,41759,12111,2647,0,11072,9539,0.003890649178395107,0.6154152236386412,0.17848353105887554,0.03900965293640852,0.0,0.16317146857269177,1.5152468369167105,0.1405791761845111
high,78499,1184,66709,8497,1719,0,388,15863,0.015082994687830418,0.8498070039108778,0.10824341711359381,0.021898368132078117,0.0,0.004942738124052536,0.7965918215109198,0.20207900737589013
high,166235,29233,59038,68140,21,51,9750,26602,0.17585346046259812,0.3551478328871778,0.4099016452612266,0.0001263271874154059,0.0003067945980088429,0.05865190844286702,1.7439796356392239,0.1600264685535537
high,75604,4438,55107,15819,13,0,224,14068,0.058700597851965505,0.7288900058197979,0.2092349611131686,0.0001719485741495159,0.0,0.00296280620073012,1.0718897168457258,0.18607481085656843
high,64513,5698,38628,13713,0,766,5704,13136,0.08832328367925844,0.5987630400074404,0.2125618092477485,0.0,0.011873575868429619,0.08841628818997721,1.6125098875299906,0.20361787546696014
high,43942,1021,29722,12238,14,0,944,7180,0.023235173637977335,0.6763916071184743,0.27850348186245505,0.0003186017932729507,0.0,0.021482863774976105,1.1439972943800072,0.16339720540712757
high,85448,29616,47372,3116,4,224,5114,16515,0.3465967606029398,0.5543956558374684,0.03646662297537684,4.681209624566988e-05,0.0026214773897575133,0.059849265050088946,1.4421332425709958,0.19327544237430952
high,83827,10623,33147,19314,16056,0,4684,11791,0.12672527944457038,0.3954215228983502,0.23040309208250326,0.19153733284025434,0.0,0.0558769847423861,2.084116918364714,0.1406587376382311
high,95973,814,41824,33061,2687,18,17565,19127,0.00848155210319569,0.4357892323882759,0.3444823023141925,0.027997457618288476,0.0001875527492107155,0.1830202244381232,1.7053459062089442,0.19929563523074198
high,69415,2226,30249,26254,537,4024,6121,11338,0.0320679968306562,0.43577036663545343,0.37821796441691274,0.007736080097961536,0.057970179356046966,0.08817978823020961,1.8132496937010454,0.16333645465677446
high,78302,7792,33401,14303,20493,0,2309,13035,0.09951214528364537,0.4265663712293428,0.18266455518377564,0.26171745293862225,0.0,0.029488391101121298,1.9596692793421038,0.16647084365661158
high,77781,7166,39001,21132,875,874,8730,14449,0.09213046888057495,0.5014206554299894,0.27168588729895476,0.011249533947879302,0.011236677337653154,0.11223820727427007,1.8268261957440797,0.1857651611576092
high,133894,50410,68279,7654,66,0,7483,19542,0.37649185176333516,0.5099481679537544,0.05716462276128878,0.0004929272409517977,0.0,0.055887493091550035,1.5000469904408915,0.14595127488909138
high,118873,3416,59551,37056,1,16627,2220,20173,0.02873655077267336,0.5009632128405945,0.31172764210544024,8.412339219166674e-06,0.13987196419708428,0.018675393066550014,1.67526651180224,0.1697021190682493
high,61048,3081,48847,3957,2046,0,3114,10141,0.050468483816013626,0.8001408727558642,0.06481784825055693,0.03351461145328266,0.0,0.05100904206526012,1.1138702630817865,0.16611518804874853
high,79725,2765,62716,6265,1883,0,6093,14205,0.034681718407024144,0.7866541235497021,0.07858262778300408,0.023618689244277204,0.0,0.07642521166509877,1.140060773320676,0.1781749764816557
high,48201,3072,22809,14272,0,0,8046,7373,0.0637331175701749,0.47320595008402316,0.29609344204477084,0.0,0.0,0.16692599738594635,1.7149691222794694,0.15296363145992822
high,46843,4961,25139,12428,186,12,4115,7709,0.10590696582200115,0.5366650299938092,0.26531178617936513,0.003970710671818628,0.0002561748820528147,0.08784663663727771,1.675762207700509,0.1645710138120957
high,88947,2646,51692,7218,7656,5785,13948,12580,0.029748052210867147,0.5811550698730705,0.08114944854801173,0.08607372929947048,0.06503873092965475,0.15681248383869045,1.8800425251073731,0.14143253847797002
high,71709,4547,36925,21842,174,1400,6818,14282,0.06340905604596354,0.5149283911363985,0.3045921711361196,0.0024264736643935907,0.019523351322707053,0.09507872094158334,1.722490638494811,0.1991660739935015
high,47203,14082,22083,2821,3804,2324,2086,6902,0.29832849607016504,0.46783043450628137,0.059763150647204624,0.08058809821409656,0.04923415884583607,0.0441921064339131,1.981769781645321,0.14621951994576615
high,75017,2694,34318,16909,2774,0,18319,14904,0.035911859978404896,0.4574696402148846,0.2254022421584441,0.036978284922084326,0.0,0.24419798179079408,1.8455626967331134,0.1986749670074783
high,30190,7719,20029,2202,26,193,18,5898,0.2556806889698576,0.6634315998675058,0.0729380589599205,0.0008612123219609142,0.006392845313017556,0.0005962239152037098,1.2330669372173875,0.19536270288174892
high,60913,4023,36158,9223,1016,4337,6152,12387,0.066045015021424,0.593600709208215,0.1514126705301003,0.016679526537849064,0.07119990806560177,0.1009965032094955,1.8219096662295808,0.20335560553576412
high,37941,8671,19743,7065,3,0,2457,6641,0.22853904746843784,0.5203605598165573,0.186210168419388,7.907013520993121e-05,0.0,0.06475844073693365,1.6854211513244486,0.17503492264305107
high,51278,3693,45019,1804,0,130,629,7259,0.07201918951597176,0.8779398572487227,0.03518077928156324,0.0,0.002535200280822185,0.012266469051055034,0.707864033384966,0.14156168337298647
high,46356,6949,27455,1862,5037,0,5051,9129,0.14990508240572958,0.59226421606696,0.04016740012080421,0.10865907325912504,0.0,0.10896108378634912,1.7406874613131487,0.19693243593062387
high,50947,4158,30669,15808,104,0,205,9948,0.08161422654915892,0.601978526704222,0.3102832355192651,0.002041337075784639,0.0,0.004023789428229336,1.309941163154657,0.19526174259524604
high,87234,18928,35763,31777,697,0,66,14902,0.21697961803883806,0.4099662975445354,0.3642731045234656,0.007990003897562877,0.0,0.0007565857349198707,1.5999207919194784,0.17082788820872596
high,54514,986,42950,7680,2336,0,560,7522,0.018087096892541364,0.787871005613237,0.14088124151594086,0.04285137762776534,0.0,0.010272590527204022,1.036631454352699,0.13798290347433687
high,99195,19935,59047,12279,3419,0,4512,18789,0.20096779071525783,0.5952618579565502,0.12378648117344625,0.034467463077776095,0.0,0.0454861636171178,1.6540921070835168,0.18941478905186754
high,111829,0,79719,26078,558,4,5467,22752,0.0,0.7128651780843968,0.23319532500514178,0.004989761153189244,3.5768897155478455e-05,0.048887140187250176,1.0894505289195138,0.20345348702036145
high,48679,3302,28138,841,4843,0,11554,9120,0.06783212473551223,0.5780315947328417,0.01727644364099509,0.09948848579469587,0.0,0.2373508083567863,1.6452773464619568,0.18734978121982784
high,55027,11305,24262,15388,3515,547,6,8570,0.20544459992367384,0.44091082559470807,0.27964453813582424,0.06387773274937758,0.00994057462700129,0.00010903738164900867,1.8251229976500423,0.15574172678866738
high,56101,1196,42723,6016,3991,1770,401,10669,0.02131869307142475,0.7615372275004011,0.10723516514857133,0.07113955187964564,0.03155023974617208,0.0071478226769576296,1.2426080697320299,0.19017486319316945
high,48553,16959,22740,6072,1474,0,1306,8734,0.34928840648363646,0.4683541696702572,0.1250592136428233,0.030358577224888265,0.0,0.0268984408790394,1.7110454433872315,0.1798858978847857
high,45651,7822,23279,10701,2988,1,857,8821,0.1713434535935686,0.5099340649711945,0.23440888479989486,0.06545311165144246,2.1905325184552365e-05,0.018772863683161375,1.7875890138166832,0.1932268734529364
high,79854,4907,51374,3913,222,11,19423,12232,0.06144964560322589,0.6433491121296366,0.049001928519548175,0.0027800736343827487,0.0001377513962982443,0.24323139730007262,1.3913551525211583,0.15317955268364766
high,101701,7637,63558,28348,51,314,1789,19921,0.07509267362169497,0.624949607181837,0.2787386554704477,0.0005014699953786099,0.0030874819323310487,0.01759078081828104,1.3518197471813762,0.19587811329288798
high,71513,1465,46910,21960,0,0,1175,14008,0.020485785801183,0.6559646497839554,0.30707703494469535,0.0,0.0,0.01643057905555633,1.1343839853788904,0.19588046928530478
high,77106,1119,37445,26527,281,5,11726,14742,0.014512489300443545,0.4856301714522865,0.34403288978808394,0.003644333774284751,6.48457966954582e-05,0.15207636241018857,1.5679132814805072,0.19119134697688897
high,56468,3948,33466,11071,245,0,7735,7881,0.0699157044697882,0.5926542466529716,0.1960579443224481,0.004338740525607424,0.0,0.13698023659417724,1.6034213015419017,0.13956577176453921
high,80139,6912,36740,34465,1715,8,295,12064,0.08625014038108786,0.45845343715294673,0.43006526160795616,0.02140031694930059,9.982655136699984e-05,0.003681104081658119,1.4940842527711182,0.15053843946143575
high,87087,2745,76712,7104,137,5,381,13987,0.031520203933997036,0.880866260176605,0.08157359881497812,0.001573139504173987,5.7413850517298795e-05,0.004374935409418168,0.6631050244205144,0.16060950543709165
high,98412,18901,45890,6860,18611,0,8147,17321,0.19205991139291956,0.46630492216396374,0.06970694630736089,0.18911311628663172,0.0,0.08278461976181767,1.9902140689897276,0.17600495874486852
high,121965,27182,61690,9703,6104,13347,3937,21212,0.22286721600459147,0.505800844504571,0.07955561021604558,0.05004714467265199,0.10943303406715041,0.03227975238798016,1.9960035721934322,0.1739187471815685
high,41643,78,37571,3909,0,20,62,6897,0.0018730639002953677,0.9022164589486829,0.09386931777249477,0.0,0.0004802727949475302,0.0014888456643373435,0.4905808448964087,0.1656220733376558
high,68663,19929,39204,7616,513,855,545,10684,0.2902436537873382,0.5709625271252349,0.11091854419410745,0.007471272737864644,0.012452121229774406,0.00793731704120123,1.5184601666387954,0.15560054177650262
high,110351,8769,72782,19085,1745,2398,5569,15931,0.0794646174479615,0.6595499814229142,0.17294813821351868,0.0158131779503584,0.021730659441237504,0.05046623954472547,1.5562697034104425,0.14436661199264167
high,32596,4939,19208,7015,802,0,629,4579,0.15152165909927598,0.5892747576389741,0.21521045527058535,0.024604245919744753,0.0,0.019296846238802307,1.5804710766642176,0.1404773591851761
high,36206,4348,25797,4189,432,0,1437,6216,0.12009059271943877,0.7125062144395956,0.11569905540518147,0.01193172402364249,0.0,0.03968955421753301,1.3366419744279927,0.17168425122907804
high,48285,1821,23846,18609,2817,8,1180,7886,0.03771357564461013,0.4938593766179973,0.38539919229574404,0.058341099720410065,0.00016568292430361396,0.02443823133478306,1.583248898330433,0.16332194263228747
high,78974,20950,44797,6277,0,0,6948,11484,0.2652771798313369,0.5672373186111885,0.07948185478765163,0.0,0.0,0.08797832197938563,1.5707200940245472,0.14541494669131613
high,71113,4148,48588,13882,1203,0,3289,13530,0.058329700617327354,0.6832506011559067,0.19521043972269486,0.016916738149142914,0.0,0.04625033397550377,1.379330259001771,0.1902605712035774
high,103267,21192,60184,16689,1,0,5198,17589,0.20521560614717188,0.5827999264043693,0.16161019493158513,9.683635624158734e-06,0.0,0.0503355379743771,1.5649945270938102,0.17032546699332798
high,114359,46998,60699,4529,687,0,1443,22147,0.410968966150456,0.5307758899605628,0.039603354349023685,0.006007397756188844,0.0,0.012618158605794034,1.3206782933304713,0.1936620642013309
high,51056,1205,42181,2178,2061,45,3383,8160,0.023601535568787215,0.8261712629269822,0.042659041052961456,0.04036743967408336,0.0008813851457223441,0.06626057662174867,1.004636032957511,0.1598245064243184
high,49977,479,31878,1525,6636,813,8643,10036,0.009584408828060907,0.6378534125697821,0.030514036456770113,0.13278107929647637,0.016267483042199413,0.17293955219400925,1.5529197913303396,0.20081237369189828
high,43615,11063,23112,7030,2326,41,39,7655,0.25365126676602084,0.5299094348274677,0.1611830792158661,0.053330276281095955,0.0009400435629943827,0.0008941877794336811,1.6559581495941365,0.17551301157858534
high,97895,12982,63780,13419,3093,0,4619,17799,0.13261147147453906,0.6515143776495225,0.13707543796925278,0.03159507635732162,0.0,0.04718320649675673,1.5475807774321748,0.18181725317942693
high,84225,6294,43587,19816,876,1,13648,16272,0.07472840605520926,0.517506678539626,0.23527456218462453,0.010400712377560108,1.1872959335114277e-05,0.16204214900563965,1.756773289850004,0.19319679430097952
high,75632,1204,52028,11299,2728,7738,632,11942,0.015919187645441084,0.6879098794161201,0.14939443621747409,0.03606938861857415,0.10231119103025174,0.008356251322191664,1.4431808166205844,0.15789612862280517
high,84225,2676,59649,18852,0,0,3045,13967,0.03177203918076581,0.7082101513802315,0.22382902938557436,0.0,0.0,0.03615316117542297,1.167142563832759,0.16582962303354112
high,77904,2267,45545,14376,751,0,14962,11005,0.02909991784760731,0.5846298007804477,0.18453481207640174,0.009640069829533785,0.0,0.19205689053193675,1.5728628763162469,0.14126360649003902
high,44342,13000,23557,6521,7,82,1171,7376,0.2931757701501962,0.5312570474944748,0.14706147670380226,0.00015786387623472104,0.0018492625501781606,0.026408371295836904,1.567688329448617,0.16634342158675747
high,66841,11172,52901,1925,0,31,809,9641,0.16714292126090274,0.7914453703565177,0.02879968881375204,0.0,0.00046378719648120165,0.012103349740428778,0.9280409181524457,0.14423781810565373
high,129682,20065,84046,22361,1328,0,1879,18424,0.15472463410496445,0.648093027559723,0.1724294813466788,0.01024043429311701,0.0,0.014489289184312394,1.415548772806955,0.14207060347619563
high,222972,66047,127826,14809,9995,62,4230,37064,0.29621208044059344,0.5732827440216709,0.06641641102918752,0.04482625621154226,0.0002780618194212726,0.018970991873419083,1.5525452227242453,0.16622714959725884
high,67010,3170,43588,15408,3088,0,1753,11236,0.04730637218325623,0.6504700790926727,0.22993583047306373,0.0460826742277272,0.0,0.026160274585882704,1.4415405890508572,0.16767646619907475
high,112902,4313,63682,34765,8682,184,1273,15449,0.03820127189952348,0.5640466953641211,0.3079219145807869,0.07689854918424828,0.0016297319799472108,0.011275265274308692,1.5418206683390083,0.13683548564241554
high,73661,5839,60827,3453,736,1726,1076,14260,0.07926854101899242,0.8257694030762547,0.04687690908350416,0.009991718819999728,0.023431666689292842,0.014607458492282212,1.0072738218348605,0.19358955213749474
high,63359,11355,37108,4407,2043,0,8444,8955,0.17921684370018467,0.5856784355813697,0.06955602203317603,0.032244827096387256,0.0,0.13327230543411353,1.711288056672403,0.14133745797755645
high,185319,10987,130915,29428,121,2081,11784,27435,0.05928695924325083,0.7064305332966399,0.15879645368256898,0.0006529281940869528,0.011229285718140072,0.06358765156298059,1.3498210943998876,0.14804202483285578
high,79677,698,49324,22071,56,0,7525,11910,0.00876036999385017,0.6190494120009539,0.27700591136714486,0.0007028377072429935,0.0,0.09444381691077726,1.3300837038532058,0.14947851952257238
high,77259,6562,61794,2317,1456,0,5127,13052,0.08493508846865737,0.7998291461188988,0.029990033523602428,0.01884570082449941,0.0,0.06636120063681901,1.079305255484047,0.16893824667676258
high,44985,1842,27239,10326,783,1784,3009,6568,0.04094698232744248,0.605512948760698,0.22954318106035346,0.017405801933977994,0.03965766366566633,0.06688896298766256,1.6617667941056684,0.14600422363009893
high,81356,187,56202,2216,15053,0,7695,13739,0.002298539751216874,0.6908156743202714,0.027238310634741136,0.18502630414474655,0.0,0.09458429617975318,1.3025661971329099,0.16887506760411033
high,50973,4769,23444,8530,2681,0,11546,8310,0.09355933533439272,0.4599297667392541,0.1673434955760893,0.0525964726423793,0.0,0.22651207502010867,1.9754821824245816,0.16302748513919132
high,168639,65567,88099,6947,22,3174,4827,23178,0.3888009297967848,0.5224117790072285,0.04119450423686099,0.0001304561815475661,0.0188212691014534,0.0286232721968228,1.46511171198365,0.13744151708679486
high,48172,1488,31463,4326,205,4,10682,7053,0.030889313294029726,0.6531387528024578,0.0898032051814332,0.004255584156771569,8.30357884248111e-05,0.22174707298845803,1.385100340488386,0.14641285394004816
high,89039,7260,40333,25529,14100,0,1815,13080,0.0815373038780759,0.4529812778670021,0.2867170565707162,0.15835757364750278,0.0,0.020384325969518974,1.8646603889578441,0.1469019193836409
high,159572,6611,85987,49583,2580,945,13864,25818,0.04142957411074625,0.5388602010377761,0.31072493921239314,0.0161682500689344,0.00592209159501667,0.08688241044794826,1.641215272664195,0.16179530243401097
high,125503,1589,73596,48477,1247,86,506,24620,0.012661051927045568,0.5864082930288519,0.3862616829876577,0.00993601746571795,0.0006852425838426173,0.004031776132841446,1.1668204578192312,0.19617060946750278
high,60852,2234,48821,9223,276,26,269,11879,0.036712022612239534,0.8022908039177019,0.1515644514559916,0.004535594557286532,0.00042726615394728194,0.004420561361993033,0.9172217695389108,0.19521133241306776
high,73702,8045,28826,13782,12385,0,10662,13386,0.10915578953081327,0.3911155735258202,0.1869962823261241,0.16804157282027624,0.0,0.1446636454913028,2.166730164136324,0.18162329380478143
high,71745,774,33126,14180,5625,0,18038,10038,0.01078820823750784,0.4617185866610914,0.19764443515227542,0.07840267614467906,0.0,0.2514182172973726,1.836319520188248,0.13991218900271796
high,77044,2377,67678,5881,0,0,1106,12351,0.03085249987020404,0.8784331031618297,0.07633300451689944,0.0,0.0,0.014355433258916982,0.6902968912860917,0.1603109911219563
high,79015,15133,54668,8518,44,0,650,14483,0.1915205973549326,0.6918686325381257,0.10780231601594634,0.0005568562931089034,0.0,0.008226286148199709,1.2337652894474023,0.1832943112067329
high,137640,9681,117580,3712,0,0,6665,23841,0.07033565823888405,0.8542574832897414,0.026968904388259225,0.0,0.0,0.04842342342342342,0.8155913710146916,0.17321272885789016
high,130456,6637,89600,34034,91,83,7,18596,0.05087539093640768,0.6868216103513829,0.26088489605690807,0.0006975531980131232,0.0006362298399460355,5.3657938308701785e-05,1.1114182463641225,0.1425461458269455
high,110407,18302,76997,10187,1108,125,3683,17507,0.16576847482496582,0.6973923754834386,0.09226770041754599,0.010035595569121524,0.0011321745903792332,0.03335839213093373,1.3509848389064316,0.1585678444301539
high,70800,20110,27903,8156,407,74,14147,13619,0.2840395480225989,0.39411016949152544,0.11519774011299436,0.005748587570621469,0.0010451977401129944,0.19981638418079095,1.9217122199450467,0.1923587570621469
high,139552,6250,63276,30778,8226,0,31019,26409,0.04478617289612474,0.45342238018803027,0.22054861270350837,0.05894576931896354,0.0,0.22227556753038294,1.9220516045214087,0.18924128640220134
high,103052,7305,45950,18065,7920,0,23809,14075,0.07088654271629857,0.44589139463571786,0.1752998486201141,0.07685440360206498,0.0,0.23103869890928852,2.0034713971916416,0.13658153165392228
high,92952,3138,50143,29785,6222,184,3476,18059,0.03375935966950684,0.5394504690592994,0.320434202599191,0.06693777433514071,0.0019795163094930715,0.03739564506411912,1.6276990094290291,0.19428307083225752
high,69060,2994,49166,5127,560,0,11211,12079,0.04335360556038228,0.7119316536345207,0.07423979148566463,0.00810889081957718,0.0,0.16233709817549957,1.3059226762545273,0.1749058789458442
high,73750,1710,45812,20526,5209,267,223,14232,0.023186440677966103,0.6211796610169491,0.2783186440677966,0.07063050847457628,0.0036203389830508476,0.003023728813559322,1.3908928105216598,0.19297627118644067
high,142687,19989,71950,422,10,0,50314,21267,0.14008984700778626,0.504250562419842,0.0029575224091893445,7.008346941206977e-05,0.0,0.35261796799988787,1.451416874382219,0.1490465143986488
high,79553,6366,61718,6606,4453,42,365,15256,0.08002212361570274,0.775809837466846,0.08303898030243988,0.055975261775168754,0.0005279499201790002,0.004588136211079406,1.1479865894603913,0.19177152338692444
high,88134,6827,48983,23906,1074,30,7311,15492,0.0774615925749427,0.5557787006149727,0.2712460571402637,0.012185989515964326,0.0003403907686023555,0.08295323030839404,1.6467514884965841,0.1757777929062564
high,75292,502,49478,15461,368,779,8701,14809,0.006667375019922435,0.6571481697922754,0.20534718163948362,0.0048876374648036975,0.01034638474207087,0.115563406470807,1.3807511597191608,0.19668756308771185
high,87228,28575,34656,7531,13126,253,3084,16705,0.32758976475443663,0.39730361810427844,0.08633695602329527,0.15047920392534508,0.002900444811299124,0.0353556197551245,1.9677150409845985,0.19150960700692438
high,93463,4306,44047,23930,1611,98,19469,15953,0.04607170752062313,0.47127740389244943,0.2560371483902721,0.017236767490878744,0.001048543273808887,0.2083070305896451,1.802120197507412,0.17068786578646095
high,124220,8098,94702,12731,814,0,7873,17378,0.06519079053292545,0.7623732088230558,0.10248752213814201,0.0065528900338109805,0.0,0.06337948800515215,1.1918108401231855,0.13989695701175334
high,78869,4114,28789,28621,167,0,17175,12942,0.05216244658864699,0.36502301284408323,0.3628928983504292,0.002117435240715617,0.0,0.2177661692173097,1.7813770116412992,0.16409489152899112
high,106466,15251,70109,12513,2,2,8586,20786,0.1432476095654951,0.6585106982510849,0.11753047921402138,1.8785339920725865e-05,1.8785339920725865e-05,0.08064546427967614,1.4550356302272094,0.19523603779610393
high,46676,14486,23100,3918,6,3533,1630,6969,0.31035221527123147,0.4949010197960408,0.08394035478618563,0.00012854571942754308,0.07569200445625161,0.0349215871111492,1.7786732914922936,0.14930585311509126
high,42133,7364,26316,3989,1140,0,3322,8063,0.17477986376474497,0.6245935489995965,0.09467638193340137,0.027057176085253837,0.0,0.07884556048702918,1.6157648971770358,0.19137018489070326
high,78503,7548,35121,22679,194,1101,11857,15714,0.09614919175063373,0.4473841764009019,0.288893418085933,0.0024712431372049476,0.014024941721972408,0.15103881380329415,1.881141760754614,0.20017069411360075
high,67716,17372,30661,14653,210,0,4818,10118,0.25654202847185303,0.45278811506881683,0.21638903656447517,0.0031011873117136276,0.0,0.07115009746588694,1.7960907384086737,0.14941815819008802
high,107515,4483,52417,41260,5016,0,4336,14922,0.04169650746407478,0.48753197228293726,0.3837604055248105,0.04665395526205646,0.0,0.0403292563828303,1.6197809281058444,0.13878993628795983
high,46328,7087,33687,3828,811,0,912,7338,0.15297444310136418,0.7271412536694871,0.08262821619754791,0.017505612156795025,0.0,0.019685719219478502,1.259562288331213,0.15839233293040925
high,91428,3123,64486,19029,0,428,4360,16660,0.034158025987662426,0.7053200332502079,0.208130988318677,0.0,0.004681279257995362,0.0476877980487378,1.2385277329705495,0.18221988887430546
high,137549,31961,82647,17622,3802,0,1514,19172,0.2323608314128056,0.6008549680477503,0.12811434470625013,0.027641058822674102,0.0,0.011006986601138503,1.525323740291687,0.13938305621996525
high,96903,7270,67947,15597,1,0,6086,19708,0.07502347708533276,0.7011857218042785,0.16095476920219187,1.0319597948463928e-05,0.0,0.06280507311435146,1.3145353084010079,0.2033786363683271
high,121699,8784,71038,18174,14962,5931,2807,18040,0.07217807870237225,0.5837188473200273,0.14933565600374696,0.12294267003015637,0.048734993713999294,0.023065103246534484,1.8463850939305941,0.14823457875578272
high,119119,7168,70853,30558,3786,242,6508,20592,0.060175118998648414,0.594808552791746,0.25653338258380276,0.03178334270771246,0.0020315818635146367,0.054634441189063035,1.59876986846851,0.17286914765906364
high,34917,1189,25666,5550,4,0,2505,6919,0.034052180886101326,0.7350574218861873,0.15894836326144857,0.00011455737892717014,0.0,0.07174155855314031,1.1884015306948306,0.19815562619927257
high,55874,8578,30220,3245,785,155,12889,9780,0.1535240004295379,0.5408597916741239,0.05807710205104342,0.014049468446862584,0.002774098865304077,0.23067974370905966,1.7312111369611198,0.17503668969467015
high,97790,665,75077,18950,8,0,3087,19183,0.006800286327845383,0.7677369874220268,0.1937825953573985,8.180795582370386e-05,0.0,0.031567644953471724,0.95898025908079,0.19616525207076388
high,94462,12122,62530,5502,677,2560,11069,13669,0.12832673455992885,0.6619593063877538,0.0582456437509263,0.0071669030933073615,0.027100844784146007,0.11717939488895006,1.567607022556493,0.14470369037284833
high,195800,18776,118632,45240,0,651,12499,34808,0.09589376915219612,0.6058835546475996,0.23105209397344229,0.0,0.003324821246169561,0.06383554647599592,1.5314822773812864,0.1777732379979571
high,118961,13414,53007,50346,284,617,1289,20169,0.11275964391691394,0.4455830061953077,0.42321433074705156,0.0023873370264204234,0.005186573751061272,0.010835483898084246,1.5306128238922905,0.16954295945730113
high,86140,14616,56615,6180,12,22,8692,13576,0.16967726956117948,0.6572440213605758,0.07174367309031808,0.0001393081030879963,0.00025539818899465987,0.10090550267007198,1.4436068075130757,0.15760390062688645
high,89834,5401,53093,25524,129,45,5639,17330,0.06012200280517399,0.5910123115969454,0.28412405102745064,0.0014359819222120802,0.0005009239263530511,0.06277133379344124,1.4778238578512477,0.19291136985996393
high,103595,30034,61694,9906,16,0,1942,14731,0.289917467059221,0.5955306723297457,0.09562237559727786,0.00015444760847531253,0.0,0.018746078478691055,1.3965174844368777,0.1421979825281143
high,108257,8477,57796,24560,0,96,17327,17434,0.07830440525785862,0.5338777169143797,0.2268675466713469,0.0,0.000886778684057382,0.16005431519439853,1.6887206139826922,0.16104270393600414
high,63932,22293,26783,13237,255,0,1361,10888,0.34869861728086093,0.4189294875805543,0.207048113620722,0.003988612901207533,0.0,0.021288243758993932,1.6762774462356216,0.17030595007195146
high,55904,2551,34568,14957,38,0,3786,9877,0.04563179736691471,0.6183457355466514,0.2675479393245564,0.0006797366914710933,0.0,0.06772323983972524,1.4111821159736917,0.17667787635947338
high,78991,10027,33278,31348,2,2890,1443,12064,0.12693851198237774,0.4212885012216582,0.39685533794989303,2.531934017799496e-05,0.036586446557202716,0.018267903938423365,1.713013515067638,0.1527262599536656
high,50492,8511,25220,14926,981,1,851,7499,0.16856135625445615,0.49948506694129763,0.29561118593044444,0.01942882040719322,1.9805117642398797e-05,0.016854155113681376,1.6630137624423829,0.14851857720034858
high,41139,1847,15331,6751,7905,29,9273,8259,0.04489657016456404,0.37266340941685505,0.1641021901358808,0.1921534310508277,0.000704927198035927,0.22540654853059142,2.1087064506400632,0.200758404433749
high,141600,6211,108865,9645,457,2,16418,20509,0.043862994350282486,0.7688206214689266,0.06811440677966102,0.003227401129943503,1.4124293785310734e-05,0.11594632768361582,1.1408143727207194,0.14483757062146893
high,42725,1245,23763,5290,1251,0,11173,6098,0.029139847864248097,0.5561849034523113,0.12381509654768871,0.02928028086600351,0.0,0.26150965476887067,1.6477090887246515,0.14272674078408426
high,66046,6527,52410,2212,2187,0,2707,9661,0.09882506132089755,0.7935378372649365,0.03349180873936347,0.033113284680374284,0.0,0.04098658510734942,1.1105283305964841,0.14627683735578234
high,81551,1066,16681,43340,2,2166,18293,11175,0.013071574842736447,0.2045468479846967,0.531446579441086,2.452453066179446e-05,0.0265600667067234,0.22431361969810304,1.6579040116819652,0.13703081507277654
high,51282,6334,16685,11403,27,0,16830,8899,0.12351312351312352,0.32535782535782537,0.22235872235872237,0.0005265005265005265,0.0,0.3281853281853282,1.9152889061386436,0.17353067353067353
high,114440,17621,59003,24096,1420,188,12110,19549,0.15397588255854597,0.5155802167074449,0.2105557497378539,0.012408248864033555,0.0016427822439706397,0.10581964348130024,1.8183037021186865,0.17082313876267038
high,65973,348,56635,8385,444,5,152,10301,0.005274885180301032,0.8584572476619223,0.12709744895639125,0.00673002591969442,7.578858017673897e-05,0.0023039728373728647,0.676953262999846,0.15613963288011762
high,105835,1854,55222,19591,2993,133,26039,20345,0.01751783436481315,0.5217744602447205,0.18510889592289886,0.028279869608352624,0.0012566731232579015,0.24603392072565786,1.6977033511814983,0.19223319317806017
high,63472,7312,48341,1531,78,383,5823,10347,0.11520040332745148,0.7616114192084699,0.024120872195613815,0.0012288883287118729,0.006034156793546761,0.09174124023191328,1.1605371986964526,0.1630167632972019
high,140581,4410,68433,22483,1484,1934,41832,19192,0.03136981526664343,0.48678697690299544,0.15992915116552023,0.010556191804013345,0.013757193361834104,0.2975651048150177,1.7599412782501087,0.13651915977265774
high,177722,3409,61724,16049,3733,0,92805,28167,0.019181643240566728,0.34730646740414806,0.0903039578667807,0.021004715229403226,0.0,0.522191962728306,1.5591148684976723,0.15848910095542476
high,94689,3440,58153,28769,131,44,4149,16753,0.03632945748714212,0.6141473666423766,0.30382621001383475,0.001383476433376633,0.0004646791073936783,0.04381712764946298,1.3438933855087292,0.17692657014014299
high,100232,13357,58897,18680,0,0,9296,15603,0.13326083486311757,0.5876067523345838,0.18636762710511612,0.0,0.0,0.0927448319897837,1.6081018963532796,0.15566884827200894
high,138549,9126,113732,13524,87,0,2078,23668,0.06586839313167182,0.8208792557145848,0.09761167529177403,0.0006279366866595934,0.0,0.014998303849179712,0.9174554496256555,0.1708276494236696
high,138830,2240,113718,19499,10,0,3360,20066,0.016134841172657205,0.8191169055679608,0.140452351797162,7.203054094936253e-05,0.0,0.02420226175898581,0.860517439693167,0.14453648346899084
high,55127,12315,22122,8562,0,53,12072,7712,0.22339325557349393,0.40129156311789144,0.1553140929127288,0.0,0.0009614163658461371,0.21898525223574655,1.918406666609516,0.13989515119632848
high,54842,17305,21495,4982,346,25,10686,9204,0.3155428321359542,0.39194413041099885,0.09084278472703403,0.00630903322271252,0.000455855001641078,0.19485066190146239,1.8800087007839639,0.16782757740417928
high,53675,11797,36521,2884,0,1,2470,9738,0.21978574755472752,0.6804098742431299,0.053730787144853284,0.0,1.863064741499767e-05,0.04601769911504425,1.289728623847386,0.18142524452724731
high,67457,22520,21531,1152,0,5,22246,13252,0.33384229953896555,0.31918110796507404,0.017077545695776568,0.0,7.412129208236358e-05,0.32978045273285206,1.6833404838163768,0.19645107253509644
high,49684,8962,22901,9734,0,59,8025,7939,0.1803800016101763,0.46093309717414055,0.19591820304323324,0.0,0.0011875050318009821,0.1615208115288624,1.8578416573394592,0.15978987199098302
high,123798,20266,89843,2613,4547,108,6418,22361,0.16370215997027415,0.7257225480217774,0.02110696457131779,0.03672918787056334,0.0008723888915814472,0.051842517649719706,1.2858451093523255,0.18062488893196982
high,87216,2492,60669,14476,1,6942,2633,13386,0.028572738946982205,0.6956177765547606,0.16597871950100898,1.1465786094294624e-05,0.07959548706659328,0.030189414786277746,1.3840993245313062,0.15348101265822786
high,76016,182,21225,47650,5893,0,1063,13885,0.0023942327930961903,0.2792175331509156,0.6268417175331509,0.07752315302041675,0.0,0.013983898126710166,1.3292808937779386,0.18265891391286046
high,67237,9178,27916,21737,4330,0,4074,11831,0.13650222347814447,0.41518806609456105,0.32328926037747074,0.06439906599045168,0.0,0.0605916385323557,1.9452614806536053,0.17595966506536578
high,72197,6276,54186,10717,431,450,134,13587,0.08692881975705362,0.7505298004072192,0.1484410709586271,0.005969777137554192,0.006232945967283959,0.001856032799146779,1.132195812595304,0.18819341523886035
high,56119,11822,35092,5599,19,99,3486,9099,0.21065949143783746,0.6253140647552522,0.09977013132807071,0.0003385662609811294,0.0017641084124806216,0.062117999251590374,1.4977307420465045,0.16213760045617348
high,78266,100,68049,5612,1757,0,2746,14251,0.0012776940178366085,0.8694580021976337,0.07170418828099047,0.02244908389338921,0.0,0.03508547772979327,0.7528788501163914,0.18208417448189507
high,63668,463,43964,3481,1042,0,14715,10115,0.007272099013633223,0.6905195702707797,0.05467424765973487,0.016366149400012565,0.0,0.2311208142237859,1.2353386080487458,0.15887101840799145
high,68459,2482,47303,16750,8,139,1774,11017,0.03625527688105289,0.6909683168027578,0.24467199345593713,0.00011685826553119386,0.0020304123636044934,0.025913320381542235,1.195207045387322,0.16092843891964534
high,196002,14865,107336,49839,589,31,23340,27774,0.07584106284629749,0.5476270650299486,0.2542780175712493,0.0030050713768226857,0.00015816165141172028,0.11908041754675973,1.6530199208649718,0.14170263568739094
high,47491,552,41909,4123,273,1,630,8098,0.01162325493251353,0.8824619401570823,0.08681644943252406,0.005748457602493104,2.1056621254553494e-05,0.0132656713903687,0.665834229137298,0.1705165189193742
high,38856,7025,19042,3800,5843,123,3020,6049,0.18079575869878525,0.49006588429071446,0.09779699402923615,0.15037574634548076,0.0031655342804200125,0.07772287420218242,2.002161670764397,0.15567737286390776
high,101198,30696,46855,16292,4106,0,3247,15024,0.3033261526907646,0.4630032214075377,0.1609913239392083,0.04057392438585743,0.0,0.03208561434020435,1.8073903879665973,0.14846143204411155
high,161553,28427,69664,53400,9,634,9415,23958,0.17596083019194939,0.431214524026171,0.33054167982024474,5.570927187981653e-05,0.003924408707978186,0.05827808830538585,1.7634206559329078,0.1482980817440716
high,64414,10107,45163,1836,2241,31,5034,10559,0.15690688359673363,0.7011363989194895,0.028503120439655975,0.03479057347781538,0.00048126183748874467,0.078150712578011,1.3859790787490072,0.1639239916788276
high,60404,4115,32239,4792,14953,0,4302,10579,0.06812462750811205,0.533722932256142,0.07933249453678565,0.2475498311370108,0.0,0.07122044897688895,1.8076089286621233,0.17513740811866763
high,133299,22740,85606,22896,0,0,2055,19063,0.17059392793644362,0.6422103691700612,0.17176422928904192,0.0,0.0,0.015416469740958297,1.374879743974526,0.14300932490116205
high,90902,10908,48669,27727,8,30,3557,12973,0.11999735979406394,0.5354007612593782,0.3050207916217465,8.800686453543376e-05,0.0003300257420078766,0.039130052144067236,1.5600893993744482,0.1427141317022728
high,71732,12161,36320,13979,737,0,8532,13998,0.16953382033123293,0.5063291139240507,0.19487815758657223,0.010274354541905983,0.0,0.11894273127753303,1.8242061317164495,0.19514303239837172
high,53060,2091,37950,6255,2,2,6757,9103,0.0394082171127026,0.715228043724086,0.117885412740294,3.769317753486619e-05,3.769317753486619e-05,0.12734640030154543,1.2730369232316718,0.17156049754994346
high,95169,28217,47121,15385,2643,1,1800,18662,0.2964936061112337,0.49512971660940014,0.1616597841734178,0.02777164833086404,1.0507623280690141e-05,0.018913721905242254,1.6991782717839004,0.1960932656642394
high,118959,6690,61166,10338,49,17,40696,20659,0.05623786346556377,0.5141771534730454,0.08690389125665145,0.00041190662329037734,0.00014290637950890644,0.34210106002908564,1.5691016432012275,0.173664876133794
high,104197,20657,60466,19749,6,0,3317,17264,0.19824946975440752,0.5803046152960258,0.18953520734762036,5.758323176291064e-05,0.0,0.03183392995959577,1.5323558018544776,0.16568615219248156
high,75708,15668,36576,14354,7429,0,1679,12799,0.20695303006287313,0.48311935330480266,0.1895968721931632,0.09812701431816981,0.0,0.022177312833518256,1.8827321367014225,0.16905743118296612
high,50875,3148,29493,3816,1,3411,11003,8037,0.06187714987714988,0.5797149877149878,0.07500737100737101,1.9656019656019657e-05,0.06704668304668304,0.21627518427518427,1.7241531463267612,0.15797542997543
high,77097,22304,41242,3390,403,0,9755,15713,0.2892978974538568,0.5349365085541591,0.04397058251293825,0.005227181342983514,0.0,0.12652891811613942,1.6156518262388464,0.20380818968312645
high,49827,3400,28128,11909,0,869,5517,7437,0.06823609689525759,0.5645132157264134,0.23900696409577138,0.0,0.017440343588817308,0.1107231019326871,1.6769178196966268,0.14925642723824434
high,85576,25988,48223,8046,202,4,3110,16857,0.30368327568477144,0.5635107974198373,0.09402168832382911,0.002360474899504534,4.674207721791156e-05,0.036341965036926244,1.5041995904457313,0.19698279891558382
high,72008,9802,28057,32256,2,378,1511,11447,0.1361237640262193,0.389637262526386,0.44795022775247195,2.777469170092212e-05,0.00524941673147428,0.02098377958004666,1.5976004870009215,0.15896844795022774
high,92170,2939,65670,5140,5877,55,12486,14024,0.0318867310404687,0.712487794293154,0.05576651838993165,0.06376261256374091,0.0005967234458066616,0.13546707171530867,1.3894813169485365,0.15215362916350222
high,104419,2455,44168,29090,154,13075,15474,20069,0.02351104684013446,0.42298815349696894,0.2785891456535688,0.0014748273781591472,0.12521667512617435,0.14819142110152367,1.9633228382389398,0.19219682241737615
high,47358,1721,28638,13064,535,1,3396,8550,0.036340217069977615,0.604713036868111,0.27585624392922,0.011296929768993623,2.1115756577558175e-05,0.07170910933738756,1.471172241433364,0.18053971873812238
high,44813,899,30592,2102,1209,0,10007,6202,0.020061142971905473,0.6826590498292906,0.04690603173186352,0.026978778479459085,0.0,0.22330573717448063,1.3197681845303473,0.1383973400575726
high,107686,20952,72221,9130,16,0,5365,19889,0.1945656817042141,0.6706628531099679,0.08478353732147169,0.0001485801311219657,0.0,0.04982077521683413,1.3653350205467827,0.18469438924279852
high,37570,10577,19602,6912,2,17,457,5261,0.28152781474580785,0.5217460739952089,0.18397657705616183,5.3233963268565346e-05,0.00045248868778280545,0.012163960606867181,1.537022834996369,0.14003194037796113
high,61035,3028,43421,9440,1926,6,3210,11214,0.04961087900385025,0.7114114852134021,0.1546653559433112,0.031555664782501845,9.830425165888424e-05,0.05259277463750307,1.3630399308869932,0.18373064635045466
high,79990,5690,62610,9466,840,0,1382,12569,0.07113389173646706,0.7827228403550444,0.11833979247405926,0.01050131266408301,0.0,0.01727715964495562,1.0824443725144413,0.1571321415176897
high,110236,10205,64791,27549,462,0,7227,17003,0.09257411371965601,0.5877481040676367,0.24990928553285677,0.004191008382016764,0.0,0.0655593454044051,1.559243426761044,0.15424180848361696
high,76286,8668,58199,8561,467,0,388,11030,0.11362504260283669,0.762905382376845,0.11222242613323545,0.006121699918726896,0.0,0.0050861232729465435,1.0922553497003653,0.1445874734551556
high,56130,984,53779,922,87,0,357,9179,0.017530732228754675,0.9581150899697132,0.01642615357206485,0.001549973276322822,0.0,0.0063602351683591666,0.3196648360638271,0.1635310885444504
high,104465,1610,74189,27702,316,17,627,20155,0.015411860431723544,0.7101804432106447,0.2651797252668358,0.003024936581630211,0.00016273393002441008,0.006002010242665007,1.0228909625947176,0.19293543292011678
high,115184,2893,75713,20707,29,0,15839,20913,0.02511633560216697,0.6573221975274344,0.17977323239338797,0.00025177107931657173,0.0,0.13751041811362688,1.3730859263659638,0.1815616752326712
high,41017,10882,13855,10348,3418,0,2512,7351,0.265304629787649,0.3377867713387132,0.25228563766243267,0.08333130165541117,0.0,0.06124289928566204,2.083546706226443,0.1792183728697857
high,69815,8993,50900,2222,891,0,6806,11805,0.12881185991549093,0.7290696841652939,0.03182697128124329,0.012762300365251021,0.0,0.09748621356442025,1.2792328819636505,0.1690897371625009
high,147924,4893,115997,20731,983,0,5318,27524,0.03307779670641681,0.7841661934506909,0.1401462913387956,0.006645304345474703,0.0,0.03595089370217139,1.0556059569317933,0.1860685216732917
high,76369,22037,38319,15884,29,0,97,12731,0.288559494035538,0.5017611858214721,0.2079901530725818,0.0003797352328824523,0.0,0.0012701488823999266,1.5043383736635532,0.16670376723539657
high,51672,7836,40225,2958,11,0,639,10270,0.15164886205294936,0.7784680291066729,0.05724570366929865,0.00021288125096764204,0.0,0.012366465397120297,1.0111222187182995,0.19875367703978944
high,68870,15764,38187,9501,664,508,4242,9909,0.22889501960214897,0.5544794540438507,0.13795556846232032,0.009641353274284885,0.00737621605924205,0.061594308116741686,1.7173851155168398,0.1438797734862785
high,83669,22776,39081,5262,15952,31,564,11562,0.272215515901947,0.4670905592274319,0.06289067635563948,0.1906560374810264,0.0003705075954057058,0.006740847864800583,1.783659471303037,0.13818738122841195
high,83731,6861,47967,17055,9929,1,1916,12168,0.0819409776546321,0.5728702631044655,0.20368800085989658,0.11858212609427811,1.1943007965986314e-05,0.022882803262829775,1.7134145626743689,0.14532252093012146
high,84720,8440,46784,22425,394,1301,5373,12961,0.09962228517469311,0.552219074598678,0.2646954674220963,0.0046506137865911235,0.01535646836638338,0.06342067988668555,1.693041912648619,0.15298630783758263
high,66464,7459,44185,11619,107,2028,1063,10185,0.11222616754935003,0.6647959797785267,0.17481644198363025,0.0016098940779971113,0.030512758786711603,0.015993620606644197,1.4495373459708156,0.1532408521906596
high,85107,5576,60587,16181,0,2655,105,12778,0.06551752499794376,0.7118920887823563,0.19012537159105597,0.0,0.03119602382882724,0.0012337410553773485,1.2299574374694644,0.15014041148201676
high,58285,3321,47717,4602,401,0,2241,10221,0.056978639444110836,0.8186840525006434,0.07895684996139658,0.0068799862743415974,0.0,0.03844900060049756,0.991176504298259,0.17536244316719568
high,78600,14002,46269,13999,862,77,3389,12545,0.17814249363867685,0.5886641221374046,0.17810432569974555,0.010966921119592875,0.0009796437659033079,0.04311704834605598,1.6134963121993449,0.1596055979643766
high,49375,779,28394,5729,2546,1,11923,10013,0.015777215189873416,0.5750683544303797,0.11603037974683544,0.05156455696202532,2.0253164556962025e-05,0.24147848101265823,1.6299357881131082,0.20279493670886076
high,43260,3317,36468,554,2898,0,20,7732,0.07667591308368008,0.842995839112344,0.012806287563569116,0.06699029126213592,0.0,0.0004623208506703652,0.8386978237010067,0.1787332408691632
high,50888,3549,27536,3626,25,0,16150,8988,0.06974139286275743,0.5411098883823299,0.07125451972960227,0.0004912749567678039,0.0,0.31736362207200125,1.5497918880082828,0.17662317245716083
high,102199,5443,55717,26214,3,8295,6523,15441,0.05325883814910126,0.5451814597011713,0.2564995743598274,2.9354494662374386e-05,0.08116517774146519,0.06382645622755605,1.753844003566602,0.15108758402724098
high,38839,9718,23060,2652,1425,0,1981,6944,0.25021241535569916,0.5937331033239784,0.06828188161384176,0.0366899250753109,0.0,0.05100543268364273,1.6050162171064084,0.17878936120909394
high,106176,18845,74873,10010,2346,0,100,14470,0.17748832127787825,0.7051781946955997,0.09427742616033755,0.022095388788426762,0.0,0.0009418324291742014,1.2502522550368513,0.13628315250150694
high,45917,925,28428,10368,5604,380,209,6415,0.020145044319097503,0.6191171025981662,0.22579872378421936,0.12204630093429449,0.008275801990548164,0.00455169109480149,1.4895055427231159,0.13970860465622753
high,50648,2670,38243,9189,3,0,541,8425,0.052716790396461856,0.7550742378771126,0.18142868425209288,5.92323487600695e-05,0.0,0.010681566893065866,1.0474082210825983,0.1663441794345285
high,113034,463,79324,3694,17659,0,11891,20792,0.004096112674062672,0.7017711485039899,0.032680432436258115,0.15622732982996265,0.0,0.10519843586885362,1.3125255127513318,0.18394465382097422
high,124397,7431,80778,30631,229,0,5325,17035,0.059736167270914894,0.6493564957354278,0.24623584170036256,0.001840880407083772,0.0,0.04280649854900038,1.3565236934715994,0.13694060146145004
high,47910,5232,30892,2404,245,0,9133,9750,0.1092047589229806,0.6447923189313296,0.050177415988311415,0.0051137549572114385,0.0,0.19062826132331454,1.4684647493808265,0.20350657482780213
high,204016,35325,163585,1444,1,1529,2130,28358,0.1731481844561211,0.801824366716336,0.007077876245000392,4.90157634695318e-06,0.007494510234491413,0.010440357619010274,0.8658119588246432,0.13899890204689827
high,73613,5260,55442,8657,127,194,3931,12940,0.07145477021721706,0.7531550133807887,0.1176015106027468,0.0017252387485906023,0.0026354040726502114,0.05340089386385557,1.2073387747633912,0.1757841685571842
high,61893,7591,34907,1565,170,15329,2329,8906,0.12264714911217747,0.5639894656907889,0.02528557348973228,0.0027466757145396085,0.2476693648716333,0.03762945728919264,1.6715760206938797,0.14389349360993972
high,38880,870,26994,9784,64,0,1165,6955,0.022376543209876542,0.6942901234567901,0.25164609053497944,0.0016460905349794238,0.0,0.029963991769547324,1.1558993876035102,0.1788837448559671
high,63420,3274,37524,4386,175,44,18014,12743,0.05162409334594765,0.591674550614948,0.06915799432355724,0.0027593818984547464,0.0006937874487543362,0.28404288867865024,1.4817475494918826,0.20093030589719332
high,95711,645,84782,6595,3498,0,190,17156,0.006739037310236023,0.8858124980409775,0.06890535048218073,0.03654752327318699,0.0,0.0019851427735578984,0.6617855099400416,0.1792479443324174
high,68217,25165,35541,4226,131,23,3128,13166,0.3688963161675242,0.5209991644311536,0.06194936745972412,0.0019203424366360292,0.00033715935910403564,0.04585367283814885,1.494522342309648,0.1930017444332058
high,72898,2266,50553,12860,752,185,6278,10618,0.03108452906801284,0.6934758155230596,0.17641087546983455,0.010315783697769487,0.002537792532031057,0.08612033251941069,1.3580337442446893,0.14565557354111225
high,48795,18338,26914,1162,295,720,1362,8966,0.37581719438467054,0.5515729070601496,0.023813915360180345,0.00604570140383236,0.014755610205963726,0.027912695972948046,1.4108981067637194,0.18374833487037606
high,72978,15364,38897,13125,1460,375,3755,14144,0.210529200580997,0.5329962454438324,0.17984872153251666,0.020006029214283755,0.005138534900929047,0.05145386280796953,1.7744874608429542,0.19381183370330785
high,51810,21216,18773,11287,491,0,40,9066,0.4094962362478286,0.3623431769928585,0.21785369619764525,0.00947693495464196,0.0,0.0007720517274657402,1.6087869548049625,0.17498552403011003
high,101579,18334,68404,10098,41,0,4699,16318,0.1804900619222477,0.6734069049705156,0.09941031118636726,0.0004036267338721586,0.0,0.046259561523543255,1.370709346215398,0.16064344008111914
high,74165,12664,43776,5828,6117,0,5777,14007,0.17075439897525788,0.590251466325086,0.07858154115822827,0.08247825793838064,0.0,0.07789388525584845,1.756477897757341,0.18886267107126004
high,43990,2011,24550,4344,1459,0,11623,8934,0.045714935212548304,0.5580813821323029,0.09874971584451012,0.033166628779268015,0.0,0.2642191407137986,1.6732535159251394,0.20309161172993861
high,92371,7344,77999,4071,187,0,2768,13507,0.07950547249677929,0.8444100421127844,0.04407227376557578,0.0020244449015383616,0.0,0.0299661149061935,0.8647009535701419,0.1462255469790302
high,48270,2538,35883,7678,2,0,2166,8931,0.05257924176507147,0.7433809819763828,0.15906360058007044,4.1433602651750566e-05,0.0,0.04487259167184587,1.1648981524603783,0.18502175264139217
high,61656,22286,30386,8384,0,319,279,11594,0.3614571169067082,0.4928311924224731,0.13598027766965096,0.0,0.005173867912287531,0.0045251070455430125,1.499712920951946,0.18804333722589853
high,76336,16158,52021,5584,90,0,2480,13854,0.21166946132886189,0.6814740096415846,0.07315028295954726,0.0011789981136030182,0.0,0.03248794801928317,1.2992865707059758,0.18148710962062461
high,44064,6372,21486,6493,229,0,9481,8237,0.14460784313725492,0.48760893246187365,0.1473538489469862,0.005196986201888163,0.0,0.21516430646332607,1.832117322918832,0.18693264342774146
high,161307,4539,127044,23132,1515,0,5074,27192,0.028138890438728636,0.7875913630530603,0.14340357207064788,0.00939202886421544,0.0,0.031455547496388875,1.0382860106757457,0.16857296955494802
high,54066,8138,20259,5783,18850,437,597,9910,0.1505197351385344,0.3747086893796471,0.10696186142862428,0.34864794880331446,0.008082713720267821,0.011042059704805238,1.9447620572484727,0.18329449191728628
high,50506,1921,25454,22868,76,2,182,7757,0.03803508494040312,0.5039797251811666,0.4527778877757098,0.0015047717102918464,3.959925553399596e-05,0.0036035322535936326,1.2391262034177828,0.15358571258860335
high,90226,11684,22258,39400,1181,3851,11849,14212,0.12949704076430296,0.2466916409904019,0.4366812227074236,0.013089353401458559,0.042681710371733204,0.13132578192538735,2.0627142554552202,0.15751557200806862
high,52624,12947,27872,8073,1,3,3725,7222,0.24602842809364547,0.5296442687747036,0.1534090909090909,1.9002736394040742e-05,5.7008209182122226e-05,0.07078519306780176,1.6698057901716474,0.13723776223776224
high,45499,855,35151,2969,12,0,6509,6323,0.01879162179388558,0.7725664300314292,0.06525418141058045,0.00026374206026506076,0.0,0.14305808918877339,1.0567666241622833,0.13897008725466495
high,71365,30240,39332,1519,9,13,249,11743,0.42373712604217756,0.5511385132768164,0.021284943599803825,0.0001261122398935052,0.00018216212429061866,0.003489105303720311,1.1492136069290146,0.16454844811882577
high,141908,9167,104121,18106,4968,0,5544,25948,0.06459819037686389,0.7337218479578318,0.12758970600670858,0.03500859711926037,0.0,0.0390675649012036,1.3141200498582124,0.18285086112128984
high,54297,2967,35423,9886,5616,23,379,10416,0.05464390297806509,0.6523933182312098,0.18207267436506622,0.10343112879164594,0.00042359614711678364,0.006980127815533086,1.471887448916963,0.1918338029725399
high,120967,10108,71724,8505,7,6092,24528,19656,0.08355997916787224,0.5929220365884911,0.07030843122504485,5.786702158439905e-05,0.05036084221316557,0.20276604363173428,1.7003766321055125,0.16249059660899254
high,53654,9384,37152,4595,1036,0,1485,10305,0.17489842323032764,0.692436724195773,0.08564133149438997,0.019308905207440264,0.0,0.02767733999329034,1.3639393296998108,0.19206396540798448
high,73525,2402,55334,6490,147,0,9149,13943,0.032669160149608974,0.7525875552533152,0.08826929615776946,0.001999319959197552,0.0,0.12443386603196192,1.171022291322054,0.18963617817069023
high,74177,10275,42015,14053,298,2,7532,11696,0.13852002642328484,0.5664154657103954,0.18945225609016272,0.004017417797969721,2.6962535556843766e-05,0.10154090890707362,1.6816955673243856,0.15767690793642233
high,76707,174,56593,18508,668,4,757,11366,0.002268371856545035,0.7377814280313401,0.2412817604651466,0.008708462069954502,5.21464794608054e-05,0.009868721237957422,0.9646268968910249,0.14817422138787856
high,59063,1589,40951,15847,572,0,101,8499,0.026903475949409953,0.693344394968085,0.2683067233293263,0.009684574098843608,0.0,0.0017100384335370705,1.0964300726263816,0.14389719452110458
high,109039,33455,49049,24243,27,1459,803,21297,0.30681682700685076,0.4498298773833216,0.22233329359220094,0.00024761782481497446,0.013380533570557324,0.0073643375306083145,1.6621429389356617,0.19531543759572262
high,57195,13898,24581,14195,363,1513,2642,11381,0.24299326864236384,0.42977533001136464,0.24818603024739924,0.006346708628376606,0.026453361307806626,0.046192849025264444,1.9084224505721012,0.1989859253431244
high,140091,5071,97517,25366,2564,0,9571,25063,0.036197899936469866,0.6960975366012092,0.18106802007266706,0.01830238916133085,0.0,0.0683198777937198,1.3536676874316576,0.1789051402302789
high,43517,16390,19854,4413,14,0,2844,6440,0.376634418732909,0.45623549417469034,0.10140864489739641,0.0003217133534021187,0.0,0.06535376979111611,1.6428790704126965,0.1479881425649746
high,51540,1121,25754,10406,0,0,14258,9690,0.02175009701202949,0.4996895615056267,0.2019014357780365,0.0,0.0,0.27663950329840903,1.5991716654342696,0.1880093131548312
high,166590,18600,128460,16546,2,0,2979,22927,0.1116513596254277,0.7711147127678732,0.09932168797646918,1.2005522540368569e-05,0.0,0.017882225823878984,1.0772229719291113,0.1376253076415151
high,87167,21674,39154,20734,12,2,5588,13918,0.24864914474514438,0.44918375073135475,0.23786524716922688,0.00013766677756490414,2.2944462927484024e-05,0.06410682941939036,1.7668838046228026,0.15967051751236133
high,125588,2995,108736,11856,17,5,1976,20893,0.023847819855400198,0.8658152052743893,0.09440392394177788,0.00013536325126604454,3.981272096060133e-05,0.015733987323629645,0.7265296666834786,0.1663614358059687
high,78158,5731,37782,31368,1223,0,2052,14275,0.07332582717060314,0.48340540955500394,0.40134087361498505,0.0156477903733463,0.0,0.026254510094935898,1.543678815131564,0.18264285165945904
high,86935,12375,67697,5423,13,66,1357,13876,0.1423477310634382,0.778708230286996,0.06237993903491114,0.0001495370104100765,0.0007591878990050037,0.015609363317421061,1.0344867453099802,0.1596135043423247
high,60156,2770,48028,4913,0,10,4433,8874,0.0460469446106789,0.7983908504554824,0.0816709887625507,0.0,0.00016623445707826317,0.07369173482279406,1.0383295723947978,0.14751645721125076
high,144458,33193,93876,12295,2380,0,2711,25105,0.229776128701768,0.6498497833280261,0.08511124340638801,0.01647537692616539,0.0,0.018766700355812762,1.3993675102297398,0.17378753686192527
high,125663,41895,70884,5215,2362,4209,1095,21703,0.33339169047372735,0.5640801190485664,0.041499884612017854,0.018796304401454685,0.033494345988875004,0.008713782099742964,1.5163016825383768,0.17270795699609273
high,107574,4453,76848,17433,483,61,8293,17890,0.04139476081581051,0.71437336159295,0.16205588711026828,0.004489932511573429,0.0005670515180248015,0.07709111867179802,1.2884623717467631,0.1663041255321918
high,67915,4363,54773,4378,8,0,4390,13337,0.06424206728999485,0.8064934108812486,0.06446293160568357,0.00011779430170065523,0.0,0.06463962305823456,1.0165798666795562,0.19637782522270486
high,90564,5373,75607,6674,817,0,2089,15955,0.059328209884722406,0.83484607570337,0.0736937414425158,0.009021244644671172,0.0,0.023066560664281612,0.92315208911804,0.17617375557616713
high,77498,8710,51906,4042,1243,256,11338,11613,0.11238999716121706,0.6697721231515652,0.05215618467573357,0.0160391235902862,0.0033033110531884694,0.14630054969160494,1.4924968968164374,0.14984902836202224
high,72295,4589,45849,19267,188,0,2399,11839,0.0634760356871153,0.6341932360467529,0.2665052908223252,0.002600456463102566,0.0,0.03318348433501625,1.3629563718000424,0.1637595960993153
high,65697,8165,33486,9545,11405,0,3093,9890,0.12428269175152594,0.5097036394355907,0.14528821711798104,0.17360001217711615,0.0,0.04707977533220695,1.9198923398618082,0.1505395984595948
high,37663,5009,23332,6074,1812,0,1434,6573,0.13299524732496085,0.6194939330377294,0.16127233624512122,0.04811087805007567,0.0,0.03807450282770889,1.6297251742040662,0.17452141358893344
high,82851,22911,37194,2395,9037,0,11311,16228,0.2765325705181591,0.4489263859217149,0.028907315542359174,0.10907532799845505,0.0,0.13652219043825664,1.9201922705385162,0.19586969378764288
high,72514,1515,45738,22509,0,1,2748,11670,0.020892517307002787,0.6307471660644841,0.3104090244642414,0.0,1.3790440466668505e-05,0.037896130402405054,1.2390169534225621,0.16093444024602147
high,112293,2242,52560,14024,27671,74,15719,21084,0.01996562564006661,0.46806123266810934,0.12488757090824895,0.24641785329450633,0.0006589903199665162,0.13998201134531985,1.9022079984752072,0.18775880954289226
high,45803,4760,27305,6568,0,1575,5592,7340,0.10392332379975111,0.596139990830295,0.14339672073881624,0.0,0.03438639390432941,0.12208807283365719,1.7237303489899913,0.16025151190970024
high,44609,11253,25109,2625,165,0,5454,8413,0.2522585128561501,0.5628684794548185,0.0588446277656975,0.0036988051738438433,0.0,0.12226232374632921,1.609004732396476,0.1885942298639288
high,54293,3917,33488,13986,2701,7,190,10158,0.07214558046156963,0.6168014292818595,0.2576022691691378,0.04974858637393403,0.00012893006464921814,0.0034995303261930637,1.4532906390682763,0.18709594238667968
high,29633,1066,13324,5307,2724,36,7172,4441,0.03597340802483717,0.4496338541490905,0.17909087841258056,0.09192454358316741,0.001214861809469173,0.24202746937535854,1.9591070909045376,0.14986670266257213
high,49733,8982,30488,6354,38,0,3867,7979,0.18060442764361692,0.6130335994209076,0.127762250417228,0.0007640801882050148,0.0,0.07775521283654716,1.5523985783559182,0.1604367321496793
high,101028,10579,83646,2947,684,48,3120,18860,0.10471354475986855,0.8279486874925763,0.029170131052777448,0.006770400285069486,0.0004751158094785604,0.030882527616106426,0.9241400700866798,0.18668092014095103
high,29433,2465,23855,1732,8,747,623,5252,0.08374953283729147,0.810484829952774,0.05884551353922468,0.00027180375768695,0.02537967587401896,0.021166717629871233,1.0412938429266896,0.17843916692148268
high,170205,11843,98655,10431,422,1069,47783,30402,0.06958079962398285,0.5796245703710232,0.061284921124526305,0.002479363120942393,0.0062806615551834555,0.28073793366822364,1.5523920106919562,0.17861989953291618
high,67544,9537,44236,4623,0,0,9145,10682,0.14119684946109204,0.6549212365273007,0.06844427336254885,0.0,0.0,0.13539322515693475,1.454054795347858,0.15814876228828614
high,112916,3996,81105,14756,9171,143,3743,22863,0.035389138828863936,0.7182773034822346,0.1306812143540331,0.08121966771759538,0.0012664281412731588,0.03314853519430373,1.3664466788789733,0.20247794820928833
high,53182,272,45519,4622,527,2,2238,7380,0.005114512429017336,0.8559098943251476,0.08690910458425784,0.009909367831221089,3.760670903689218e-05,0.04208190741228235,0.7962121704332691,0.13876875634613214
high,56626,9845,15586,23539,4498,0,3155,11294,0.1738600642814255,0.27524458729205664,0.41569243810263834,0.07943347578850704,0.0,0.055716455338537065,1.9999094007020002,0.1994490163529121
high,33425,2104,19920,10266,6,0,1125,5215,0.06294689603590127,0.5959611069558713,0.30713537771129396,0.0001795063575168287,0.0,0.033657442034405384,1.3861358161836812,0.15602094240837697
high,51765,14186,25527,5179,2,0,6868,10399,0.27404617019221483,0.4931324253839467,0.10004829518014102,3.863614411281754e-05,0.0,0.13267651888341545,1.7342269254214486,0.2008886313145948
high,55159,4040,42754,3746,1129,825,2662,9487,0.07324280715749017,0.7751046973295382,0.06791276129008865,0.020468101307130296,0.014956761362606284,0.04826048333000961,1.2411672136647607,0.17199369096611614
high,169121,1909,86483,45426,489,0,34811,26265,0.011287776207567364,0.5113676007119163,0.26860058774486906,0.0028914209353066737,0.0,0.20583487562159636,1.570976548425082,0.1553030079055824
high,77690,6705,54190,12145,1076,1027,2543,13307,0.0863045436993178,0.6975157677950831,0.1563264255373922,0.013849916334148539,0.013219204530827647,0.03273265542540867,1.4155674886935525,0.17128330544471618
high,39492,6653,16354,1853,13255,0,1375,7960,0.16846449913906614,0.4141091866707181,0.046920895371214424,0.33563759748809885,0.0,0.03481717816266586,1.8639640716551766,0.20155980958168743
high,94588,6675,68970,17022,316,17,1585,17840,0.07056920539603333,0.7291622615976656,0.17995940288408677,0.0033408043303590307,0.00017972681524083394,0.016756882479807163,1.1760174995503618,0.18860743434685162
high,106173,9040,67509,7710,14998,0,6913,14955,0.08514405734037844,0.6358396202424346,0.0726173320900794,0.14126001902555263,0.0,0.06511071553031374,1.6481774312020376,0.140855019637761
high,59912,1256,46033,2366,25,51,10178,9247,0.02096408065162238,0.7683435705701696,0.03949125383896381,0.0004172786753905728,0.0008512484977967686,0.16988249432501001,1.0409433099878584,0.1543430364534651
high,73076,10322,50484,11450,7,0,811,10985,0.14125020526575072,0.6908424106409765,0.1566861897202912,9.579068367179375e-05,0.0,0.01109803492254639,1.2597896415278402,0.15032295144780777
high,100273,3458,66620,14543,12610,1996,1044,17766,0.034485853619618444,0.6643862256041008,0.1450340570243236,0.12575668425199207,0.01990565755487519,0.010411576396437725,1.5206729010387305,0.17717630867731093
high,73065,2779,51164,17782,0,20,1318,13779,0.03803462670225142,0.7002531992061862,0.2433723396975296,0.0,0.000273728871552727,0.01803873263532471,1.1432701828648881,0.1885855060562513
high,36507,1849,27488,4021,3037,5,104,6026,0.050647820965842166,0.7529514887555812,0.11014326019667461,0.08318952529651848,0.000136960035061769,0.0028487687292847947,1.20101229920054,0.16506423425644398
high,67885,1338,45422,10541,4,3368,7209,13090,0.019709803343890404,0.6691021580614274,0.15527730721072402,5.892317890550195e-05,0.049613316638432645,0.10619429918244089,1.4761481322491514,0.19282610296825514
high,44092,393,34635,7565,0,112,1385,7816,0.008913181529529166,0.7855166470107956,0.17157307448063142,0.0,0.0025401433366597113,0.031411593939943756,0.9493328460543387,0.1772657171368956
high,104586,11676,72640,5399,890,0,13979,18364,0.11164018128621421,0.6945480274606544,0.05162258810930717,0.008509743177863193,0.0,0.1336603369475838,1.3856694611372822,0.1755875547396401
high,89039,8073,77859,931,1817,0,356,13217,0.09066813418838936,0.8744370444412,0.010456092274171993,0.020406788036703018,0.0,0.0039982479587596445,0.6985031583550964,0.1484405709857478
high,92939,15332,39772,31263,480,0,6089,13913,0.16496842014654772,0.4279366035786914,0.3363819279312237,0.005164677907014278,0.0,0.06551609119960404,1.7784771771961558,0.1497003410839368
high,65723,6468,47302,8757,2728,0,465,11732,0.09841303653211204,0.7197176026657335,0.13324102673341143,0.04150753921762549,0.0,0.007075148730277072,1.2992240387738774,0.1785067632335712
high,93655,644,74348,452,3980,0,14229,19051,0.006876301318669585,0.7938497677646682,0.0048262239068923175,0.04249639634829961,0.0,0.15192995568843096,0.9575992964019584,0.20341679568629545
high,64122,3128,30068,26433,135,0,4357,9544,0.048782009294781825,0.4689186238732416,0.41222981192102554,0.002105361654346402,0.0,0.06794859798509092,1.534252165832031,0.1488412713265338
high,282744,22843,198285,44457,14924,0,2232,40732,0.08079039696686756,0.7012880909939734,0.15723410576351754,0.052782729253317485,0.0,0.00789406671759613,1.3510457069700104,0.14405964405964405
high,62357,4524,49522,3919,355,0,4036,12203,0.07254999438715781,0.7941690588065494,0.0628477957566913,0.00569302564267043,0.0,0.06472408871497988,1.0876097703477279,0.19569575188030214
high,64706,5643,20813,36803,0,0,1444,12978,0.08720984143665193,0.32165486971841867,0.5687726022316323,0.0,0.0,0.022316323061230797,1.4187301215746135,0.20056872623867958
high,77853,9757,58233,5325,13,182,4341,15493,0.12532593477451093,0.7479865901121344,0.06839813494663019,0.00016698136231102205,0.002337739072354309,0.0557589302917036,1.2082894794776502,0.19900324971420497
high,55221,17087,29184,4133,14,2837,1964,10879,0.3094293837489361,0.5284945944477645,0.074844714872965,0.00025352673801633436,0.051375382553738615,0.03556617953314862,1.6840550489459947,0.19700838449140726
high,78534,2688,34748,13539,383,0,27174,14816,0.03422721369088547,0.4424580436498841,0.1723966689586676,0.004876868617414113,0.0,0.34601573840629535,1.691611226460506,0.18865714212952353
high,126047,16362,81084,7797,15706,0,5095,18521,0.12980872214332748,0.6432838544352504,0.061857878410434206,0.12460431426372702,0.0,0.040421430101470084,1.601625581909995,0.14693725356414672
high,66908,10668,48039,5248,244,14,2692,13317,0.15944281700245114,0.717985891074311,0.07843606145752377,0.003646798589107431,0.00020924254199796737,0.040234351647037724,1.272164634504442,0.19903449512763796
high,53215,327,43712,8573,5,0,596,8716,0.00614488396128911,0.8214225312411914,0.16110119327257352,9.39584703561026e-05,0.0,0.01119984966644743,0.7764358533949365,0.16378840552475807
high,52068,8464,31728,8967,143,13,2750,7575,0.16255665667972652,0.6093569946992394,0.17221710071445034,0.0027464085426749637,0.00024967350387954216,0.05281554889759545,1.5490109036211908,0.14548283014519475
high,91686,2440,63100,16297,294,116,9435,12499,0.026612568985450342,0.6882184848286543,0.1777479658835591,0.00320659642693541,0.001265187705865672,0.10290556900726393,1.3295249473996238,0.13632397530702614
high,61392,30469,27445,3039,28,0,409,12102,0.49630244983059685,0.4470452176179307,0.049501563721657545,0.00045608548345061245,0.0,0.00666210581183216,1.288748664601933,0.19712666145426114
high,109218,24329,77167,6890,494,0,335,19890,0.22275632221794942,0.7065410463476717,0.06308483949532129,0.004523063963815488,0.0,0.00306725997546192,1.149006959118216,0.1821128385430973
high,51202,890,14327,23494,1,23,12464,7491,0.01738213351040975,0.27981328854341625,0.45884926370063667,1.9530487090348034e-05,0.00044920120307800475,0.24342799109409788,1.6329837848516553,0.1463028787937971
high,60208,4392,41296,12285,0,0,2233,9898,0.07294711666223758,0.6858889184161573,0.2040426521392506,0.0,0.0,0.037088094605368056,1.2927705912728327,0.16439675790592612
high,50383,5462,27288,4974,48,34,12573,8678,0.10840958259730464,0.5416112577655161,0.09872377587678384,0.0009527023003790961,0.0006748307961018597,0.2495484588055495,1.672846982532901,0.1722406367227041
high,96511,14473,48223,14623,3733,0,15456,14862,0.14996218047683685,0.49966325082114993,0.1515164074561449,0.03867952875837987,0.0,0.1601475479479023,1.9278307912130848,0.1539928091098424
high,79718,9019,60105,8363,1160,206,862,12108,0.11313630547680574,0.753970245114027,0.10490729822624752,0.014551293308913922,0.0025841089841691966,0.010813116234727414,1.185749035918785,0.15188539602097392
high,99160,934,74764,14236,1571,9,7643,15350,0.009419120613150464,0.753973376361436,0.14356595401371522,0.015843081887858008,9.076240419524002e-05,0.07707745058491328,1.1535455609471281,0.15480032271077046
high,75222,3481,56541,14260,2,176,760,13511,0.046276355321581454,0.751655100901332,0.18957219962245087,2.6587966286458747e-05,0.00233974103320837,0.010103427188854324,1.0573903984417066,0.1796150062481721
high,67264,11693,39819,15540,31,0,177,11688,0.17383741674595624,0.5919808515699334,0.23102997145575643,0.0004608705994291151,0.0,0.0026314224548049476,1.4025810098923943,0.17376308277830638
high,56508,1353,25911,19401,231,0,9610,10577,0.023943512423019748,0.45853684434062436,0.343331917604587,0.004087916755149713,0.0,0.17006441565795993,1.641343812775761,0.18717703687973383
high,218793,36916,125754,6812,1714,9580,38015,42816,0.16872569049284025,0.5747624466961923,0.031134451285004548,0.007833888652744831,0.043785678700872514,0.17374870311207397,1.7393440111771297,0.19569181829400392
high,33157,6245,21987,1419,451,23,3028,5327,0.18834635220315468,0.6631178936574479,0.042796392918539074,0.013601954338450403,0.0006936695117169829,0.09132309919474017,1.448152137618282,0.16065989082245077
high,49968,8555,21400,8442,0,3515,8054,7550,0.17120957412744156,0.4282740954210695,0.16894812680115273,0.0,0.07034502081332053,0.1611831572206212,2.0870979299853736,0.1510967018892091
high,60177,160,40216,18663,200,80,855,10366,0.002658823138408362,0.6682951958389418,0.3101351014507204,0.0033235289230104524,0.001329411569204181,0.014208086145869684,1.062411832466513,0.17225850407963175
high,86956,27627,35762,20478,538,0,2547,14611,0.31771240627443764,0.4112654675928056,0.23549841299047794,0.006187037122222733,0.0,0.029290675744054466,1.7386262774860441,0.168027508165049
high,117150,10227,75610,28334,935,0,2040,17920,0.08729833546734955,0.645411865130175,0.24186086214255229,0.007981220657276996,0.0,0.01741357234314981,1.367470835988254,0.15296628254374733
high,103608,9791,71185,5964,12827,20,3818,16775,0.09450042467763108,0.6870608447224152,0.057563122538800096,0.1238031812215273,0.00019303528685043626,0.03685043625974828,1.4817560936459142,0.1619083468458034
high,47195,16149,22483,5695,1005,5,1855,7700,0.34217607797436167,0.47638521029770103,0.12066956245364975,0.021294628668291134,0.00010594342621040364,0.03930501112405975,1.7103709903083921,0.16315287636402162
high,100733,14950,48366,14421,1542,68,21383,18066,0.14841213902097625,0.4801405696246513,0.14316063256331094,0.01530779387092611,0.000675051869794407,0.212274031350203,1.8922115623606717,0.179345398230967
high,46549,2989,33321,7458,1,1,2776,7309,0.06421190573374294,0.7158263335409998,0.1602182646243743,2.1482738619519217e-05,2.1482738619519217e-05,0.05963608240778535,1.2661257470506695,0.15701733657006595
high,90730,2663,63699,3892,0,0,20474,17110,0.029350821117601674,0.702072082001543,0.04289650611705059,0.0,0.0,0.22565854733825635,1.1872277840505185,0.18858150556596495
high,89508,38909,42849,5805,0,0,1943,14281,0.4346985744291013,0.4787169861911784,0.06485453814184207,0.0,0.0,0.021707556866425348,1.4071353036275884,0.15954998435894
high,146392,13150,81890,14548,28960,93,7747,22351,0.08982731296792175,0.5593884911743812,0.0993770151374392,0.19782501776053335,0.0006352806164271271,0.05291955844581671,1.8057178990692715,0.15267910814798624
high,55991,7624,47022,1203,21,3,116,8386,0.13616474076190815,0.8398135414620207,0.021485595899340966,0.0003750602775446054,5.358003964922934e-05,0.0020717615331035345,0.7457415654334714,0.1497740708328124
high,89890,1582,42470,18794,2632,27,24383,16111,0.01759928801868951,0.4724663477583713,0.20907776170875514,0.02928023139392591,0.0003003671153632217,0.271253754588942,1.7489664293523979,0.17923017020803203
high,117152,23888,70502,14498,1156,3516,3588,22347,0.2039060366020213,0.6017993717563507,0.12375375580442502,0.00986752253482655,0.030012291723572795,0.03062687790221251,1.6533049368153878,0.19075218519530182
high,45955,7495,26931,5966,119,164,5277,6270,0.16309433141116308,0.586029811772386,0.1298226525949298,0.0025894897182025894,0.003568708519203569,0.11482972473071483,1.6706855083541385,0.13643781960613643
high,79801,19720,43840,4133,0,3384,8721,12900,0.24711469781080436,0.5493665492913623,0.05179133093570256,0.0,0.04240548364055588,0.10928434480770918,1.736705401292033,0.16165210962268645
high,56914,10418,33572,2874,86,1,9961,7810,0.18304810767122326,0.5898724391186703,0.05049724145201532,0.0015110517623080437,1.7570369329163297e-05,0.1750184488877956,1.5696476280300802,0.13722458446076535
high,68775,4018,26370,37596,439,0,349,10962,0.05842239185750636,0.3834242093784079,0.5466521264994547,0.006383133406034169,0.0,0.005074518356961105,1.3311707575736667,0.15938931297709924
high,74654,5213,46703,14267,346,0,8123,12072,0.06982881024459507,0.6255927344817425,0.19110831301738687,0.004634714817692287,0.0,0.10880863717952152,1.5319012679962059,0.16170600369705576
high,71299,13088,23979,14822,4519,0,14888,9718,0.1835649868862116,0.3363160773643389,0.2078851035778903,0.06338097308517651,0.0,0.2088107827599265,2.172856835745764,0.13629924683375644
high,63879,1972,32899,23610,1501,0,3894,8761,0.030870865229574666,0.5150205857950187,0.36960503451838633,0.02349755005557382,0.0,0.06095900061052928,1.5518430930900142,0.13714992407520468
high,61506,15402,20796,24946,10,199,150,11764,0.2504145936981758,0.33811335479465415,0.40558644685071377,0.000162585763990505,0.0032354567034110493,0.002438786459857575,1.6072000120001,0.19126589275843006
high,68105,12380,47563,7604,24,0,531,12298,0.18177813670068277,0.6983775053226635,0.11165112693634828,0.0003523970339916306,0.0,0.007796784377064827,1.2206200907231701,0.18057411350121136
high,63808,1118,52336,8492,1307,0,552,11818,0.017521313941825475,0.8202106318956871,0.13308676028084251,0.020483324974924774,0.0,0.008650952858575728,0.8981659032673466,0.18521188565697091
high,76383,3049,39917,25969,924,0,6520,13863,0.039917259075972406,0.5225901051281044,0.33998402785960224,0.012096932563528534,0.0,0.08535930769935719,1.5840350447112597,0.1814932642080044
high,105561,4648,44328,49684,1635,0,5264,17453,0.04403141311658662,0.4199278142495808,0.4706662498460606,0.015488674794668485,0.0,0.049866901601917375,1.5445961038511187,0.16533568268584042
high,50855,2965,40803,5246,197,111,1529,7406,0.058303018385606135,0.8023399862353751,0.1031560318552748,0.003873758725789008,0.0021826762363582734,0.03006587356208829,1.0343624553205202,0.14562973158981418
high,183340,13688,101840,46839,18784,1,2185,26813,0.07465910330533435,0.5554707101559944,0.255476164503109,0.10245445620159267,5.4543471146503765e-06,0.011917748445511073,1.6666358712182512,0.14624740918512055
high,55696,2118,43426,3789,14,233,6114,9124,0.03802786555587475,0.7796969261706406,0.06803002010916404,0.000251364550416547,0.004183424303361103,0.10977449008905486,1.1090444359837421,0.16381786842861246
high,143846,49734,57436,35386,184,0,1104,21498,0.3457447548072244,0.3992881275808851,0.2459991935820252,0.0012791457530970621,0.0,0.007674874518582373,1.6225517524889153,0.1494514967395687
high,66236,12570,40536,10855,0,663,1610,11107,0.1897759526541458,0.611993477867021,0.16388368862854036,0.0,0.010009662419228214,0.024307023370976507,1.5130053820485254,0.16768826619964974
high,99835,10181,65151,23546,0,0,954,15942,0.10197826413582411,0.6525867681674763,0.23584915109931387,0.0,0.0,0.0095557670155757,1.2933563823145284,0.15968347773826813
high,47442,1750,34303,5820,5513,5,49,8910,0.0368871464103537,0.7230513047510645,0.12267610977614772,0.11620505037730282,0.00010539184688672485,0.0010328400994899034,1.2577085181302141,0.18780827115214366
high,115636,6030,92189,15460,1,197,1756,20597,0.05214639039745408,0.7972344252654883,0.13369538897921063,8.64782593655955e-06,0.001703621709502231,0.015185582344598568,0.9785131948562213,0.17811927081531703
high,95628,10595,73690,10291,4,0,1046,16761,0.11079390973355084,0.7705902037060275,0.10761492449910068,4.182875308487054e-05,0.0,0.010938218931693645,1.0593398917295331,0.17527293261387877
high,50536,744,40602,6651,195,634,1707,8474,0.01472217824916891,0.8034272597752098,0.13160914991293335,0.0038586354282095932,0.012545512110178882,0.03377790090232705,1.00361488137726,0.16768244419819534
high,101226,3975,17539,51124,1552,0,27034,18767,0.039268567364115936,0.17326576176081243,0.505048110169324,0.015332029320530299,0.0,0.2670657736154743,1.7204105172947113,0.1853970323829846
high,99310,3673,75696,10679,7621,0,1638,14751,0.03698519786527037,0.7622193132615044,0.10753197059712014,0.07673950256771725,0.0,0.016493807270164133,1.202370661800935,0.14853489074614842
high,98200,7333,76854,3504,0,586,9920,15815,0.07467413441955194,0.7826272912423625,0.03568228105906314,0.0,0.005967413441955193,0.1010183299389002,1.1060367551956571,0.1610488798370672
high,74476,14600,40628,17552,279,0,1414,10765,0.1960363069982276,0.5455180192276706,0.23567323701595144,0.00374617326387024,0.0,0.018985982061335196,1.567977255018257,0.1445432085504055
high,77231,10328,36736,28205,139,102,1718,11096,0.13372868407763722,0.4756639173388924,0.3652030920226334,0.0017997954189379912,0.0013207131851199648,0.022244953451334308,1.5799675997540343,0.14367287747148166
high,133344,7915,60354,62117,420,48,2488,26581,0.059357751379889606,0.45261879049676024,0.4658402327813775,0.0031497480201583875,0.0003599712023038157,0.018658507319414448,1.4103457722797468,0.19934155267578593
high,53803,494,35211,15049,1522,1,1523,7722,0.009181644146237199,0.6544430607958664,0.27970559262494654,0.028288385406018253,1.8586324182666393e-05,0.028306971730200917,1.2679053562801457,0.1435235953385499
high,74530,11488,33292,13431,16221,0,95,11350,0.15413927277606332,0.4466926070038911,0.18020931168656917,0.2176439017845163,0.0,0.0012746545015430027,1.8717532869569484,0.15228766939487454
high,216265,5671,189211,13682,4940,2725,32,31105,0.0262224585577879,0.8749034749034749,0.06326497583982614,0.022842346195639608,0.012600282061359906,0.0001479666150324833,0.7643177273430826,0.14382817376829352
high,52656,1514,46898,2167,1123,0,951,10524,0.02875265876633242,0.8906487389851109,0.04115390458827104,0.02132710422364023,0.0,0.018060619872379217,0.70842413665576,0.19986326344576116
high,83098,16783,53574,12203,156,0,378,16535,0.20196635298081783,0.6447086572480686,0.1468507063948591,0.0018773014994344027,0.0,0.004548845940937207,1.3331972116544704,0.19898192495607595
high,44267,1459,35103,2020,2293,20,3368,7911,0.032959089163485215,0.7929834865701313,0.04563218650461969,0.05179930874014503,0.0004518038267784128,0.07608376442948472,1.1398611403919672,0.1787110036822012
high,80487,10058,19287,28140,0,0,23000,16248,0.12496427994582976,0.23962875992396288,0.3496216780349622,0.0,0.0,0.28576043336190937,1.9153267512877044,0.20187110962018712
high,75013,21234,32849,857,6945,0,13125,11378,0.28307093437137565,0.43791076213456337,0.0114246863876928,0.09258395211496674,0.0,0.17496967192353324,1.8686606121073182,0.15168037540159707
high,88082,14157,67765,5533,2,0,623,13627,0.16072523330532912,0.7693399332440226,0.06281646647442156,2.270611475670398e-05,0.0,0.0070729547467132895,1.0166162269537504,0.15470811289480257
high,94542,12721,62068,16333,9,0,3409,15305,0.13455395485604282,0.6565124494933469,0.17275919697065853,9.519578599987307e-05,0.0,0.03605804827484081,1.3996819349477005,0.16188572274756194
high,131073,38883,69482,9943,1846,8773,2143,25351,0.29665148428738186,0.5301015464664729,0.07585849106986184,0.014083754854165235,0.06693216757074302,0.01634966774240309,1.7324587789305768,0.19341130515056495
high,63852,524,55748,1598,2569,0,3410,9586,0.008206477479170582,0.8730815009709955,0.025026624068157616,0.04023366535112448,0.0,0.05340474848086199,0.7732111134766892,0.15012842197581908
high,87050,586,52542,20687,81,106,13044,15175,0.006731763354394026,0.60358414704193,0.23764503159103964,0.0009304997128087307,0.0012176909821941413,0.14984491671453187,1.4123725673791179,0.17432510051694428
high,60614,11141,31524,10678,0,4704,2565,9348,0.18380242188273335,0.5200778697990563,0.17616392252614907,0.0,0.07760583363579371,0.04231695647870129,1.860263815077226,0.15422179694460025
high,106006,2458,89881,8330,1514,412,3408,19630,0.023187366752825313,0.8478859687187518,0.07858045770994095,0.014282210440918439,0.0038865724581627456,0.03214912363451125,0.8942265082770653,0.1851781974605211
high,114534,2120,97179,2571,571,9870,2220,16903,0.018509787486685178,0.8484729425323485,0.022447482843522448,0.004985419176838319,0.08617528419508617,0.019382890670019384,0.8837899775656818,0.14758063107898092
high,55493,5423,30113,19389,382,160,23,10540,0.09772403726596147,0.5426450182905952,0.3493954192420666,0.006883751103742814,0.0028832465355990845,0.0004144666894923684,1.4149330258399644,0.1899338655325897
high,53845,1656,37335,4845,6007,0,3998,10681,0.030754944748816047,0.6933791438387965,0.0899804995821339,0.11156096202061473,0.0,0.07425016250348222,1.46493455075688,0.19836567926455567
high,92768,9403,66887,15436,0,0,1040,18545,0.10136038289065195,0.7210137116246982,0.16639358399448084,0.0,0.0,0.011210762331838564,1.1781324226892758,0.19990729561917903
high,50784,5708,19317,9358,19,53,16326,7594,0.11239760554505356,0.3803757088846881,0.18427063642091998,0.0003741335853812224,0.0010436357908002521,0.3214792060491493,1.8754215986745983,0.14953528670447386
high,61450,2866,52301,4640,349,0,1291,10906,0.04663954434499593,0.8511147274206672,0.07550854353132629,0.005679414157851912,0.0,0.021008950366151344,0.8450868579255186,0.17747762408462164
high,135532,14403,90018,8286,7368,41,15412,25525,0.1062701059528377,0.6641826284567482,0.0611368532892601,0.05436354514063099,0.00030251158398016706,0.11371484225127645,1.570886394367665,0.18833190685594545
high,111438,4086,47786,15428,26,3947,40162,16832,0.03666612825068648,0.4288124338197024,0.1384446957052352,0.00023331359141405984,0.035418797896588236,0.36039770993736425,1.7977725121398174,0.15104362964159443
high,106742,9629,73987,16727,525,115,5758,16691,0.09020816548312754,0.6931385958666691,0.15670495212755992,0.0049184013790260625,0.0010773641115961851,0.05394315264844204,1.3741711596793809,0.15636769031871242
high,41858,5596,32186,900,0,83,3090,6771,0.13369009508337712,0.7689330593912752,0.02150126618567538,0.0,0.001982894548234507,0.07382101390415213,1.0940483198209652,0.16176119260356442
high,124581,11382,103343,8326,87,0,1441,18986,0.09136224624942808,0.8295245663463932,0.06683202093417134,0.0006983408384906206,0.0,0.011566771819137749,0.8816887696397322,0.15239884091474623
high,96380,11538,43592,34823,0,0,6425,18496,0.11971363353392821,0.45229300684789375,0.3613094002905167,0.0,0.0,0.06666320813446773,1.6754338977505872,0.19190703465449263
high,92553,25410,55074,11975,28,0,64,17443,0.2745453956111633,0.5950536449385757,0.12938532516504056,0.0003025293615550009,0.0,0.0006914956835542878,1.3501514604840121,0.18846498762871003
high,71818,17234,45024,3535,951,0,5073,13055,0.23996769612074967,0.6269180428304881,0.04922164359909772,0.013241805675457406,0.0,0.07063688768832325,1.4829731542369626,0.1817789412125094
high,133123,20081,72593,28829,352,0,11265,24828,0.1508454587111168,0.5453077229329267,0.21655912201497862,0.0026441711800365077,0.0,0.08462098961111153,1.6908174544260584,0.18650421039189322
high,121616,1864,70618,23021,2053,8215,15843,22905,0.015326930667017498,0.580663728456782,0.1892925272990396,0.016881002499671095,0.0675486778055519,0.13027068806735956,1.7473861900200285,0.1883387054334956
high,96374,5976,62647,12428,2113,0,13207,14928,0.0620084255089547,0.6500404673459647,0.12895594247411127,0.02192500051881213,0.0,0.13703903542449208,1.5475180222809113,0.15489654886172619
high,84678,4205,72069,2566,4024,0,1811,12095,0.04965870710219892,0.8510947353503862,0.030303030303030304,0.047521197949880724,0.0,0.021386900966012423,0.8934493478320628,0.1428352110347434
high,114353,18032,74136,17134,498,16,4534,19710,0.1576871616835588,0.6483083084833804,0.14983428506466817,0.004354936031411506,0.00013991762349916488,0.039649156559075846,1.4564750273308813,0.17236102244803372
high,63626,5766,14351,30318,401,0,12787,12054,0.0906233300851853,0.22555244711281552,0.47650331625436143,0.006302454971238173,0.0,0.20097130104045516,1.8194073415124752,0.18945085342470058
high,42436,9995,23775,6230,0,881,1552,5989,0.23553115279479686,0.5602554434913752,0.14680931284758225,0.0,0.02076067489867094,0.036572721274389666,1.6565891433479483,0.14113017249505136
high,86459,3271,46485,24703,0,83,11914,16284,0.037832961288009344,0.5376536855619427,0.2857192426468037,0.0,0.0009599925976474398,0.13779941937797105,1.5800963611833683,0.18834360795290253
high,41785,7988,15369,6014,1576,0,10835,7958,0.19116907981333014,0.3678114155797535,0.14392724661960032,0.03771688404929999,0.0,0.2593035778389374,2.0728667827725467,0.19045111882254398
high,62032,2735,37752,19683,146,0,1714,11243,0.044090147020892444,0.6085891152953314,0.31730397214340983,0.0023536239360330154,0.0,0.027630900180551973,1.3236705489738025,0.18124516378643282
high,56811,10407,34739,563,180,2036,8884,8539,0.18318635475524106,0.6114836915386105,0.009910052630652514,0.003168400485821408,0.03583812993962437,0.1563781662002077,1.5654594061559775,0.15030539860238334
high,101227,15214,33062,20099,126,676,32047,15220,0.1502958696790382,0.32661246505379,0.19855374554219724,0.0012447271972892608,0.006678060201329685,0.3165854959645154,1.9868904106420955,0.15035514240271863
high,96314,6145,78592,10268,448,616,242,16424,0.06380173183545487,0.8159976742737297,0.10660963099860872,0.0046514525406482965,0.006395747243391407,0.0025126149884751956,0.9413553751527052,0.170525572606267
high,90027,25054,51062,3002,17,296,10593,13133,0.2782942894909305,0.5671853999355749,0.033345551889988556,0.00018883223921712375,0.003287902518133449,0.11766470058982305,1.5338817656431132,0.14587845868461682
high,103856,31566,55589,9305,255,1,7137,16466,0.3039400708673548,0.5352507317824681,0.08959520875057772,0.002455322754583269,9.628716684640272e-06,0.06872015097827762,1.6036070748074511,0.1585464489292867
high,65923,2719,41489,15045,0,0,6667,9283,0.0412450889674317,0.6293554601580632,0.22822080305811326,0.0,0.0,0.10113314017869332,1.4309202792169218,0.14081580025180893
high,72360,2907,38135,9532,9077,0,12708,13065,0.040174129353233834,0.5270176893311221,0.13173023770038694,0.12544223327805418,0.0,0.17562189054726368,1.874942968870027,0.18055555555555555
high,181150,1423,102374,43505,17684,549,15611,32443,0.007855368479160916,0.5651338669610819,0.24016008832459287,0.09762075627932652,0.003030637593154844,0.08617720121446315,1.6722586413486449,0.179094672922992
high,61057,13278,33489,14124,57,0,106,8651,0.21746892248227068,0.5484874789131468,0.2313248276200927,0.0009335538922646052,0.0,0.00173608267684295,1.467798439882186,0.14168727582422982
high,113161,7755,88804,14915,91,661,932,16329,0.06853067753024451,0.7847579996641952,0.13180335981477717,0.0008041639787559318,0.0058412350544799,0.008236053057148664,1.0333934474467557,0.14429883086929243
high,50662,6423,19310,2470,1,93,22362,7702,0.12678141407761243,0.381153527298567,0.04875449054518179,1.9738660139749715e-05,0.0018356953929967233,0.4413959180450831,1.6584171887524133,0.1520271603963523
high,117623,15524,87481,8091,9,0,6517,20424,0.131980990112478,0.7437405949516677,0.06878756705746325,7.65156474499035e-05,0.0,0.05540583049233568,1.2012059170246694,0.1736395092796477
high,107369,572,45531,56563,0,0,4700,18560,0.005327422254095689,0.42406094869096295,0.5268094142629623,0.0,0.0,0.043774273766170865,1.2497761797663747,0.17286181300002795
high,65875,3375,48200,13582,189,0,527,10674,0.051233396584440226,0.7316888045540797,0.20617836812144213,0.002869070208728653,0.0,0.008,1.0990342028363755,0.16203415559772297
high,92567,14286,49081,10221,825,333,17818,13307,0.15433145721477418,0.5302213531820195,0.11041731934706753,0.00891246340488511,0.00359739431978999,0.19248760357362776,1.7998777253249263,0.1437553339743105
high,63002,2530,42714,9335,0,0,8422,9823,0.040157455318878765,0.67797847687375,0.14816989936827402,0.0,0.0,0.13367829592711342,1.3626425480841964,0.15591568521634233
high,53992,20922,27397,5382,0,0,289,8678,0.38750185212624094,0.5074270262261076,0.09968143428656097,0.0,0.0,0.0053526448362720405,1.398610809884481,0.16072751518743517
high,120807,24830,79989,13227,6,0,2753,17795,0.20553444750718086,0.6621222280165885,0.10948868856937098,4.96659961757183e-05,0.0,0.02278841457862541,1.3374207152160023,0.14730106699115117
high,101930,529,74492,14486,998,127,11296,14674,0.00518983616207201,0.7308152653782007,0.14211713921318553,0.009791033061905229,0.0012459531050721083,0.11082115177082312,1.1991484988614474,0.14396154223486707
high,66105,1785,48103,15937,151,33,93,11871,0.0270024960290447,0.7276756674986763,0.2410861508206641,0.0022842447621208685,0.0004992058089403222,0.0014068527342863625,1.0080845779736791,0.1795779441797141
